[2025-09-23T15:50:25.051+0800][info][gc,init] CardTable entry size: 512
[2025-09-23T15:50:25.051+0800][info][gc     ] Using G1
[2025-09-23T15:50:25.299+0800][info][gc,init] Version: 21.0.8+9-Ubuntu-0ubuntu122.04.1 (release)
[2025-09-23T15:50:25.300+0800][info][gc,init] CPUs: 8 total, 8 available
[2025-09-23T15:50:25.300+0800][info][gc,init] Memory: 31169M
[2025-09-23T15:50:25.300+0800][info][gc,init] Large Page Support: Disabled
[2025-09-23T15:50:25.300+0800][info][gc,init] NUMA Support: Disabled
[2025-09-23T15:50:25.300+0800][info][gc,init] Compressed Oops: Enabled (Zero based)
[2025-09-23T15:50:25.300+0800][info][gc,init] Heap Region Size: 16M
[2025-09-23T15:50:25.300+0800][info][gc,init] Heap Min Capacity: 4G
[2025-09-23T15:50:25.300+0800][info][gc,init] Heap Initial Capacity: 4G
[2025-09-23T15:50:25.300+0800][info][gc,init] Heap Max Capacity: 24G
[2025-09-23T15:50:25.300+0800][info][gc,init] Pre-touch: Enabled
[2025-09-23T15:50:25.300+0800][info][gc,init] Parallel Workers: 8
[2025-09-23T15:50:25.300+0800][info][gc,init] Concurrent Workers: 2
[2025-09-23T15:50:25.300+0800][info][gc,init] Concurrent Refinement Workers: 8
[2025-09-23T15:50:25.300+0800][info][gc,init] Periodic GC: Disabled
[2025-09-23T15:50:25.305+0800][info][gc,metaspace] CDS archive(s) mapped at: [0x00007f1a7b000000-0x00007f1a7bca0000-0x00007f1a7bca0000), size 13238272, SharedBaseAddress: 0x00007f1a7b000000, ArchiveRelocationMode: 1.
[2025-09-23T15:50:25.305+0800][info][gc,metaspace] Compressed class space mapped at: 0x00007f1a7c000000-0x00007f1abc000000, reserved size: 1073741824
[2025-09-23T15:50:25.305+0800][info][gc,metaspace] Narrow klass base: 0x00007f1a7b000000, Narrow klass shift: 0, Narrow klass range: 0x100000000
[2025-09-23T15:50:26.046+0800][info][gc,start    ] GC(0) Pause Young (Concurrent Start) (CodeCache GC Threshold)
[2025-09-23T15:50:26.046+0800][info][gc,task     ] GC(0) Using 8 workers of 8 for evacuation
[2025-09-23T15:50:26.050+0800][info][gc,phases   ] GC(0)   Pre Evacuate Collection Set: 0.1ms
[2025-09-23T15:50:26.050+0800][info][gc,phases   ] GC(0)   Merge Heap Roots: 0.2ms
[2025-09-23T15:50:26.050+0800][info][gc,phases   ] GC(0)   Evacuate Collection Set: 3.1ms
[2025-09-23T15:50:26.050+0800][info][gc,phases   ] GC(0)   Post Evacuate Collection Set: 0.4ms
[2025-09-23T15:50:26.050+0800][info][gc,phases   ] GC(0)   Other: 0.0ms
[2025-09-23T15:50:26.050+0800][info][gc,heap     ] GC(0) Eden regions: 7->0(11)
[2025-09-23T15:50:26.050+0800][info][gc,heap     ] GC(0) Survivor regions: 0->1(2)
[2025-09-23T15:50:26.050+0800][info][gc,heap     ] GC(0) Old regions: 1->1
[2025-09-23T15:50:26.050+0800][info][gc,heap     ] GC(0) Humongous regions: 0->0
[2025-09-23T15:50:26.050+0800][info][gc,metaspace] GC(0) Metaspace: 18306K(18752K)->18306K(18752K) NonClass: 15802K(16064K)->15802K(16064K) Class: 2504K(2688K)->2504K(2688K)
[2025-09-23T15:50:26.050+0800][info][gc          ] GC(0) Pause Young (Concurrent Start) (CodeCache GC Threshold) 108M->9M(4112M) 3.958ms
[2025-09-23T15:50:26.050+0800][info][gc,cpu      ] GC(0) User=0.02s Sys=0.00s Real=0.00s
[2025-09-23T15:50:26.050+0800][info][gc          ] GC(1) Concurrent Mark Cycle
[2025-09-23T15:50:26.050+0800][info][gc,marking  ] GC(1) Concurrent Scan Root Regions
[2025-09-23T15:50:26.054+0800][info][gc,marking  ] GC(1) Concurrent Scan Root Regions 3.833ms
[2025-09-23T15:50:26.054+0800][info][gc,marking  ] GC(1) Concurrent Mark
[2025-09-23T15:50:26.054+0800][info][gc,marking  ] GC(1) Concurrent Mark From Roots
[2025-09-23T15:50:26.054+0800][info][gc,task     ] GC(1) Using 2 workers of 2 for marking
[2025-09-23T15:50:26.055+0800][info][gc,marking  ] GC(1) Concurrent Mark From Roots 1.416ms
[2025-09-23T15:50:26.055+0800][info][gc,marking  ] GC(1) Concurrent Preclean
[2025-09-23T15:50:26.055+0800][info][gc,marking  ] GC(1) Concurrent Preclean 0.006ms
[2025-09-23T15:50:26.055+0800][info][gc,start    ] GC(1) Pause Remark
[2025-09-23T15:50:26.056+0800][info][gc          ] GC(1) Pause Remark 15M->15M(4096M) 0.911ms
[2025-09-23T15:50:26.056+0800][info][gc,cpu      ] GC(1) User=0.00s Sys=0.00s Real=0.00s
[2025-09-23T15:50:26.056+0800][info][gc,marking  ] GC(1) Concurrent Mark 2.479ms
[2025-09-23T15:50:26.056+0800][info][gc,marking  ] GC(1) Concurrent Rebuild Remembered Sets and Scrub Regions
[2025-09-23T15:50:26.057+0800][info][gc,marking  ] GC(1) Concurrent Rebuild Remembered Sets and Scrub Regions 0.922ms
[2025-09-23T15:50:26.057+0800][info][gc,start    ] GC(1) Pause Cleanup
[2025-09-23T15:50:26.057+0800][info][gc          ] GC(1) Pause Cleanup 15M->15M(4096M) 0.064ms
[2025-09-23T15:50:26.057+0800][info][gc,cpu      ] GC(1) User=0.00s Sys=0.00s Real=0.00s
[2025-09-23T15:50:26.058+0800][info][gc,marking  ] GC(1) Concurrent Clear Claimed Marks
[2025-09-23T15:50:26.058+0800][info][gc,marking  ] GC(1) Concurrent Clear Claimed Marks 0.015ms
[2025-09-23T15:50:26.058+0800][info][gc,marking  ] GC(1) Concurrent Cleanup for Next Mark
[2025-09-23T15:50:26.061+0800][info][gc,marking  ] GC(1) Concurrent Cleanup for Next Mark 3.152ms
[2025-09-23T15:50:26.061+0800][info][gc          ] GC(1) Concurrent Mark Cycle 10.691ms
[2025-09-23T15:50:28.701+0800][info][gc,start    ] GC(2) Pause Young (Prepare Mixed) (G1 Evacuation Pause)
[2025-09-23T15:50:28.701+0800][info][gc,task     ] GC(2) Using 8 workers of 8 for evacuation
[2025-09-23T15:50:28.707+0800][info][gc,phases   ] GC(2)   Pre Evacuate Collection Set: 0.1ms
[2025-09-23T15:50:28.707+0800][info][gc,phases   ] GC(2)   Merge Heap Roots: 0.1ms
[2025-09-23T15:50:28.707+0800][info][gc,phases   ] GC(2)   Evacuate Collection Set: 5.4ms
[2025-09-23T15:50:28.707+0800][info][gc,phases   ] GC(2)   Post Evacuate Collection Set: 0.7ms
[2025-09-23T15:50:28.707+0800][info][gc,phases   ] GC(2)   Other: 0.1ms
[2025-09-23T15:50:28.707+0800][info][gc,heap     ] GC(2) Eden regions: 11->0(10)
[2025-09-23T15:50:28.707+0800][info][gc,heap     ] GC(2) Survivor regions: 1->2(2)
[2025-09-23T15:50:28.707+0800][info][gc,heap     ] GC(2) Old regions: 1->1
[2025-09-23T15:50:28.707+0800][info][gc,heap     ] GC(2) Humongous regions: 0->0
[2025-09-23T15:50:28.707+0800][info][gc,metaspace] GC(2) Metaspace: 30473K(31040K)->30473K(31040K) NonClass: 26138K(26432K)->26138K(26432K) Class: 4335K(4608K)->4335K(4608K)
[2025-09-23T15:50:28.707+0800][info][gc          ] GC(2) Pause Young (Prepare Mixed) (G1 Evacuation Pause) 185M->26M(4096M) 6.396ms
[2025-09-23T15:50:28.707+0800][info][gc,cpu      ] GC(2) User=0.04s Sys=0.00s Real=0.01s
[2025-09-23T15:50:31.262+0800][info][gc,start    ] GC(3) Pause Young (Mixed) (G1 Evacuation Pause)
[2025-09-23T15:50:31.262+0800][info][gc,task     ] GC(3) Using 8 workers of 8 for evacuation
[2025-09-23T15:50:31.270+0800][info][gc,phases   ] GC(3)   Pre Evacuate Collection Set: 0.1ms
[2025-09-23T15:50:31.270+0800][info][gc,phases   ] GC(3)   Merge Heap Roots: 0.1ms
[2025-09-23T15:50:31.270+0800][info][gc,phases   ] GC(3)   Evacuate Collection Set: 7.1ms
[2025-09-23T15:50:31.270+0800][info][gc,phases   ] GC(3)   Post Evacuate Collection Set: 1.0ms
[2025-09-23T15:50:31.270+0800][info][gc,phases   ] GC(3)   Other: 0.0ms
[2025-09-23T15:50:31.270+0800][info][gc,heap     ] GC(3) Eden regions: 10->0(10)
[2025-09-23T15:50:31.270+0800][info][gc,heap     ] GC(3) Survivor regions: 2->2(2)
[2025-09-23T15:50:31.270+0800][info][gc,heap     ] GC(3) Old regions: 1->1
[2025-09-23T15:50:31.270+0800][info][gc,heap     ] GC(3) Humongous regions: 0->0
[2025-09-23T15:50:31.270+0800][info][gc,metaspace] GC(3) Metaspace: 30473K(31040K)->30473K(31040K) NonClass: 26138K(26432K)->26138K(26432K) Class: 4335K(4608K)->4335K(4608K)
[2025-09-23T15:50:31.270+0800][info][gc          ] GC(3) Pause Young (Mixed) (G1 Evacuation Pause) 186M->40M(4096M) 8.374ms
[2025-09-23T15:50:31.270+0800][info][gc,cpu      ] GC(3) User=0.06s Sys=0.00s Real=0.01s
[2025-09-23T15:50:33.765+0800][info][gc,start    ] GC(4) Pause Young (Normal) (G1 Evacuation Pause)
[2025-09-23T15:50:33.765+0800][info][gc,task     ] GC(4) Using 8 workers of 8 for evacuation
[2025-09-23T15:50:33.770+0800][info][gc,phases   ] GC(4)   Pre Evacuate Collection Set: 0.1ms
[2025-09-23T15:50:33.770+0800][info][gc,phases   ] GC(4)   Merge Heap Roots: 0.1ms
[2025-09-23T15:50:33.770+0800][info][gc,phases   ] GC(4)   Evacuate Collection Set: 3.7ms
[2025-09-23T15:50:33.770+0800][info][gc,phases   ] GC(4)   Post Evacuate Collection Set: 0.3ms
[2025-09-23T15:50:33.770+0800][info][gc,phases   ] GC(4)   Other: 0.0ms
[2025-09-23T15:50:33.770+0800][info][gc,heap     ] GC(4) Eden regions: 10->0(10)
[2025-09-23T15:50:33.770+0800][info][gc,heap     ] GC(4) Survivor regions: 2->2(2)
[2025-09-23T15:50:33.770+0800][info][gc,heap     ] GC(4) Old regions: 1->2
[2025-09-23T15:50:33.770+0800][info][gc,heap     ] GC(4) Humongous regions: 0->0
[2025-09-23T15:50:33.770+0800][info][gc,metaspace] GC(4) Metaspace: 30473K(31040K)->30473K(31040K) NonClass: 26138K(26432K)->26138K(26432K) Class: 4335K(4608K)->4335K(4608K)
[2025-09-23T15:50:33.770+0800][info][gc          ] GC(4) Pause Young (Normal) (G1 Evacuation Pause) 200M->57M(4096M) 4.259ms
[2025-09-23T15:50:33.770+0800][info][gc,cpu      ] GC(4) User=0.03s Sys=0.00s Real=0.00s
[2025-09-23T15:50:36.233+0800][info][gc,start    ] GC(5) Pause Young (Normal) (G1 Evacuation Pause)
[2025-09-23T15:50:36.233+0800][info][gc,task     ] GC(5) Using 8 workers of 8 for evacuation
[2025-09-23T15:50:36.236+0800][info][gc,phases   ] GC(5)   Pre Evacuate Collection Set: 0.1ms
[2025-09-23T15:50:36.236+0800][info][gc,phases   ] GC(5)   Merge Heap Roots: 0.1ms
[2025-09-23T15:50:36.236+0800][info][gc,phases   ] GC(5)   Evacuate Collection Set: 2.4ms
[2025-09-23T15:50:36.236+0800][info][gc,phases   ] GC(5)   Post Evacuate Collection Set: 0.2ms
[2025-09-23T15:50:36.236+0800][info][gc,phases   ] GC(5)   Other: 0.0ms
[2025-09-23T15:50:36.236+0800][info][gc,heap     ] GC(5) Eden regions: 10->0(10)
[2025-09-23T15:50:36.236+0800][info][gc,heap     ] GC(5) Survivor regions: 2->2(2)
[2025-09-23T15:50:36.236+0800][info][gc,heap     ] GC(5) Old regions: 2->3
[2025-09-23T15:50:36.236+0800][info][gc,heap     ] GC(5) Humongous regions: 0->0
[2025-09-23T15:50:36.236+0800][info][gc,metaspace] GC(5) Metaspace: 30473K(31040K)->30473K(31040K) NonClass: 26138K(26432K)->26138K(26432K) Class: 4335K(4608K)->4335K(4608K)
[2025-09-23T15:50:36.236+0800][info][gc          ] GC(5) Pause Young (Normal) (G1 Evacuation Pause) 217M->73M(4096M) 2.807ms
[2025-09-23T15:50:36.236+0800][info][gc,cpu      ] GC(5) User=0.02s Sys=0.00s Real=0.01s
[2025-09-23T15:50:38.672+0800][info][gc,start    ] GC(6) Pause Young (Normal) (G1 Evacuation Pause)
[2025-09-23T15:50:38.672+0800][info][gc,task     ] GC(6) Using 8 workers of 8 for evacuation
[2025-09-23T15:50:38.675+0800][info][gc,phases   ] GC(6)   Pre Evacuate Collection Set: 0.1ms
[2025-09-23T15:50:38.675+0800][info][gc,phases   ] GC(6)   Merge Heap Roots: 0.1ms
[2025-09-23T15:50:38.675+0800][info][gc,phases   ] GC(6)   Evacuate Collection Set: 2.5ms
[2025-09-23T15:50:38.675+0800][info][gc,phases   ] GC(6)   Post Evacuate Collection Set: 0.2ms
[2025-09-23T15:50:38.675+0800][info][gc,phases   ] GC(6)   Other: 0.0ms
[2025-09-23T15:50:38.675+0800][info][gc,heap     ] GC(6) Eden regions: 10->0(16)
[2025-09-23T15:50:38.675+0800][info][gc,heap     ] GC(6) Survivor regions: 2->2(2)
[2025-09-23T15:50:38.675+0800][info][gc,heap     ] GC(6) Old regions: 3->4
[2025-09-23T15:50:38.675+0800][info][gc,heap     ] GC(6) Humongous regions: 0->0
[2025-09-23T15:50:38.675+0800][info][gc,metaspace] GC(6) Metaspace: 30473K(31040K)->30473K(31040K) NonClass: 26138K(26432K)->26138K(26432K) Class: 4335K(4608K)->4335K(4608K)
[2025-09-23T15:50:38.675+0800][info][gc          ] GC(6) Pause Young (Normal) (G1 Evacuation Pause) 233M->88M(4096M) 2.991ms
[2025-09-23T15:50:38.675+0800][info][gc,cpu      ] GC(6) User=0.02s Sys=0.01s Real=0.00s
[2025-09-23T15:50:42.375+0800][info][gc,start    ] GC(7) Pause Young (Normal) (G1 Evacuation Pause)
[2025-09-23T15:50:42.375+0800][info][gc,task     ] GC(7) Using 8 workers of 8 for evacuation
[2025-09-23T15:50:42.379+0800][info][gc,phases   ] GC(7)   Pre Evacuate Collection Set: 0.1ms
[2025-09-23T15:50:42.379+0800][info][gc,phases   ] GC(7)   Merge Heap Roots: 0.1ms
[2025-09-23T15:50:42.379+0800][info][gc,phases   ] GC(7)   Evacuate Collection Set: 3.1ms
[2025-09-23T15:50:42.379+0800][info][gc,phases   ] GC(7)   Post Evacuate Collection Set: 0.2ms
[2025-09-23T15:50:42.379+0800][info][gc,phases   ] GC(7)   Other: 0.0ms
[2025-09-23T15:50:42.379+0800][info][gc,heap     ] GC(7) Eden regions: 15->0(21)
[2025-09-23T15:50:42.379+0800][info][gc,heap     ] GC(7) Survivor regions: 2->3(3)
[2025-09-23T15:50:42.379+0800][info][gc,heap     ] GC(7) Old regions: 4->5
[2025-09-23T15:50:42.379+0800][info][gc,heap     ] GC(7) Humongous regions: 0->0
[2025-09-23T15:50:42.379+0800][info][gc,metaspace] GC(7) Metaspace: 30473K(31040K)->30473K(31040K) NonClass: 26138K(26432K)->26138K(26432K) Class: 4335K(4608K)->4335K(4608K)
[2025-09-23T15:50:42.379+0800][info][gc          ] GC(7) Pause Young (Normal) (G1 Evacuation Pause) 328M->112M(4096M) 3.629ms
[2025-09-23T15:50:42.379+0800][info][gc,cpu      ] GC(7) User=0.02s Sys=0.00s Real=0.00s
[2025-09-23T15:50:47.547+0800][info][gc,start    ] GC(8) Pause Young (Normal) (G1 Evacuation Pause)
[2025-09-23T15:50:47.547+0800][info][gc,task     ] GC(8) Using 8 workers of 8 for evacuation
[2025-09-23T15:50:47.551+0800][info][gc,phases   ] GC(8)   Pre Evacuate Collection Set: 0.1ms
[2025-09-23T15:50:47.551+0800][info][gc,phases   ] GC(8)   Merge Heap Roots: 0.1ms
[2025-09-23T15:50:47.551+0800][info][gc,phases   ] GC(8)   Evacuate Collection Set: 4.1ms
[2025-09-23T15:50:47.551+0800][info][gc,phases   ] GC(8)   Post Evacuate Collection Set: 0.2ms
[2025-09-23T15:50:47.551+0800][info][gc,phases   ] GC(8)   Other: 0.1ms
[2025-09-23T15:50:47.551+0800][info][gc,heap     ] GC(8) Eden regions: 21->0(20)
[2025-09-23T15:50:47.551+0800][info][gc,heap     ] GC(8) Survivor regions: 3->3(3)
[2025-09-23T15:50:47.551+0800][info][gc,heap     ] GC(8) Old regions: 5->6
[2025-09-23T15:50:47.551+0800][info][gc,heap     ] GC(8) Humongous regions: 0->0
[2025-09-23T15:50:47.551+0800][info][gc,metaspace] GC(8) Metaspace: 30473K(31040K)->30473K(31040K) NonClass: 26138K(26432K)->26138K(26432K) Class: 4335K(4608K)->4335K(4608K)
[2025-09-23T15:50:47.551+0800][info][gc          ] GC(8) Pause Young (Normal) (G1 Evacuation Pause) 448M->140M(4096M) 4.618ms
[2025-09-23T15:50:47.551+0800][info][gc,cpu      ] GC(8) User=0.03s Sys=0.00s Real=0.00s
[2025-09-23T15:50:52.496+0800][info][gc,start    ] GC(9) Pause Young (Normal) (G1 Evacuation Pause)
[2025-09-23T15:50:52.496+0800][info][gc,task     ] GC(9) Using 8 workers of 8 for evacuation
[2025-09-23T15:50:52.500+0800][info][gc,phases   ] GC(9)   Pre Evacuate Collection Set: 0.1ms
[2025-09-23T15:50:52.500+0800][info][gc,phases   ] GC(9)   Merge Heap Roots: 0.1ms
[2025-09-23T15:50:52.500+0800][info][gc,phases   ] GC(9)   Evacuate Collection Set: 4.5ms
[2025-09-23T15:50:52.500+0800][info][gc,phases   ] GC(9)   Post Evacuate Collection Set: 0.2ms
[2025-09-23T15:50:52.501+0800][info][gc,phases   ] GC(9)   Other: 0.0ms
[2025-09-23T15:50:52.501+0800][info][gc,heap     ] GC(9) Eden regions: 20->0(36)
[2025-09-23T15:50:52.501+0800][info][gc,heap     ] GC(9) Survivor regions: 3->3(3)
[2025-09-23T15:50:52.501+0800][info][gc,heap     ] GC(9) Old regions: 6->9
[2025-09-23T15:50:52.501+0800][info][gc,heap     ] GC(9) Humongous regions: 0->0
[2025-09-23T15:50:52.501+0800][info][gc,metaspace] GC(9) Metaspace: 30473K(31040K)->30473K(31040K) NonClass: 26138K(26432K)->26138K(26432K) Class: 4335K(4608K)->4335K(4608K)
[2025-09-23T15:50:52.501+0800][info][gc          ] GC(9) Pause Young (Normal) (G1 Evacuation Pause) 460M->177M(4096M) 5.003ms
[2025-09-23T15:50:52.501+0800][info][gc,cpu      ] GC(9) User=0.04s Sys=0.00s Real=0.00s
[2025-09-23T15:51:00.863+0800][info][gc,start    ] GC(10) Pause Young (Normal) (G1 Evacuation Pause)
[2025-09-23T15:51:00.864+0800][info][gc,task     ] GC(10) Using 8 workers of 8 for evacuation
[2025-09-23T15:51:00.869+0800][info][gc,phases   ] GC(10)   Pre Evacuate Collection Set: 0.1ms
[2025-09-23T15:51:00.869+0800][info][gc,phases   ] GC(10)   Merge Heap Roots: 0.1ms
[2025-09-23T15:51:00.869+0800][info][gc,phases   ] GC(10)   Evacuate Collection Set: 5.1ms
[2025-09-23T15:51:00.869+0800][info][gc,phases   ] GC(10)   Post Evacuate Collection Set: 0.2ms
[2025-09-23T15:51:00.869+0800][info][gc,phases   ] GC(10)   Other: 0.0ms
[2025-09-23T15:51:00.869+0800][info][gc,heap     ] GC(10) Eden regions: 34->0(42)
[2025-09-23T15:51:00.869+0800][info][gc,heap     ] GC(10) Survivor regions: 3->5(5)
[2025-09-23T15:51:00.869+0800][info][gc,heap     ] GC(10) Old regions: 9->10
[2025-09-23T15:51:00.869+0800][info][gc,heap     ] GC(10) Humongous regions: 0->0
[2025-09-23T15:51:00.869+0800][info][gc,metaspace] GC(10) Metaspace: 30473K(31040K)->30473K(31040K) NonClass: 26138K(26432K)->26138K(26432K) Class: 4335K(4608K)->4335K(4608K)
[2025-09-23T15:51:00.869+0800][info][gc          ] GC(10) Pause Young (Normal) (G1 Evacuation Pause) 721M->227M(4096M) 5.623ms
[2025-09-23T15:51:00.869+0800][info][gc,cpu      ] GC(10) User=0.03s Sys=0.00s Real=0.00s
[2025-09-23T15:51:10.273+0800][info][gc,start    ] GC(11) Pause Young (Normal) (G1 Evacuation Pause)
[2025-09-23T15:51:10.273+0800][info][gc,task     ] GC(11) Using 8 workers of 8 for evacuation
[2025-09-23T15:51:10.284+0800][info][gc,phases   ] GC(11)   Pre Evacuate Collection Set: 0.1ms
[2025-09-23T15:51:10.284+0800][info][gc,phases   ] GC(11)   Merge Heap Roots: 0.1ms
[2025-09-23T15:51:10.284+0800][info][gc,phases   ] GC(11)   Evacuate Collection Set: 10.4ms
[2025-09-23T15:51:10.284+0800][info][gc,phases   ] GC(11)   Post Evacuate Collection Set: 0.2ms
[2025-09-23T15:51:10.284+0800][info][gc,phases   ] GC(11)   Other: 0.1ms
[2025-09-23T15:51:10.284+0800][info][gc,heap     ] GC(11) Eden regions: 39->0(48)
[2025-09-23T15:51:10.284+0800][info][gc,heap     ] GC(11) Survivor regions: 5->4(6)
[2025-09-23T15:51:10.284+0800][info][gc,heap     ] GC(11) Old regions: 10->15
[2025-09-23T15:51:10.284+0800][info][gc,heap     ] GC(11) Humongous regions: 0->0
[2025-09-23T15:51:10.284+0800][info][gc,metaspace] GC(11) Metaspace: 30473K(31040K)->30473K(31040K) NonClass: 26138K(26432K)->26138K(26432K) Class: 4335K(4608K)->4335K(4608K)
[2025-09-23T15:51:10.284+0800][info][gc          ] GC(11) Pause Young (Normal) (G1 Evacuation Pause) 851M->293M(4096M) 10.985ms
[2025-09-23T15:51:10.284+0800][info][gc,cpu      ] GC(11) User=0.08s Sys=0.00s Real=0.02s
[2025-09-23T15:51:21.482+0800][info][gc,start    ] GC(12) Pause Young (Normal) (G1 Evacuation Pause)
[2025-09-23T15:51:21.482+0800][info][gc,task     ] GC(12) Using 8 workers of 8 for evacuation
[2025-09-23T15:51:21.492+0800][info][gc,phases   ] GC(12)   Pre Evacuate Collection Set: 0.1ms
[2025-09-23T15:51:21.492+0800][info][gc,phases   ] GC(12)   Merge Heap Roots: 0.1ms
[2025-09-23T15:51:21.492+0800][info][gc,phases   ] GC(12)   Evacuate Collection Set: 10.0ms
[2025-09-23T15:51:21.492+0800][info][gc,phases   ] GC(12)   Post Evacuate Collection Set: 0.3ms
[2025-09-23T15:51:21.492+0800][info][gc,phases   ] GC(12)   Other: 0.1ms
[2025-09-23T15:51:21.492+0800][info][gc,heap     ] GC(12) Eden regions: 47->0(61)
[2025-09-23T15:51:21.492+0800][info][gc,heap     ] GC(12) Survivor regions: 4->5(7)
[2025-09-23T15:51:21.492+0800][info][gc,heap     ] GC(12) Old regions: 15->19
[2025-09-23T15:51:21.492+0800][info][gc,heap     ] GC(12) Humongous regions: 0->0
[2025-09-23T15:51:21.492+0800][info][gc,metaspace] GC(12) Metaspace: 30473K(31040K)->30473K(31040K) NonClass: 26138K(26432K)->26138K(26432K) Class: 4335K(4608K)->4335K(4608K)
[2025-09-23T15:51:21.492+0800][info][gc          ] GC(12) Pause Young (Normal) (G1 Evacuation Pause) 1045M->368M(4096M) 10.600ms
[2025-09-23T15:51:21.492+0800][info][gc,cpu      ] GC(12) User=0.08s Sys=0.00s Real=0.01s
[2025-09-23T15:51:35.374+0800][info][gc,start    ] GC(13) Pause Young (Normal) (G1 Evacuation Pause)
[2025-09-23T15:51:35.374+0800][info][gc,task     ] GC(13) Using 8 workers of 8 for evacuation
[2025-09-23T15:51:35.384+0800][info][gc,phases   ] GC(13)   Pre Evacuate Collection Set: 0.1ms
[2025-09-23T15:51:35.384+0800][info][gc,phases   ] GC(13)   Merge Heap Roots: 0.1ms
[2025-09-23T15:51:35.384+0800][info][gc,phases   ] GC(13)   Evacuate Collection Set: 9.5ms
[2025-09-23T15:51:35.384+0800][info][gc,phases   ] GC(13)   Post Evacuate Collection Set: 0.2ms
[2025-09-23T15:51:35.384+0800][info][gc,phases   ] GC(13)   Other: 0.1ms
[2025-09-23T15:51:35.384+0800][info][gc,heap     ] GC(13) Eden regions: 59->0(78)
[2025-09-23T15:51:35.384+0800][info][gc,heap     ] GC(13) Survivor regions: 5->6(8)
[2025-09-23T15:51:35.384+0800][info][gc,heap     ] GC(13) Old regions: 19->23
[2025-09-23T15:51:35.384+0800][info][gc,heap     ] GC(13) Humongous regions: 0->0
[2025-09-23T15:51:35.384+0800][info][gc,metaspace] GC(13) Metaspace: 30474K(31040K)->30474K(31040K) NonClass: 26139K(26432K)->26139K(26432K) Class: 4335K(4608K)->4335K(4608K)
[2025-09-23T15:51:35.384+0800][info][gc          ] GC(13) Pause Young (Normal) (G1 Evacuation Pause) 1312M->458M(4096M) 10.119ms
[2025-09-23T15:51:35.384+0800][info][gc,cpu      ] GC(13) User=0.07s Sys=0.01s Real=0.02s
[2025-09-23T15:51:52.985+0800][info][gc,start    ] GC(14) Pause Young (Normal) (G1 Evacuation Pause)
[2025-09-23T15:51:52.985+0800][info][gc,task     ] GC(14) Using 8 workers of 8 for evacuation
[2025-09-23T15:51:53.000+0800][info][gc,phases   ] GC(14)   Pre Evacuate Collection Set: 0.1ms
[2025-09-23T15:51:53.000+0800][info][gc,phases   ] GC(14)   Merge Heap Roots: 0.1ms
[2025-09-23T15:51:53.000+0800][info][gc,phases   ] GC(14)   Evacuate Collection Set: 15.1ms
[2025-09-23T15:51:53.000+0800][info][gc,phases   ] GC(14)   Post Evacuate Collection Set: 0.3ms
[2025-09-23T15:51:53.000+0800][info][gc,phases   ] GC(14)   Other: 0.0ms
[2025-09-23T15:51:53.000+0800][info][gc,heap     ] GC(14) Eden regions: 76->0(97)
[2025-09-23T15:51:53.000+0800][info][gc,heap     ] GC(14) Survivor regions: 6->11(11)
[2025-09-23T15:51:53.000+0800][info][gc,heap     ] GC(14) Old regions: 23->25
[2025-09-23T15:51:53.000+0800][info][gc,heap     ] GC(14) Humongous regions: 0->0
[2025-09-23T15:51:53.000+0800][info][gc,metaspace] GC(14) Metaspace: 30474K(31040K)->30474K(31040K) NonClass: 26139K(26432K)->26139K(26432K) Class: 4335K(4608K)->4335K(4608K)
[2025-09-23T15:51:53.000+0800][info][gc          ] GC(14) Pause Young (Normal) (G1 Evacuation Pause) 1674M->571M(4096M) 15.795ms
[2025-09-23T15:51:53.000+0800][info][gc,cpu      ] GC(14) User=0.12s Sys=0.00s Real=0.01s
[2025-09-23T15:52:13.992+0800][info][gc,start    ] GC(15) Pause Young (Normal) (G1 Evacuation Pause)
[2025-09-23T15:52:13.992+0800][info][gc,task     ] GC(15) Using 8 workers of 8 for evacuation
[2025-09-23T15:52:14.014+0800][info][gc,phases   ] GC(15)   Pre Evacuate Collection Set: 0.1ms
[2025-09-23T15:52:14.014+0800][info][gc,phases   ] GC(15)   Merge Heap Roots: 0.1ms
[2025-09-23T15:52:14.014+0800][info][gc,phases   ] GC(15)   Evacuate Collection Set: 20.8ms
[2025-09-23T15:52:14.014+0800][info][gc,phases   ] GC(15)   Post Evacuate Collection Set: 0.3ms
[2025-09-23T15:52:14.014+0800][info][gc,phases   ] GC(15)   Other: 0.0ms
[2025-09-23T15:52:14.014+0800][info][gc,heap     ] GC(15) Eden regions: 94->0(94)
[2025-09-23T15:52:14.014+0800][info][gc,heap     ] GC(15) Survivor regions: 11->14(14)
[2025-09-23T15:52:14.014+0800][info][gc,heap     ] GC(15) Old regions: 25->31
[2025-09-23T15:52:14.014+0800][info][gc,heap     ] GC(15) Humongous regions: 0->0
[2025-09-23T15:52:14.014+0800][info][gc,metaspace] GC(15) Metaspace: 30474K(31040K)->30474K(31040K) NonClass: 26139K(26432K)->26139K(26432K) Class: 4335K(4608K)->4335K(4608K)
[2025-09-23T15:52:14.014+0800][info][gc          ] GC(15) Pause Young (Normal) (G1 Evacuation Pause) 2075M->718M(4096M) 21.450ms
[2025-09-23T15:52:14.014+0800][info][gc,cpu      ] GC(15) User=0.17s Sys=0.00s Real=0.02s
[2025-09-23T15:52:34.259+0800][info][gc,start    ] GC(16) Pause Young (Normal) (G1 Evacuation Pause)
[2025-09-23T15:52:34.259+0800][info][gc,task     ] GC(16) Using 8 workers of 8 for evacuation
[2025-09-23T15:52:34.283+0800][info][gc,phases   ] GC(16)   Pre Evacuate Collection Set: 0.1ms
[2025-09-23T15:52:34.283+0800][info][gc,phases   ] GC(16)   Merge Heap Roots: 0.2ms
[2025-09-23T15:52:34.283+0800][info][gc,phases   ] GC(16)   Evacuate Collection Set: 22.8ms
[2025-09-23T15:52:34.283+0800][info][gc,phases   ] GC(16)   Post Evacuate Collection Set: 0.3ms
[2025-09-23T15:52:34.283+0800][info][gc,phases   ] GC(16)   Other: 0.1ms
[2025-09-23T15:52:34.283+0800][info][gc,heap     ] GC(16) Eden regions: 91->0(138)
[2025-09-23T15:52:34.283+0800][info][gc,heap     ] GC(16) Survivor regions: 14->10(14)
[2025-09-23T15:52:34.283+0800][info][gc,heap     ] GC(16) Old regions: 31->46
[2025-09-23T15:52:34.283+0800][info][gc,heap     ] GC(16) Humongous regions: 0->0
[2025-09-23T15:52:34.283+0800][info][gc,metaspace] GC(16) Metaspace: 30474K(31040K)->30474K(31040K) NonClass: 26139K(26432K)->26139K(26432K) Class: 4335K(4608K)->4335K(4608K)
[2025-09-23T15:52:34.283+0800][info][gc          ] GC(16) Pause Young (Normal) (G1 Evacuation Pause) 2174M->890M(4096M) 23.610ms
[2025-09-23T15:52:34.283+0800][info][gc,cpu      ] GC(16) User=0.18s Sys=0.00s Real=0.03s
[2025-09-23T15:53:02.926+0800][info][gc,start    ] GC(17) Pause Young (Normal) (G1 Evacuation Pause)
[2025-09-23T15:53:02.926+0800][info][gc,task     ] GC(17) Using 8 workers of 8 for evacuation
[2025-09-23T15:53:02.951+0800][info][gc,phases   ] GC(17)   Pre Evacuate Collection Set: 0.1ms
[2025-09-23T15:53:02.951+0800][info][gc,phases   ] GC(17)   Merge Heap Roots: 0.2ms
[2025-09-23T15:53:02.951+0800][info][gc,phases   ] GC(17)   Evacuate Collection Set: 24.7ms
[2025-09-23T15:53:02.951+0800][info][gc,phases   ] GC(17)   Post Evacuate Collection Set: 0.3ms
[2025-09-23T15:53:02.951+0800][info][gc,phases   ] GC(17)   Other: 0.1ms
[2025-09-23T15:53:02.951+0800][info][gc,heap     ] GC(17) Eden regions: 132->0(135)
[2025-09-23T15:53:02.951+0800][info][gc,heap     ] GC(17) Survivor regions: 10->18(18)
[2025-09-23T15:53:02.951+0800][info][gc,heap     ] GC(17) Old regions: 46->50
[2025-09-23T15:53:02.951+0800][info][gc,heap     ] GC(17) Humongous regions: 0->0
[2025-09-23T15:53:02.951+0800][info][gc,metaspace] GC(17) Metaspace: 30474K(31040K)->30474K(31040K) NonClass: 26139K(26432K)->26139K(26432K) Class: 4335K(4608K)->4335K(4608K)
[2025-09-23T15:53:02.951+0800][info][gc          ] GC(17) Pause Young (Normal) (G1 Evacuation Pause) 3002M->1076M(4096M) 25.491ms
[2025-09-23T15:53:02.951+0800][info][gc,cpu      ] GC(17) User=0.19s Sys=0.00s Real=0.02s
[2025-09-23T15:53:31.325+0800][info][gc,start    ] GC(18) Pause Young (Normal) (G1 Evacuation Pause)
[2025-09-23T15:53:31.325+0800][info][gc,task     ] GC(18) Using 8 workers of 8 for evacuation
[2025-09-23T15:53:31.355+0800][info][gc,phases   ] GC(18)   Pre Evacuate Collection Set: 0.1ms
[2025-09-23T15:53:31.355+0800][info][gc,phases   ] GC(18)   Merge Heap Roots: 0.2ms
[2025-09-23T15:53:31.355+0800][info][gc,phases   ] GC(18)   Evacuate Collection Set: 29.5ms
[2025-09-23T15:53:31.355+0800][info][gc,phases   ] GC(18)   Post Evacuate Collection Set: 0.3ms
[2025-09-23T15:53:31.355+0800][info][gc,phases   ] GC(18)   Other: 0.1ms
[2025-09-23T15:53:31.355+0800][info][gc,heap     ] GC(18) Eden regions: 135->0(137)
[2025-09-23T15:53:31.355+0800][info][gc,heap     ] GC(18) Survivor regions: 18->14(20)
[2025-09-23T15:53:31.355+0800][info][gc,heap     ] GC(18) Old regions: 50->68
[2025-09-23T15:53:31.355+0800][info][gc,heap     ] GC(18) Humongous regions: 0->0
[2025-09-23T15:53:31.355+0800][info][gc,metaspace] GC(18) Metaspace: 30474K(31040K)->30474K(31040K) NonClass: 26139K(26432K)->26139K(26432K) Class: 4335K(4608K)->4335K(4608K)
[2025-09-23T15:53:31.355+0800][info][gc          ] GC(18) Pause Young (Normal) (G1 Evacuation Pause) 3236M->1312M(4096M) 30.249ms
[2025-09-23T15:53:31.355+0800][info][gc,cpu      ] GC(18) User=0.24s Sys=0.00s Real=0.03s
[2025-09-23T15:53:59.888+0800][info][gc,start    ] GC(19) Pause Young (Normal) (G1 Evacuation Pause)
[2025-09-23T15:53:59.888+0800][info][gc,task     ] GC(19) Using 8 workers of 8 for evacuation
[2025-09-23T15:53:59.912+0800][info][gc,phases   ] GC(19)   Pre Evacuate Collection Set: 0.1ms
[2025-09-23T15:53:59.913+0800][info][gc,phases   ] GC(19)   Merge Heap Roots: 0.2ms
[2025-09-23T15:53:59.913+0800][info][gc,phases   ] GC(19)   Evacuate Collection Set: 23.5ms
[2025-09-23T15:53:59.913+0800][info][gc,phases   ] GC(19)   Post Evacuate Collection Set: 0.3ms
[2025-09-23T15:53:59.913+0800][info][gc,phases   ] GC(19)   Other: 0.0ms
[2025-09-23T15:53:59.913+0800][info][gc,heap     ] GC(19) Eden regions: 137->0(129)
[2025-09-23T15:53:59.913+0800][info][gc,heap     ] GC(19) Survivor regions: 14->14(19)
[2025-09-23T15:53:59.913+0800][info][gc,heap     ] GC(19) Old regions: 68->82
[2025-09-23T15:53:59.913+0800][info][gc,heap     ] GC(19) Humongous regions: 0->0
[2025-09-23T15:53:59.913+0800][info][gc,metaspace] GC(19) Metaspace: 30474K(31040K)->30474K(31040K) NonClass: 26139K(26432K)->26139K(26432K) Class: 4335K(4608K)->4335K(4608K)
[2025-09-23T15:53:59.913+0800][info][gc          ] GC(19) Pause Young (Normal) (G1 Evacuation Pause) 3504M->1515M(4096M) 24.363ms
[2025-09-23T15:53:59.913+0800][info][gc,cpu      ] GC(19) User=0.19s Sys=0.00s Real=0.02s
[2025-09-23T15:54:25.926+0800][info][gc,start    ] GC(20) Pause Young (Normal) (G1 Evacuation Pause)
[2025-09-23T15:54:25.926+0800][info][gc,task     ] GC(20) Using 8 workers of 8 for evacuation
[2025-09-23T15:54:25.951+0800][info][gc,phases   ] GC(20)   Pre Evacuate Collection Set: 0.1ms
[2025-09-23T15:54:25.951+0800][info][gc,phases   ] GC(20)   Merge Heap Roots: 0.2ms
[2025-09-23T15:54:25.951+0800][info][gc,phases   ] GC(20)   Evacuate Collection Set: 23.4ms
[2025-09-23T15:54:25.951+0800][info][gc,phases   ] GC(20)   Post Evacuate Collection Set: 0.4ms
[2025-09-23T15:54:25.951+0800][info][gc,phases   ] GC(20)   Other: 0.0ms
[2025-09-23T15:54:25.951+0800][info][gc,heap     ] GC(20) Eden regions: 129->0(121)
[2025-09-23T15:54:25.951+0800][info][gc,heap     ] GC(20) Survivor regions: 14->13(18)
[2025-09-23T15:54:25.951+0800][info][gc,heap     ] GC(20) Old regions: 82->95
[2025-09-23T15:54:25.951+0800][info][gc,heap     ] GC(20) Humongous regions: 0->0
[2025-09-23T15:54:25.951+0800][info][gc,metaspace] GC(20) Metaspace: 30497K(31104K)->30497K(31104K) NonClass: 26160K(26496K)->26160K(26496K) Class: 4336K(4608K)->4336K(4608K)
[2025-09-23T15:54:25.951+0800][info][gc          ] GC(20) Pause Young (Normal) (G1 Evacuation Pause) 3579M->1721M(4096M) 24.280ms
[2025-09-23T15:54:25.951+0800][info][gc,cpu      ] GC(20) User=0.19s Sys=0.00s Real=0.02s
[2025-09-23T15:54:35.359+0800][info][gc,start    ] GC(21) Pause Young (Normal) (G1 Evacuation Pause)
[2025-09-23T15:54:35.359+0800][info][gc,task     ] GC(21) Using 8 workers of 8 for evacuation
[2025-09-23T15:54:35.373+0800][info][gc,phases   ] GC(21)   Pre Evacuate Collection Set: 0.1ms
[2025-09-23T15:54:35.373+0800][info][gc,phases   ] GC(21)   Merge Heap Roots: 0.2ms
[2025-09-23T15:54:35.373+0800][info][gc,phases   ] GC(21)   Evacuate Collection Set: 13.9ms
[2025-09-23T15:54:35.373+0800][info][gc,phases   ] GC(21)   Post Evacuate Collection Set: 0.3ms
[2025-09-23T15:54:35.373+0800][info][gc,phases   ] GC(21)   Other: 0.0ms
[2025-09-23T15:54:35.373+0800][info][gc,heap     ] GC(21) Eden regions: 121->0(121)
[2025-09-23T15:54:35.374+0800][info][gc,heap     ] GC(21) Survivor regions: 13->4(17)
[2025-09-23T15:54:35.374+0800][info][gc,heap     ] GC(21) Old regions: 95->108
[2025-09-23T15:54:35.374+0800][info][gc,heap     ] GC(21) Humongous regions: 0->0
[2025-09-23T15:54:35.374+0800][info][gc,metaspace] GC(21) Metaspace: 30497K(31104K)->30497K(31104K) NonClass: 26160K(26496K)->26160K(26496K) Class: 4336K(4608K)->4336K(4608K)
[2025-09-23T15:54:35.374+0800][info][gc          ] GC(21) Pause Young (Normal) (G1 Evacuation Pause) 3657M->1777M(4096M) 14.779ms
[2025-09-23T15:54:35.374+0800][info][gc,cpu      ] GC(21) User=0.10s Sys=0.00s Real=0.01s
[2025-09-23T15:54:44.998+0800][info][gc,start    ] GC(22) Pause Young (Normal) (G1 Evacuation Pause)
[2025-09-23T15:54:44.998+0800][info][gc,task     ] GC(22) Using 8 workers of 8 for evacuation
[2025-09-23T15:54:45.005+0800][info][gc,phases   ] GC(22)   Pre Evacuate Collection Set: 0.1ms
[2025-09-23T15:54:45.005+0800][info][gc,phases   ] GC(22)   Merge Heap Roots: 0.2ms
[2025-09-23T15:54:45.005+0800][info][gc,phases   ] GC(22)   Evacuate Collection Set: 6.1ms
[2025-09-23T15:54:45.005+0800][info][gc,phases   ] GC(22)   Post Evacuate Collection Set: 0.3ms
[2025-09-23T15:54:45.005+0800][info][gc,phases   ] GC(22)   Other: 0.0ms
[2025-09-23T15:54:45.005+0800][info][gc,heap     ] GC(22) Eden regions: 121->0(122)
[2025-09-23T15:54:45.005+0800][info][gc,heap     ] GC(22) Survivor regions: 4->6(16)
[2025-09-23T15:54:45.005+0800][info][gc,heap     ] GC(22) Old regions: 108->108
[2025-09-23T15:54:45.005+0800][info][gc,heap     ] GC(22) Humongous regions: 0->0
[2025-09-23T15:54:45.005+0800][info][gc,metaspace] GC(22) Metaspace: 30497K(31104K)->30497K(31104K) NonClass: 26160K(26496K)->26160K(26496K) Class: 4336K(4608K)->4336K(4608K)
[2025-09-23T15:54:45.005+0800][info][gc          ] GC(22) Pause Young (Normal) (G1 Evacuation Pause) 3713M->1808M(4096M) 6.879ms
[2025-09-23T15:54:45.005+0800][info][gc,cpu      ] GC(22) User=0.05s Sys=0.01s Real=0.01s
[2025-09-23T15:54:55.070+0800][info][gc,start    ] GC(23) Pause Young (Normal) (G1 Evacuation Pause)
[2025-09-23T15:54:55.070+0800][info][gc,task     ] GC(23) Using 8 workers of 8 for evacuation
[2025-09-23T15:54:55.079+0800][info][gc,phases   ] GC(23)   Pre Evacuate Collection Set: 0.1ms
[2025-09-23T15:54:55.079+0800][info][gc,phases   ] GC(23)   Merge Heap Roots: 0.2ms
[2025-09-23T15:54:55.079+0800][info][gc,phases   ] GC(23)   Evacuate Collection Set: 8.3ms
[2025-09-23T15:54:55.079+0800][info][gc,phases   ] GC(23)   Post Evacuate Collection Set: 0.3ms
[2025-09-23T15:54:55.079+0800][info][gc,phases   ] GC(23)   Other: 0.0ms
[2025-09-23T15:54:55.079+0800][info][gc,heap     ] GC(23) Eden regions: 122->0(118)
[2025-09-23T15:54:55.079+0800][info][gc,heap     ] GC(23) Survivor regions: 6->8(16)
[2025-09-23T15:54:55.079+0800][info][gc,heap     ] GC(23) Old regions: 108->108
[2025-09-23T15:54:55.079+0800][info][gc,heap     ] GC(23) Humongous regions: 0->0
[2025-09-23T15:54:55.079+0800][info][gc,metaspace] GC(23) Metaspace: 30497K(31104K)->30497K(31104K) NonClass: 26160K(26496K)->26160K(26496K) Class: 4336K(4608K)->4336K(4608K)
[2025-09-23T15:54:55.079+0800][info][gc          ] GC(23) Pause Young (Normal) (G1 Evacuation Pause) 3760M->1852M(4096M) 9.114ms
[2025-09-23T15:54:55.079+0800][info][gc,cpu      ] GC(23) User=0.06s Sys=0.00s Real=0.01s
[2025-09-23T15:55:04.790+0800][info][gc,start    ] GC(24) Pause Young (Normal) (G1 Evacuation Pause)
[2025-09-23T15:55:04.790+0800][info][gc,task     ] GC(24) Using 8 workers of 8 for evacuation
[2025-09-23T15:55:04.801+0800][info][gc,phases   ] GC(24)   Pre Evacuate Collection Set: 0.1ms
[2025-09-23T15:55:04.801+0800][info][gc,phases   ] GC(24)   Merge Heap Roots: 0.2ms
[2025-09-23T15:55:04.801+0800][info][gc,phases   ] GC(24)   Evacuate Collection Set: 10.4ms
[2025-09-23T15:55:04.801+0800][info][gc,phases   ] GC(24)   Post Evacuate Collection Set: 0.3ms
[2025-09-23T15:55:04.801+0800][info][gc,phases   ] GC(24)   Other: 0.1ms
[2025-09-23T15:55:04.801+0800][info][gc,heap     ] GC(24) Eden regions: 118->0(112)
[2025-09-23T15:55:04.801+0800][info][gc,heap     ] GC(24) Survivor regions: 8->11(16)
[2025-09-23T15:55:04.801+0800][info][gc,heap     ] GC(24) Old regions: 108->108
[2025-09-23T15:55:04.801+0800][info][gc,heap     ] GC(24) Humongous regions: 0->0
[2025-09-23T15:55:04.801+0800][info][gc,metaspace] GC(24) Metaspace: 30497K(31104K)->30497K(31104K) NonClass: 26160K(26496K)->26160K(26496K) Class: 4336K(4608K)->4336K(4608K)
[2025-09-23T15:55:04.801+0800][info][gc          ] GC(24) Pause Young (Normal) (G1 Evacuation Pause) 3740M->1892M(4096M) 11.255ms
[2025-09-23T15:55:04.801+0800][info][gc,cpu      ] GC(24) User=0.08s Sys=0.00s Real=0.01s
[2025-09-23T15:55:14.203+0800][info][gc,start    ] GC(25) Pause Young (Normal) (G1 Evacuation Pause)
[2025-09-23T15:55:14.203+0800][info][gc,task     ] GC(25) Using 8 workers of 8 for evacuation
[2025-09-23T15:55:14.217+0800][info][gc,phases   ] GC(25)   Pre Evacuate Collection Set: 0.1ms
[2025-09-23T15:55:14.217+0800][info][gc,phases   ] GC(25)   Merge Heap Roots: 0.3ms
[2025-09-23T15:55:14.217+0800][info][gc,phases   ] GC(25)   Evacuate Collection Set: 12.9ms
[2025-09-23T15:55:14.217+0800][info][gc,phases   ] GC(25)   Post Evacuate Collection Set: 0.4ms
[2025-09-23T15:55:14.217+0800][info][gc,phases   ] GC(25)   Other: 0.0ms
[2025-09-23T15:55:14.217+0800][info][gc,heap     ] GC(25) Eden regions: 112->0(111)
[2025-09-23T15:55:14.217+0800][info][gc,heap     ] GC(25) Survivor regions: 11->10(16)
[2025-09-23T15:55:14.217+0800][info][gc,heap     ] GC(25) Old regions: 108->111
[2025-09-23T15:55:14.217+0800][info][gc,heap     ] GC(25) Humongous regions: 0->0
[2025-09-23T15:55:14.217+0800][info][gc,metaspace] GC(25) Metaspace: 30497K(31104K)->30497K(31104K) NonClass: 26160K(26496K)->26160K(26496K) Class: 4336K(4608K)->4336K(4608K)
[2025-09-23T15:55:14.217+0800][info][gc          ] GC(25) Pause Young (Normal) (G1 Evacuation Pause) 3684M->1924M(4096M) 13.857ms
[2025-09-23T15:55:14.217+0800][info][gc,cpu      ] GC(25) User=0.10s Sys=0.00s Real=0.01s
[2025-09-23T15:55:23.651+0800][info][gc,start    ] GC(26) Pause Young (Normal) (G1 Evacuation Pause)
[2025-09-23T15:55:23.651+0800][info][gc,task     ] GC(26) Using 8 workers of 8 for evacuation
[2025-09-23T15:55:23.664+0800][info][gc,phases   ] GC(26)   Pre Evacuate Collection Set: 0.1ms
[2025-09-23T15:55:23.664+0800][info][gc,phases   ] GC(26)   Merge Heap Roots: 0.3ms
[2025-09-23T15:55:23.664+0800][info][gc,phases   ] GC(26)   Evacuate Collection Set: 12.2ms
[2025-09-23T15:55:23.664+0800][info][gc,phases   ] GC(26)   Post Evacuate Collection Set: 0.3ms
[2025-09-23T15:55:23.664+0800][info][gc,phases   ] GC(26)   Other: 0.0ms
[2025-09-23T15:55:23.664+0800][info][gc,heap     ] GC(26) Eden regions: 111->0(108)
[2025-09-23T15:55:23.664+0800][info][gc,heap     ] GC(26) Survivor regions: 10->10(16)
[2025-09-23T15:55:23.664+0800][info][gc,heap     ] GC(26) Old regions: 111->114
[2025-09-23T15:55:23.664+0800][info][gc,heap     ] GC(26) Humongous regions: 0->0
[2025-09-23T15:55:23.664+0800][info][gc,metaspace] GC(26) Metaspace: 30497K(31104K)->30497K(31104K) NonClass: 26160K(26496K)->26160K(26496K) Class: 4336K(4608K)->4336K(4608K)
[2025-09-23T15:55:23.664+0800][info][gc          ] GC(26) Pause Young (Normal) (G1 Evacuation Pause) 3700M->1967M(4096M) 13.051ms
[2025-09-23T15:55:23.664+0800][info][gc,cpu      ] GC(26) User=0.10s Sys=0.00s Real=0.02s
[2025-09-23T15:55:32.843+0800][info][gc,start    ] GC(27) Pause Young (Normal) (G1 Evacuation Pause)
[2025-09-23T15:55:32.844+0800][info][gc,task     ] GC(27) Using 8 workers of 8 for evacuation
[2025-09-23T15:55:32.856+0800][info][gc,phases   ] GC(27)   Pre Evacuate Collection Set: 0.1ms
[2025-09-23T15:55:32.856+0800][info][gc,phases   ] GC(27)   Merge Heap Roots: 0.3ms
[2025-09-23T15:55:32.856+0800][info][gc,phases   ] GC(27)   Evacuate Collection Set: 11.8ms
[2025-09-23T15:55:32.856+0800][info][gc,phases   ] GC(27)   Post Evacuate Collection Set: 0.4ms
[2025-09-23T15:55:32.856+0800][info][gc,phases   ] GC(27)   Other: 0.0ms
[2025-09-23T15:55:32.856+0800][info][gc,heap     ] GC(27) Eden regions: 108->0(106)
[2025-09-23T15:55:32.856+0800][info][gc,heap     ] GC(27) Survivor regions: 10->10(15)
[2025-09-23T15:55:32.856+0800][info][gc,heap     ] GC(27) Old regions: 114->116
[2025-09-23T15:55:32.856+0800][info][gc,heap     ] GC(27) Humongous regions: 0->0
[2025-09-23T15:55:32.856+0800][info][gc,metaspace] GC(27) Metaspace: 30497K(31104K)->30497K(31104K) NonClass: 26160K(26496K)->26160K(26496K) Class: 4336K(4608K)->4336K(4608K)
[2025-09-23T15:55:32.856+0800][info][gc          ] GC(27) Pause Young (Normal) (G1 Evacuation Pause) 3695M->2001M(4096M) 12.680ms
[2025-09-23T15:55:32.856+0800][info][gc,cpu      ] GC(27) User=0.10s Sys=0.00s Real=0.01s
[2025-09-23T15:55:41.892+0800][info][gc,start    ] GC(28) Pause Young (Concurrent Start) (G1 Evacuation Pause)
[2025-09-23T15:55:41.892+0800][info][gc,task     ] GC(28) Using 8 workers of 8 for evacuation
[2025-09-23T15:55:41.905+0800][info][gc,phases   ] GC(28)   Pre Evacuate Collection Set: 0.1ms
[2025-09-23T15:55:41.905+0800][info][gc,phases   ] GC(28)   Merge Heap Roots: 0.3ms
[2025-09-23T15:55:41.905+0800][info][gc,phases   ] GC(28)   Evacuate Collection Set: 11.8ms
[2025-09-23T15:55:41.905+0800][info][gc,phases   ] GC(28)   Post Evacuate Collection Set: 0.4ms
[2025-09-23T15:55:41.905+0800][info][gc,phases   ] GC(28)   Other: 0.0ms
[2025-09-23T15:55:41.905+0800][info][gc,heap     ] GC(28) Eden regions: 106->0(103)
[2025-09-23T15:55:41.905+0800][info][gc,heap     ] GC(28) Survivor regions: 10->10(15)
[2025-09-23T15:55:41.905+0800][info][gc,heap     ] GC(28) Old regions: 116->119
[2025-09-23T15:55:41.905+0800][info][gc,heap     ] GC(28) Humongous regions: 0->0
[2025-09-23T15:55:41.905+0800][info][gc,metaspace] GC(28) Metaspace: 30497K(31104K)->30497K(31104K) NonClass: 26160K(26496K)->26160K(26496K) Class: 4336K(4608K)->4336K(4608K)
[2025-09-23T15:55:41.905+0800][info][gc          ] GC(28) Pause Young (Concurrent Start) (G1 Evacuation Pause) 3697M->2038M(4096M) 12.781ms
[2025-09-23T15:55:41.905+0800][info][gc,cpu      ] GC(28) User=0.09s Sys=0.00s Real=0.02s
[2025-09-23T15:55:41.905+0800][info][gc          ] GC(29) Concurrent Mark Cycle
[2025-09-23T15:55:41.905+0800][info][gc,marking  ] GC(29) Concurrent Scan Root Regions
[2025-09-23T15:55:41.910+0800][info][gc,marking  ] GC(29) Concurrent Scan Root Regions 4.530ms
[2025-09-23T15:55:41.910+0800][info][gc,marking  ] GC(29) Concurrent Mark
[2025-09-23T15:55:41.910+0800][info][gc,marking  ] GC(29) Concurrent Mark From Roots
[2025-09-23T15:55:41.910+0800][info][gc,task     ] GC(29) Using 2 workers of 2 for marking
[2025-09-23T15:55:41.999+0800][info][gc,marking  ] GC(29) Concurrent Mark From Roots 89.011ms
[2025-09-23T15:55:41.999+0800][info][gc,marking  ] GC(29) Concurrent Preclean
[2025-09-23T15:55:41.999+0800][info][gc,marking  ] GC(29) Concurrent Preclean 0.058ms
[2025-09-23T15:55:41.999+0800][info][gc,start    ] GC(29) Pause Remark
[2025-09-23T15:55:42.001+0800][info][gc          ] GC(29) Pause Remark 2071M->2071M(4096M) 1.814ms
[2025-09-23T15:55:42.001+0800][info][gc,cpu      ] GC(29) User=0.01s Sys=0.01s Real=0.00s
[2025-09-23T15:55:42.001+0800][info][gc,marking  ] GC(29) Concurrent Mark 91.009ms
[2025-09-23T15:55:42.001+0800][info][gc,marking  ] GC(29) Concurrent Rebuild Remembered Sets and Scrub Regions
[2025-09-23T15:55:42.081+0800][info][gc,marking  ] GC(29) Concurrent Rebuild Remembered Sets and Scrub Regions 80.177ms
[2025-09-23T15:55:42.081+0800][info][gc,start    ] GC(29) Pause Cleanup
[2025-09-23T15:55:42.081+0800][info][gc          ] GC(29) Pause Cleanup 2071M->2071M(4096M) 0.150ms
[2025-09-23T15:55:42.081+0800][info][gc,cpu      ] GC(29) User=0.00s Sys=0.00s Real=0.00s
[2025-09-23T15:55:42.081+0800][info][gc,marking  ] GC(29) Concurrent Clear Claimed Marks
[2025-09-23T15:55:42.081+0800][info][gc,marking  ] GC(29) Concurrent Clear Claimed Marks 0.044ms
[2025-09-23T15:55:42.081+0800][info][gc,marking  ] GC(29) Concurrent Cleanup for Next Mark
[2025-09-23T15:55:42.084+0800][info][gc,marking  ] GC(29) Concurrent Cleanup for Next Mark 2.847ms
[2025-09-23T15:55:42.084+0800][info][gc          ] GC(29) Concurrent Mark Cycle 178.991ms
[2025-09-23T15:55:50.785+0800][info][gc,start    ] GC(30) Pause Young (Prepare Mixed) (G1 Evacuation Pause)
[2025-09-23T15:55:50.785+0800][info][gc,task     ] GC(30) Using 8 workers of 8 for evacuation
[2025-09-23T15:55:50.797+0800][info][gc,phases   ] GC(30)   Pre Evacuate Collection Set: 0.1ms
[2025-09-23T15:55:50.797+0800][info][gc,phases   ] GC(30)   Merge Heap Roots: 0.3ms
[2025-09-23T15:55:50.797+0800][info][gc,phases   ] GC(30)   Evacuate Collection Set: 11.2ms
[2025-09-23T15:55:50.797+0800][info][gc,phases   ] GC(30)   Post Evacuate Collection Set: 0.3ms
[2025-09-23T15:55:50.797+0800][info][gc,phases   ] GC(30)   Other: 0.0ms
[2025-09-23T15:55:50.797+0800][info][gc,heap     ] GC(30) Eden regions: 103->0(101)
[2025-09-23T15:55:50.797+0800][info][gc,heap     ] GC(30) Survivor regions: 10->10(15)
[2025-09-23T15:55:50.797+0800][info][gc,heap     ] GC(30) Old regions: 119->121
[2025-09-23T15:55:50.797+0800][info][gc,heap     ] GC(30) Humongous regions: 0->0
[2025-09-23T15:55:50.797+0800][info][gc,metaspace] GC(30) Metaspace: 30497K(31104K)->30497K(31104K) NonClass: 26160K(26496K)->26160K(26496K) Class: 4336K(4608K)->4336K(4608K)
[2025-09-23T15:55:50.797+0800][info][gc          ] GC(30) Pause Young (Prepare Mixed) (G1 Evacuation Pause) 3686M->2080M(4096M) 12.084ms
[2025-09-23T15:55:50.797+0800][info][gc,cpu      ] GC(30) User=0.09s Sys=0.00s Real=0.01s
[2025-09-23T15:55:59.537+0800][info][gc,start    ] GC(31) Pause Young (Mixed) (G1 Evacuation Pause)
[2025-09-23T15:55:59.537+0800][info][gc,task     ] GC(31) Using 8 workers of 8 for evacuation
[2025-09-23T15:55:59.569+0800][info][gc,phases   ] GC(31)   Pre Evacuate Collection Set: 0.1ms
[2025-09-23T15:55:59.569+0800][info][gc,phases   ] GC(31)   Merge Heap Roots: 0.3ms
[2025-09-23T15:55:59.569+0800][info][gc,phases   ] GC(31)   Evacuate Collection Set: 31.2ms
[2025-09-23T15:55:59.569+0800][info][gc,phases   ] GC(31)   Post Evacuate Collection Set: 0.3ms
[2025-09-23T15:55:59.569+0800][info][gc,phases   ] GC(31)   Other: 0.0ms
[2025-09-23T15:55:59.569+0800][info][gc,heap     ] GC(31) Eden regions: 101->0(113)
[2025-09-23T15:55:59.569+0800][info][gc,heap     ] GC(31) Survivor regions: 10->10(14)
[2025-09-23T15:55:59.569+0800][info][gc,heap     ] GC(31) Old regions: 121->111
[2025-09-23T15:55:59.569+0800][info][gc,heap     ] GC(31) Humongous regions: 0->0
[2025-09-23T15:55:59.569+0800][info][gc,metaspace] GC(31) Metaspace: 30497K(31104K)->30497K(31104K) NonClass: 26160K(26496K)->26160K(26496K) Class: 4336K(4608K)->4336K(4608K)
[2025-09-23T15:55:59.569+0800][info][gc          ] GC(31) Pause Young (Mixed) (G1 Evacuation Pause) 3696M->1914M(4128M) 32.096ms
[2025-09-23T15:55:59.569+0800][info][gc,cpu      ] GC(31) User=0.18s Sys=0.02s Real=0.03s
[2025-09-23T15:56:09.177+0800][info][gc,start    ] GC(32) Pause Young (Mixed) (G1 Evacuation Pause)
[2025-09-23T15:56:09.177+0800][info][gc,task     ] GC(32) Using 8 workers of 8 for evacuation
[2025-09-23T15:56:09.194+0800][info][gc,phases   ] GC(32)   Pre Evacuate Collection Set: 0.1ms
[2025-09-23T15:56:09.194+0800][info][gc,phases   ] GC(32)   Merge Heap Roots: 0.3ms
[2025-09-23T15:56:09.194+0800][info][gc,phases   ] GC(32)   Evacuate Collection Set: 16.0ms
[2025-09-23T15:56:09.194+0800][info][gc,phases   ] GC(32)   Post Evacuate Collection Set: 0.4ms
[2025-09-23T15:56:09.194+0800][info][gc,phases   ] GC(32)   Other: 0.0ms
[2025-09-23T15:56:09.194+0800][info][gc,heap     ] GC(32) Eden regions: 113->0(115)
[2025-09-23T15:56:09.194+0800][info][gc,heap     ] GC(32) Survivor regions: 10->9(16)
[2025-09-23T15:56:09.194+0800][info][gc,heap     ] GC(32) Old regions: 111->111
[2025-09-23T15:56:09.194+0800][info][gc,heap     ] GC(32) Humongous regions: 0->0
[2025-09-23T15:56:09.194+0800][info][gc,metaspace] GC(32) Metaspace: 30497K(31104K)->30497K(31104K) NonClass: 26160K(26496K)->26160K(26496K) Class: 4336K(4608K)->4336K(4608K)
[2025-09-23T15:56:09.194+0800][info][gc          ] GC(32) Pause Young (Mixed) (G1 Evacuation Pause) 3722M->1913M(4128M) 16.921ms
[2025-09-23T15:56:09.194+0800][info][gc,cpu      ] GC(32) User=0.12s Sys=0.00s Real=0.01s
[2025-09-23T15:56:19.028+0800][info][gc,start    ] GC(33) Pause Young (Normal) (G1 Evacuation Pause)
[2025-09-23T15:56:19.028+0800][info][gc,task     ] GC(33) Using 8 workers of 8 for evacuation
[2025-09-23T15:56:19.040+0800][info][gc,phases   ] GC(33)   Pre Evacuate Collection Set: 0.1ms
[2025-09-23T15:56:19.040+0800][info][gc,phases   ] GC(33)   Merge Heap Roots: 0.3ms
[2025-09-23T15:56:19.040+0800][info][gc,phases   ] GC(33)   Evacuate Collection Set: 11.5ms
[2025-09-23T15:56:19.040+0800][info][gc,phases   ] GC(33)   Post Evacuate Collection Set: 0.3ms
[2025-09-23T15:56:19.040+0800][info][gc,phases   ] GC(33)   Other: 0.1ms
[2025-09-23T15:56:19.040+0800][info][gc,heap     ] GC(33) Eden regions: 115->0(110)
[2025-09-23T15:56:19.040+0800][info][gc,heap     ] GC(33) Survivor regions: 9->10(16)
[2025-09-23T15:56:19.040+0800][info][gc,heap     ] GC(33) Old regions: 111->114
[2025-09-23T15:56:19.040+0800][info][gc,heap     ] GC(33) Humongous regions: 0->0
[2025-09-23T15:56:19.040+0800][info][gc,metaspace] GC(33) Metaspace: 30497K(31104K)->30497K(31104K) NonClass: 26160K(26496K)->26160K(26496K) Class: 4336K(4608K)->4336K(4608K)
[2025-09-23T15:56:19.040+0800][info][gc          ] GC(33) Pause Young (Normal) (G1 Evacuation Pause) 3753M->1968M(4128M) 12.350ms
[2025-09-23T15:56:19.040+0800][info][gc,cpu      ] GC(33) User=0.10s Sys=0.00s Real=0.01s
[2025-09-23T15:56:28.408+0800][info][gc,start    ] GC(34) Pause Young (Normal) (G1 Evacuation Pause)
[2025-09-23T15:56:28.408+0800][info][gc,task     ] GC(34) Using 8 workers of 8 for evacuation
[2025-09-23T15:56:28.421+0800][info][gc,phases   ] GC(34)   Pre Evacuate Collection Set: 0.1ms
[2025-09-23T15:56:28.421+0800][info][gc,phases   ] GC(34)   Merge Heap Roots: 0.3ms
[2025-09-23T15:56:28.421+0800][info][gc,phases   ] GC(34)   Evacuate Collection Set: 11.6ms
[2025-09-23T15:56:28.421+0800][info][gc,phases   ] GC(34)   Post Evacuate Collection Set: 0.3ms
[2025-09-23T15:56:28.421+0800][info][gc,phases   ] GC(34)   Other: 0.0ms
[2025-09-23T15:56:28.421+0800][info][gc,heap     ] GC(34) Eden regions: 110->0(108)
[2025-09-23T15:56:28.421+0800][info][gc,heap     ] GC(34) Survivor regions: 10->10(15)
[2025-09-23T15:56:28.421+0800][info][gc,heap     ] GC(34) Old regions: 114->116
[2025-09-23T15:56:28.421+0800][info][gc,heap     ] GC(34) Humongous regions: 0->0
[2025-09-23T15:56:28.421+0800][info][gc,metaspace] GC(34) Metaspace: 30497K(31104K)->30497K(31104K) NonClass: 26160K(26496K)->26160K(26496K) Class: 4336K(4608K)->4336K(4608K)
[2025-09-23T15:56:28.421+0800][info][gc          ] GC(34) Pause Young (Normal) (G1 Evacuation Pause) 3728M->2007M(4128M) 12.437ms
[2025-09-23T15:56:28.421+0800][info][gc,cpu      ] GC(34) User=0.10s Sys=0.00s Real=0.01s
[2025-09-23T15:56:37.630+0800][info][gc,start    ] GC(35) Pause Young (Normal) (G1 Evacuation Pause)
[2025-09-23T15:56:37.630+0800][info][gc,task     ] GC(35) Using 8 workers of 8 for evacuation
[2025-09-23T15:56:37.643+0800][info][gc,phases   ] GC(35)   Pre Evacuate Collection Set: 0.1ms
[2025-09-23T15:56:37.643+0800][info][gc,phases   ] GC(35)   Merge Heap Roots: 0.3ms
[2025-09-23T15:56:37.643+0800][info][gc,phases   ] GC(35)   Evacuate Collection Set: 12.2ms
[2025-09-23T15:56:37.643+0800][info][gc,phases   ] GC(35)   Post Evacuate Collection Set: 0.4ms
[2025-09-23T15:56:37.643+0800][info][gc,phases   ] GC(35)   Other: 0.0ms
[2025-09-23T15:56:37.643+0800][info][gc,heap     ] GC(35) Eden regions: 108->0(105)
[2025-09-23T15:56:37.643+0800][info][gc,heap     ] GC(35) Survivor regions: 10->10(15)
[2025-09-23T15:56:37.643+0800][info][gc,heap     ] GC(35) Old regions: 116->119
[2025-09-23T15:56:37.643+0800][info][gc,heap     ] GC(35) Humongous regions: 0->0
[2025-09-23T15:56:37.643+0800][info][gc,metaspace] GC(35) Metaspace: 30497K(31104K)->30497K(31104K) NonClass: 26160K(26496K)->26160K(26496K) Class: 4336K(4608K)->4336K(4608K)
[2025-09-23T15:56:37.643+0800][info][gc          ] GC(35) Pause Young (Normal) (G1 Evacuation Pause) 3735M->2043M(4128M) 13.096ms
[2025-09-23T15:56:37.643+0800][info][gc,cpu      ] GC(35) User=0.09s Sys=0.00s Real=0.02s
[2025-09-23T15:56:46.805+0800][info][gc,start    ] GC(36) Pause Young (Concurrent Start) (G1 Evacuation Pause)
[2025-09-23T15:56:46.805+0800][info][gc,task     ] GC(36) Using 8 workers of 8 for evacuation
[2025-09-23T15:56:46.818+0800][info][gc,phases   ] GC(36)   Pre Evacuate Collection Set: 0.1ms
[2025-09-23T15:56:46.818+0800][info][gc,phases   ] GC(36)   Merge Heap Roots: 0.3ms
[2025-09-23T15:56:46.818+0800][info][gc,phases   ] GC(36)   Evacuate Collection Set: 12.0ms
[2025-09-23T15:56:46.818+0800][info][gc,phases   ] GC(36)   Post Evacuate Collection Set: 0.4ms
[2025-09-23T15:56:46.818+0800][info][gc,phases   ] GC(36)   Other: 0.0ms
[2025-09-23T15:56:46.818+0800][info][gc,heap     ] GC(36) Eden regions: 105->0(103)
[2025-09-23T15:56:46.818+0800][info][gc,heap     ] GC(36) Survivor regions: 10->10(15)
[2025-09-23T15:56:46.818+0800][info][gc,heap     ] GC(36) Old regions: 119->121
[2025-09-23T15:56:46.818+0800][info][gc,heap     ] GC(36) Humongous regions: 0->0
[2025-09-23T15:56:46.818+0800][info][gc,metaspace] GC(36) Metaspace: 30497K(31104K)->30497K(31104K) NonClass: 26160K(26496K)->26160K(26496K) Class: 4336K(4608K)->4336K(4608K)
[2025-09-23T15:56:46.818+0800][info][gc          ] GC(36) Pause Young (Concurrent Start) (G1 Evacuation Pause) 3723M->2081M(4128M) 13.015ms
[2025-09-23T15:56:46.818+0800][info][gc,cpu      ] GC(36) User=0.09s Sys=0.01s Real=0.01s
[2025-09-23T15:56:46.818+0800][info][gc          ] GC(37) Concurrent Mark Cycle
[2025-09-23T15:56:46.818+0800][info][gc,marking  ] GC(37) Concurrent Scan Root Regions
[2025-09-23T15:56:46.823+0800][info][gc,marking  ] GC(37) Concurrent Scan Root Regions 5.024ms
[2025-09-23T15:56:46.823+0800][info][gc,marking  ] GC(37) Concurrent Mark
[2025-09-23T15:56:46.823+0800][info][gc,marking  ] GC(37) Concurrent Mark From Roots
[2025-09-23T15:56:46.823+0800][info][gc,task     ] GC(37) Using 2 workers of 2 for marking
[2025-09-23T15:56:46.928+0800][info][gc,marking  ] GC(37) Concurrent Mark From Roots 104.771ms
[2025-09-23T15:56:46.928+0800][info][gc,marking  ] GC(37) Concurrent Preclean
[2025-09-23T15:56:46.928+0800][info][gc,marking  ] GC(37) Concurrent Preclean 0.104ms
[2025-09-23T15:56:46.929+0800][info][gc,start    ] GC(37) Pause Remark
[2025-09-23T15:56:46.930+0800][info][gc          ] GC(37) Pause Remark 2121M->2121M(4128M) 1.565ms
[2025-09-23T15:56:46.930+0800][info][gc,cpu      ] GC(37) User=0.01s Sys=0.00s Real=0.00s
[2025-09-23T15:56:46.930+0800][info][gc,marking  ] GC(37) Concurrent Mark 106.668ms
[2025-09-23T15:56:46.930+0800][info][gc,marking  ] GC(37) Concurrent Rebuild Remembered Sets and Scrub Regions
[2025-09-23T15:56:47.027+0800][info][gc,marking  ] GC(37) Concurrent Rebuild Remembered Sets and Scrub Regions 97.017ms
[2025-09-23T15:56:47.027+0800][info][gc,start    ] GC(37) Pause Cleanup
[2025-09-23T15:56:47.027+0800][info][gc          ] GC(37) Pause Cleanup 2145M->2145M(4128M) 0.153ms
[2025-09-23T15:56:47.027+0800][info][gc,cpu      ] GC(37) User=0.00s Sys=0.00s Real=0.00s
[2025-09-23T15:56:47.027+0800][info][gc,marking  ] GC(37) Concurrent Clear Claimed Marks
[2025-09-23T15:56:47.028+0800][info][gc,marking  ] GC(37) Concurrent Clear Claimed Marks 0.067ms
[2025-09-23T15:56:47.028+0800][info][gc,marking  ] GC(37) Concurrent Cleanup for Next Mark
[2025-09-23T15:56:47.031+0800][info][gc,marking  ] GC(37) Concurrent Cleanup for Next Mark 3.250ms
[2025-09-23T15:56:47.031+0800][info][gc          ] GC(37) Concurrent Mark Cycle 212.474ms
[2025-09-23T15:56:55.314+0800][info][gc,start    ] GC(38) Pause Young (Prepare Mixed) (G1 Evacuation Pause)
[2025-09-23T15:56:55.314+0800][info][gc,task     ] GC(38) Using 8 workers of 8 for evacuation
[2025-09-23T15:56:55.327+0800][info][gc,phases   ] GC(38)   Pre Evacuate Collection Set: 0.1ms
[2025-09-23T15:56:55.327+0800][info][gc,phases   ] GC(38)   Merge Heap Roots: 0.3ms
[2025-09-23T15:56:55.327+0800][info][gc,phases   ] GC(38)   Evacuate Collection Set: 11.7ms
[2025-09-23T15:56:55.327+0800][info][gc,phases   ] GC(38)   Post Evacuate Collection Set: 0.4ms
[2025-09-23T15:56:55.327+0800][info][gc,phases   ] GC(38)   Other: 0.0ms
[2025-09-23T15:56:55.327+0800][info][gc,heap     ] GC(38) Eden regions: 103->0(103)
[2025-09-23T15:56:55.327+0800][info][gc,heap     ] GC(38) Survivor regions: 10->9(15)
[2025-09-23T15:56:55.327+0800][info][gc,heap     ] GC(38) Old regions: 121->123
[2025-09-23T15:56:55.327+0800][info][gc,heap     ] GC(38) Humongous regions: 0->0
[2025-09-23T15:56:55.327+0800][info][gc,metaspace] GC(38) Metaspace: 30497K(31104K)->30497K(31104K) NonClass: 26160K(26496K)->26160K(26496K) Class: 4336K(4608K)->4336K(4608K)
[2025-09-23T15:56:55.327+0800][info][gc          ] GC(38) Pause Young (Prepare Mixed) (G1 Evacuation Pause) 3729M->2112M(4128M) 12.685ms
[2025-09-23T15:56:55.327+0800][info][gc,cpu      ] GC(38) User=0.09s Sys=0.01s Real=0.02s
[2025-09-23T15:57:04.121+0800][info][gc,start    ] GC(39) Pause Young (Mixed) (G1 Evacuation Pause)
[2025-09-23T15:57:04.121+0800][info][gc,task     ] GC(39) Using 8 workers of 8 for evacuation
[2025-09-23T15:57:04.172+0800][info][gc,phases   ] GC(39)   Pre Evacuate Collection Set: 0.1ms
[2025-09-23T15:57:04.172+0800][info][gc,phases   ] GC(39)   Merge Heap Roots: 0.3ms
[2025-09-23T15:57:04.172+0800][info][gc,phases   ] GC(39)   Evacuate Collection Set: 50.3ms
[2025-09-23T15:57:04.172+0800][info][gc,phases   ] GC(39)   Post Evacuate Collection Set: 0.4ms
[2025-09-23T15:57:04.172+0800][info][gc,phases   ] GC(39)   Other: 0.0ms
[2025-09-23T15:57:04.172+0800][info][gc,heap     ] GC(39) Eden regions: 103->0(115)
[2025-09-23T15:57:04.172+0800][info][gc,heap     ] GC(39) Survivor regions: 9->9(14)
[2025-09-23T15:57:04.172+0800][info][gc,heap     ] GC(39) Old regions: 123->117
[2025-09-23T15:57:04.172+0800][info][gc,heap     ] GC(39) Humongous regions: 0->0
[2025-09-23T15:57:04.172+0800][info][gc,metaspace] GC(39) Metaspace: 30497K(31104K)->30497K(31104K) NonClass: 26160K(26496K)->26160K(26496K) Class: 4336K(4608K)->4336K(4608K)
[2025-09-23T15:57:04.172+0800][info][gc          ] GC(39) Pause Young (Mixed) (G1 Evacuation Pause) 3760M->2012M(4224M) 51.341ms
[2025-09-23T15:57:04.172+0800][info][gc,cpu      ] GC(39) User=0.21s Sys=0.03s Real=0.05s
[2025-09-23T15:57:13.689+0800][info][gc,start    ] GC(40) Pause Young (Mixed) (G1 Evacuation Pause)
[2025-09-23T15:57:13.689+0800][info][gc,task     ] GC(40) Using 8 workers of 8 for evacuation
[2025-09-23T15:57:13.730+0800][info][gc,phases   ] GC(40)   Pre Evacuate Collection Set: 0.1ms
[2025-09-23T15:57:13.730+0800][info][gc,phases   ] GC(40)   Merge Heap Roots: 0.3ms
[2025-09-23T15:57:13.730+0800][info][gc,phases   ] GC(40)   Evacuate Collection Set: 40.2ms
[2025-09-23T15:57:13.730+0800][info][gc,phases   ] GC(40)   Post Evacuate Collection Set: 0.4ms
[2025-09-23T15:57:13.730+0800][info][gc,phases   ] GC(40)   Other: 0.0ms
[2025-09-23T15:57:13.730+0800][info][gc,heap     ] GC(40) Eden regions: 115->0(119)
[2025-09-23T15:57:13.730+0800][info][gc,heap     ] GC(40) Survivor regions: 9->10(16)
[2025-09-23T15:57:13.730+0800][info][gc,heap     ] GC(40) Old regions: 117->115
[2025-09-23T15:57:13.730+0800][info][gc,heap     ] GC(40) Humongous regions: 0->0
[2025-09-23T15:57:13.730+0800][info][gc,metaspace] GC(40) Metaspace: 30497K(31104K)->30497K(31104K) NonClass: 26160K(26496K)->26160K(26496K) Class: 4336K(4608K)->4336K(4608K)
[2025-09-23T15:57:13.730+0800][info][gc          ] GC(40) Pause Young (Mixed) (G1 Evacuation Pause) 3852M->1982M(4288M) 41.163ms
[2025-09-23T15:57:13.730+0800][info][gc,cpu      ] GC(40) User=0.19s Sys=0.02s Real=0.04s
[2025-09-23T15:57:23.573+0800][info][gc,start    ] GC(41) Pause Young (Normal) (G1 Evacuation Pause)
[2025-09-23T15:57:23.573+0800][info][gc,task     ] GC(41) Using 8 workers of 8 for evacuation
[2025-09-23T15:57:23.585+0800][info][gc,phases   ] GC(41)   Pre Evacuate Collection Set: 0.1ms
[2025-09-23T15:57:23.585+0800][info][gc,phases   ] GC(41)   Merge Heap Roots: 0.2ms
[2025-09-23T15:57:23.585+0800][info][gc,phases   ] GC(41)   Evacuate Collection Set: 11.6ms
[2025-09-23T15:57:23.585+0800][info][gc,phases   ] GC(41)   Post Evacuate Collection Set: 0.4ms
[2025-09-23T15:57:23.585+0800][info][gc,phases   ] GC(41)   Other: 0.0ms
[2025-09-23T15:57:23.585+0800][info][gc,heap     ] GC(41) Eden regions: 119->0(115)
[2025-09-23T15:57:23.585+0800][info][gc,heap     ] GC(41) Survivor regions: 10->12(17)
[2025-09-23T15:57:23.585+0800][info][gc,heap     ] GC(41) Old regions: 115->115
[2025-09-23T15:57:23.585+0800][info][gc,heap     ] GC(41) Humongous regions: 0->0
[2025-09-23T15:57:23.585+0800][info][gc,metaspace] GC(41) Metaspace: 30497K(31104K)->30497K(31104K) NonClass: 26160K(26496K)->26160K(26496K) Class: 4336K(4608K)->4336K(4608K)
[2025-09-23T15:57:23.585+0800][info][gc          ] GC(41) Pause Young (Normal) (G1 Evacuation Pause) 3886M->2014M(4288M) 12.512ms
[2025-09-23T15:57:23.585+0800][info][gc,cpu      ] GC(41) User=0.10s Sys=0.00s Real=0.02s
[2025-09-23T15:57:33.255+0800][info][gc,start    ] GC(42) Pause Young (Normal) (G1 Evacuation Pause)
[2025-09-23T15:57:33.255+0800][info][gc,task     ] GC(42) Using 8 workers of 8 for evacuation
[2025-09-23T15:57:33.269+0800][info][gc,phases   ] GC(42)   Pre Evacuate Collection Set: 0.1ms
[2025-09-23T15:57:33.269+0800][info][gc,phases   ] GC(42)   Merge Heap Roots: 0.3ms
[2025-09-23T15:57:33.269+0800][info][gc,phases   ] GC(42)   Evacuate Collection Set: 14.0ms
[2025-09-23T15:57:33.269+0800][info][gc,phases   ] GC(42)   Post Evacuate Collection Set: 0.3ms
[2025-09-23T15:57:33.269+0800][info][gc,phases   ] GC(42)   Other: 0.0ms
[2025-09-23T15:57:33.269+0800][info][gc,heap     ] GC(42) Eden regions: 115->0(115)
[2025-09-23T15:57:33.269+0800][info][gc,heap     ] GC(42) Survivor regions: 12->10(16)
[2025-09-23T15:57:33.269+0800][info][gc,heap     ] GC(42) Old regions: 115->119
[2025-09-23T15:57:33.269+0800][info][gc,heap     ] GC(42) Humongous regions: 0->0
[2025-09-23T15:57:33.269+0800][info][gc,metaspace] GC(42) Metaspace: 30497K(31104K)->30497K(31104K) NonClass: 26160K(26496K)->26160K(26496K) Class: 4336K(4608K)->4336K(4608K)
[2025-09-23T15:57:33.269+0800][info][gc          ] GC(42) Pause Young (Normal) (G1 Evacuation Pause) 3854M->2060M(4288M) 14.913ms
[2025-09-23T15:57:33.269+0800][info][gc,cpu      ] GC(42) User=0.11s Sys=0.00s Real=0.02s
[2025-09-23T15:57:42.935+0800][info][gc,start    ] GC(43) Pause Young (Concurrent Start) (G1 Evacuation Pause)
[2025-09-23T15:57:42.935+0800][info][gc,task     ] GC(43) Using 8 workers of 8 for evacuation
[2025-09-23T15:57:42.947+0800][info][gc,phases   ] GC(43)   Pre Evacuate Collection Set: 0.1ms
[2025-09-23T15:57:42.947+0800][info][gc,phases   ] GC(43)   Merge Heap Roots: 0.3ms
[2025-09-23T15:57:42.947+0800][info][gc,phases   ] GC(43)   Evacuate Collection Set: 11.7ms
[2025-09-23T15:57:42.947+0800][info][gc,phases   ] GC(43)   Post Evacuate Collection Set: 0.3ms
[2025-09-23T15:57:42.947+0800][info][gc,phases   ] GC(43)   Other: 0.0ms
[2025-09-23T15:57:42.947+0800][info][gc,heap     ] GC(43) Eden regions: 115->0(112)
[2025-09-23T15:57:42.947+0800][info][gc,heap     ] GC(43) Survivor regions: 10->10(16)
[2025-09-23T15:57:42.947+0800][info][gc,heap     ] GC(43) Old regions: 119->122
[2025-09-23T15:57:42.947+0800][info][gc,heap     ] GC(43) Humongous regions: 0->0
[2025-09-23T15:57:42.947+0800][info][gc,metaspace] GC(43) Metaspace: 30497K(31104K)->30497K(31104K) NonClass: 26160K(26496K)->26160K(26496K) Class: 4336K(4608K)->4336K(4608K)
[2025-09-23T15:57:42.947+0800][info][gc          ] GC(43) Pause Young (Concurrent Start) (G1 Evacuation Pause) 3900M->2099M(4288M) 12.575ms
[2025-09-23T15:57:42.947+0800][info][gc,cpu      ] GC(43) User=0.08s Sys=0.02s Real=0.02s
[2025-09-23T15:57:42.947+0800][info][gc          ] GC(44) Concurrent Mark Cycle
[2025-09-23T15:57:42.947+0800][info][gc,marking  ] GC(44) Concurrent Scan Root Regions
[2025-09-23T15:57:42.952+0800][info][gc,marking  ] GC(44) Concurrent Scan Root Regions 4.939ms
[2025-09-23T15:57:42.952+0800][info][gc,marking  ] GC(44) Concurrent Mark
[2025-09-23T15:57:42.952+0800][info][gc,marking  ] GC(44) Concurrent Mark From Roots
[2025-09-23T15:57:42.952+0800][info][gc,task     ] GC(44) Using 2 workers of 2 for marking
[2025-09-23T15:57:43.054+0800][info][gc,marking  ] GC(44) Concurrent Mark From Roots 102.054ms
[2025-09-23T15:57:43.054+0800][info][gc,marking  ] GC(44) Concurrent Preclean
[2025-09-23T15:57:43.054+0800][info][gc,marking  ] GC(44) Concurrent Preclean 0.123ms
[2025-09-23T15:57:43.055+0800][info][gc,start    ] GC(44) Pause Remark
[2025-09-23T15:57:43.056+0800][info][gc          ] GC(44) Pause Remark 2140M->2140M(4288M) 1.530ms
[2025-09-23T15:57:43.056+0800][info][gc,cpu      ] GC(44) User=0.01s Sys=0.00s Real=0.01s
[2025-09-23T15:57:43.056+0800][info][gc,marking  ] GC(44) Concurrent Mark 103.940ms
[2025-09-23T15:57:43.056+0800][info][gc,marking  ] GC(44) Concurrent Rebuild Remembered Sets and Scrub Regions
[2025-09-23T15:57:43.159+0800][info][gc,marking  ] GC(44) Concurrent Rebuild Remembered Sets and Scrub Regions 102.436ms
[2025-09-23T15:57:43.159+0800][info][gc,start    ] GC(44) Pause Cleanup
[2025-09-23T15:57:43.159+0800][info][gc          ] GC(44) Pause Cleanup 2179M->2179M(4288M) 0.153ms
[2025-09-23T15:57:43.159+0800][info][gc,cpu      ] GC(44) User=0.00s Sys=0.00s Real=0.00s
[2025-09-23T15:57:43.159+0800][info][gc,marking  ] GC(44) Concurrent Clear Claimed Marks
[2025-09-23T15:57:43.159+0800][info][gc,marking  ] GC(44) Concurrent Clear Claimed Marks 0.052ms
[2025-09-23T15:57:43.159+0800][info][gc,marking  ] GC(44) Concurrent Cleanup for Next Mark
[2025-09-23T15:57:43.162+0800][info][gc,marking  ] GC(44) Concurrent Cleanup for Next Mark 3.410ms
[2025-09-23T15:57:43.162+0800][info][gc          ] GC(44) Concurrent Mark Cycle 215.246ms
[2025-09-23T15:57:52.180+0800][info][gc,start    ] GC(45) Pause Young (Prepare Mixed) (G1 Evacuation Pause)
[2025-09-23T15:57:52.181+0800][info][gc,task     ] GC(45) Using 8 workers of 8 for evacuation
[2025-09-23T15:57:52.194+0800][info][gc,phases   ] GC(45)   Pre Evacuate Collection Set: 0.1ms
[2025-09-23T15:57:52.194+0800][info][gc,phases   ] GC(45)   Merge Heap Roots: 0.3ms
[2025-09-23T15:57:52.194+0800][info][gc,phases   ] GC(45)   Evacuate Collection Set: 12.5ms
[2025-09-23T15:57:52.194+0800][info][gc,phases   ] GC(45)   Post Evacuate Collection Set: 0.4ms
[2025-09-23T15:57:52.194+0800][info][gc,phases   ] GC(45)   Other: 0.0ms
[2025-09-23T15:57:52.194+0800][info][gc,heap     ] GC(45) Eden regions: 112->0(110)
[2025-09-23T15:57:52.194+0800][info][gc,heap     ] GC(45) Survivor regions: 10->10(16)
[2025-09-23T15:57:52.194+0800][info][gc,heap     ] GC(45) Old regions: 122->124
[2025-09-23T15:57:52.194+0800][info][gc,heap     ] GC(45) Humongous regions: 0->0
[2025-09-23T15:57:52.194+0800][info][gc,metaspace] GC(45) Metaspace: 30497K(31104K)->30497K(31104K) NonClass: 26160K(26496K)->26160K(26496K) Class: 4336K(4608K)->4336K(4608K)
[2025-09-23T15:57:52.194+0800][info][gc          ] GC(45) Pause Young (Prepare Mixed) (G1 Evacuation Pause) 3891M->2135M(4288M) 13.363ms
[2025-09-23T15:57:52.194+0800][info][gc,cpu      ] GC(45) User=0.09s Sys=0.00s Real=0.01s
[2025-09-23T15:58:01.383+0800][info][gc,start    ] GC(46) Pause Young (Mixed) (G1 Evacuation Pause)
[2025-09-23T15:58:01.383+0800][info][gc,task     ] GC(46) Using 8 workers of 8 for evacuation
[2025-09-23T15:58:01.430+0800][info][gc,phases   ] GC(46)   Pre Evacuate Collection Set: 0.1ms
[2025-09-23T15:58:01.430+0800][info][gc,phases   ] GC(46)   Merge Heap Roots: 0.4ms
[2025-09-23T15:58:01.430+0800][info][gc,phases   ] GC(46)   Evacuate Collection Set: 46.1ms
[2025-09-23T15:58:01.430+0800][info][gc,phases   ] GC(46)   Post Evacuate Collection Set: 0.4ms
[2025-09-23T15:58:01.430+0800][info][gc,phases   ] GC(46)   Other: 0.1ms
[2025-09-23T15:58:01.430+0800][info][gc,heap     ] GC(46) Eden regions: 110->0(121)
[2025-09-23T15:58:01.430+0800][info][gc,heap     ] GC(46) Survivor regions: 10->11(15)
[2025-09-23T15:58:01.430+0800][info][gc,heap     ] GC(46) Old regions: 124->115
[2025-09-23T15:58:01.430+0800][info][gc,heap     ] GC(46) Humongous regions: 0->0
[2025-09-23T15:58:01.430+0800][info][gc,metaspace] GC(46) Metaspace: 30497K(31104K)->30497K(31104K) NonClass: 26160K(26496K)->26160K(26496K) Class: 4336K(4608K)->4336K(4608K)
[2025-09-23T15:58:01.430+0800][info][gc          ] GC(46) Pause Young (Mixed) (G1 Evacuation Pause) 3895M->1991M(4368M) 47.070ms
[2025-09-23T15:58:01.430+0800][info][gc,cpu      ] GC(46) User=0.21s Sys=0.02s Real=0.05s
[2025-09-23T15:58:11.630+0800][info][gc,start    ] GC(47) Pause Young (Mixed) (G1 Evacuation Pause)
[2025-09-23T15:58:11.630+0800][info][gc,task     ] GC(47) Using 8 workers of 8 for evacuation
[2025-09-23T15:58:11.648+0800][info][gc,phases   ] GC(47)   Pre Evacuate Collection Set: 0.1ms
[2025-09-23T15:58:11.648+0800][info][gc,phases   ] GC(47)   Merge Heap Roots: 0.3ms
[2025-09-23T15:58:11.648+0800][info][gc,phases   ] GC(47)   Evacuate Collection Set: 17.2ms
[2025-09-23T15:58:11.648+0800][info][gc,phases   ] GC(47)   Post Evacuate Collection Set: 0.4ms
[2025-09-23T15:58:11.648+0800][info][gc,phases   ] GC(47)   Other: 0.0ms
[2025-09-23T15:58:11.648+0800][info][gc,heap     ] GC(47) Eden regions: 121->0(124)
[2025-09-23T15:58:11.648+0800][info][gc,heap     ] GC(47) Survivor regions: 11->10(17)
[2025-09-23T15:58:11.648+0800][info][gc,heap     ] GC(47) Old regions: 115->114
[2025-09-23T15:58:11.648+0800][info][gc,heap     ] GC(47) Humongous regions: 0->0
[2025-09-23T15:58:11.648+0800][info][gc,metaspace] GC(47) Metaspace: 30497K(31104K)->30497K(31104K) NonClass: 26160K(26496K)->26160K(26496K) Class: 4336K(4608K)->4336K(4608K)
[2025-09-23T15:58:11.648+0800][info][gc          ] GC(47) Pause Young (Mixed) (G1 Evacuation Pause) 3927M->1981M(4368M) 18.113ms
[2025-09-23T15:58:11.649+0800][info][gc,cpu      ] GC(47) User=0.14s Sys=0.00s Real=0.02s
[2025-09-23T15:58:22.276+0800][info][gc,start    ] GC(48) Pause Young (Normal) (G1 Evacuation Pause)
[2025-09-23T15:58:22.276+0800][info][gc,task     ] GC(48) Using 8 workers of 8 for evacuation
[2025-09-23T15:58:22.290+0800][info][gc,phases   ] GC(48)   Pre Evacuate Collection Set: 0.1ms
[2025-09-23T15:58:22.290+0800][info][gc,phases   ] GC(48)   Merge Heap Roots: 0.3ms
[2025-09-23T15:58:22.290+0800][info][gc,phases   ] GC(48)   Evacuate Collection Set: 13.1ms
[2025-09-23T15:58:22.290+0800][info][gc,phases   ] GC(48)   Post Evacuate Collection Set: 0.4ms
[2025-09-23T15:58:22.290+0800][info][gc,phases   ] GC(48)   Other: 0.0ms
[2025-09-23T15:58:22.290+0800][info][gc,heap     ] GC(48) Eden regions: 124->0(120)
[2025-09-23T15:58:22.290+0800][info][gc,heap     ] GC(48) Survivor regions: 10->10(17)
[2025-09-23T15:58:22.290+0800][info][gc,heap     ] GC(48) Old regions: 114->118
[2025-09-23T15:58:22.290+0800][info][gc,heap     ] GC(48) Humongous regions: 0->0
[2025-09-23T15:58:22.290+0800][info][gc,metaspace] GC(48) Metaspace: 30497K(31104K)->30497K(31104K) NonClass: 26160K(26496K)->26160K(26496K) Class: 4336K(4608K)->4336K(4608K)
[2025-09-23T15:58:22.290+0800][info][gc          ] GC(48) Pause Young (Normal) (G1 Evacuation Pause) 3965M->2035M(4368M) 14.047ms
[2025-09-23T15:58:22.290+0800][info][gc,cpu      ] GC(48) User=0.10s Sys=0.01s Real=0.01s
[2025-09-23T15:58:32.414+0800][info][gc,start    ] GC(49) Pause Young (Concurrent Start) (G1 Evacuation Pause)
[2025-09-23T15:58:32.414+0800][info][gc,task     ] GC(49) Using 8 workers of 8 for evacuation
[2025-09-23T15:58:32.428+0800][info][gc,phases   ] GC(49)   Pre Evacuate Collection Set: 0.1ms
[2025-09-23T15:58:32.428+0800][info][gc,phases   ] GC(49)   Merge Heap Roots: 0.3ms
[2025-09-23T15:58:32.428+0800][info][gc,phases   ] GC(49)   Evacuate Collection Set: 12.7ms
[2025-09-23T15:58:32.428+0800][info][gc,phases   ] GC(49)   Post Evacuate Collection Set: 0.4ms
[2025-09-23T15:58:32.428+0800][info][gc,phases   ] GC(49)   Other: 0.0ms
[2025-09-23T15:58:32.428+0800][info][gc,heap     ] GC(49) Eden regions: 120->0(118)
[2025-09-23T15:58:32.428+0800][info][gc,heap     ] GC(49) Survivor regions: 10->10(17)
[2025-09-23T15:58:32.428+0800][info][gc,heap     ] GC(49) Old regions: 118->120
[2025-09-23T15:58:32.428+0800][info][gc,heap     ] GC(49) Humongous regions: 0->0
[2025-09-23T15:58:32.428+0800][info][gc,metaspace] GC(49) Metaspace: 30497K(31104K)->30497K(31104K) NonClass: 26160K(26496K)->26160K(26496K) Class: 4336K(4608K)->4336K(4608K)
[2025-09-23T15:58:32.428+0800][info][gc          ] GC(49) Pause Young (Concurrent Start) (G1 Evacuation Pause) 3955M->2075M(4368M) 13.672ms
[2025-09-23T15:58:32.428+0800][info][gc,cpu      ] GC(49) User=0.10s Sys=0.00s Real=0.02s
[2025-09-23T15:58:32.428+0800][info][gc          ] GC(50) Concurrent Mark Cycle
[2025-09-23T15:58:32.428+0800][info][gc,marking  ] GC(50) Concurrent Scan Root Regions
[2025-09-23T15:58:32.434+0800][info][gc,marking  ] GC(50) Concurrent Scan Root Regions 5.800ms
[2025-09-23T15:58:32.434+0800][info][gc,marking  ] GC(50) Concurrent Mark
[2025-09-23T15:58:32.434+0800][info][gc,marking  ] GC(50) Concurrent Mark From Roots
[2025-09-23T15:58:32.434+0800][info][gc,task     ] GC(50) Using 2 workers of 2 for marking
[2025-09-23T15:58:32.531+0800][info][gc,marking  ] GC(50) Concurrent Mark From Roots 97.800ms
[2025-09-23T15:58:32.531+0800][info][gc,marking  ] GC(50) Concurrent Preclean
[2025-09-23T15:58:32.532+0800][info][gc,marking  ] GC(50) Concurrent Preclean 0.071ms
[2025-09-23T15:58:32.532+0800][info][gc,start    ] GC(50) Pause Remark
[2025-09-23T15:58:32.533+0800][info][gc          ] GC(50) Pause Remark 2116M->2116M(4368M) 1.495ms
[2025-09-23T15:58:32.533+0800][info][gc,cpu      ] GC(50) User=0.01s Sys=0.01s Real=0.00s
[2025-09-23T15:58:32.533+0800][info][gc,marking  ] GC(50) Concurrent Mark 99.585ms
[2025-09-23T15:58:32.533+0800][info][gc,marking  ] GC(50) Concurrent Rebuild Remembered Sets and Scrub Regions
[2025-09-23T15:58:32.630+0800][info][gc,marking  ] GC(50) Concurrent Rebuild Remembered Sets and Scrub Regions 96.302ms
[2025-09-23T15:58:32.630+0800][info][gc,start    ] GC(50) Pause Cleanup
[2025-09-23T15:58:32.630+0800][info][gc          ] GC(50) Pause Cleanup 2143M->2143M(4368M) 0.161ms
[2025-09-23T15:58:32.630+0800][info][gc,cpu      ] GC(50) User=0.00s Sys=0.00s Real=0.00s
[2025-09-23T15:58:32.630+0800][info][gc,marking  ] GC(50) Concurrent Clear Claimed Marks
[2025-09-23T15:58:32.630+0800][info][gc,marking  ] GC(50) Concurrent Clear Claimed Marks 0.053ms
[2025-09-23T15:58:32.630+0800][info][gc,marking  ] GC(50) Concurrent Cleanup for Next Mark
[2025-09-23T15:58:32.633+0800][info][gc,marking  ] GC(50) Concurrent Cleanup for Next Mark 3.110ms
[2025-09-23T15:58:32.633+0800][info][gc          ] GC(50) Concurrent Mark Cycle 205.297ms
[2025-09-23T15:58:42.516+0800][info][gc,start    ] GC(51) Pause Young (Prepare Mixed) (G1 Evacuation Pause)
[2025-09-23T15:58:42.516+0800][info][gc,task     ] GC(51) Using 8 workers of 8 for evacuation
[2025-09-23T15:58:42.529+0800][info][gc,phases   ] GC(51)   Pre Evacuate Collection Set: 0.1ms
[2025-09-23T15:58:42.529+0800][info][gc,phases   ] GC(51)   Merge Heap Roots: 0.3ms
[2025-09-23T15:58:42.529+0800][info][gc,phases   ] GC(51)   Evacuate Collection Set: 12.3ms
[2025-09-23T15:58:42.529+0800][info][gc,phases   ] GC(51)   Post Evacuate Collection Set: 0.4ms
[2025-09-23T15:58:42.529+0800][info][gc,phases   ] GC(51)   Other: 0.0ms
[2025-09-23T15:58:42.529+0800][info][gc,heap     ] GC(51) Eden regions: 118->0(113)
[2025-09-23T15:58:42.529+0800][info][gc,heap     ] GC(51) Survivor regions: 10->11(16)
[2025-09-23T15:58:42.529+0800][info][gc,heap     ] GC(51) Old regions: 120->123
[2025-09-23T15:58:42.529+0800][info][gc,heap     ] GC(51) Humongous regions: 0->0
[2025-09-23T15:58:42.529+0800][info][gc,metaspace] GC(51) Metaspace: 30497K(31104K)->30497K(31104K) NonClass: 26160K(26496K)->26160K(26496K) Class: 4336K(4608K)->4336K(4608K)
[2025-09-23T15:58:42.529+0800][info][gc          ] GC(51) Pause Young (Prepare Mixed) (G1 Evacuation Pause) 3963M->2120M(4368M) 13.245ms
[2025-09-23T15:58:42.529+0800][info][gc,cpu      ] GC(51) User=0.10s Sys=0.00s Real=0.01s
[2025-09-23T15:58:51.795+0800][info][gc,start    ] GC(52) Pause Young (Mixed) (G1 Evacuation Pause)
[2025-09-23T15:58:51.795+0800][info][gc,task     ] GC(52) Using 8 workers of 8 for evacuation
[2025-09-23T15:58:51.835+0800][info][gc,phases   ] GC(52)   Pre Evacuate Collection Set: 0.1ms
[2025-09-23T15:58:51.835+0800][info][gc,phases   ] GC(52)   Merge Heap Roots: 0.3ms
[2025-09-23T15:58:51.835+0800][info][gc,phases   ] GC(52)   Evacuate Collection Set: 39.4ms
[2025-09-23T15:58:51.835+0800][info][gc,phases   ] GC(52)   Post Evacuate Collection Set: 0.4ms
[2025-09-23T15:58:51.835+0800][info][gc,phases   ] GC(52)   Other: 0.0ms
[2025-09-23T15:58:51.835+0800][info][gc,heap     ] GC(52) Eden regions: 113->0(126)
[2025-09-23T15:58:51.835+0800][info][gc,heap     ] GC(52) Survivor regions: 11->11(16)
[2025-09-23T15:58:51.835+0800][info][gc,heap     ] GC(52) Old regions: 123->113
[2025-09-23T15:58:51.835+0800][info][gc,heap     ] GC(52) Humongous regions: 0->0
[2025-09-23T15:58:51.835+0800][info][gc,metaspace] GC(52) Metaspace: 30497K(31104K)->30497K(31104K) NonClass: 26160K(26496K)->26160K(26496K) Class: 4336K(4608K)->4336K(4608K)
[2025-09-23T15:58:51.835+0800][info][gc          ] GC(52) Pause Young (Mixed) (G1 Evacuation Pause) 3928M->1973M(4416M) 40.433ms
[2025-09-23T15:58:51.835+0800][info][gc,cpu      ] GC(52) User=0.22s Sys=0.01s Real=0.05s
[2025-09-23T15:59:02.446+0800][info][gc,start    ] GC(53) Pause Young (Mixed) (G1 Evacuation Pause)
[2025-09-23T15:59:02.446+0800][info][gc,task     ] GC(53) Using 8 workers of 8 for evacuation
[2025-09-23T15:59:02.463+0800][info][gc,phases   ] GC(53)   Pre Evacuate Collection Set: 0.1ms
[2025-09-23T15:59:02.463+0800][info][gc,phases   ] GC(53)   Merge Heap Roots: 0.3ms
[2025-09-23T15:59:02.463+0800][info][gc,phases   ] GC(53)   Evacuate Collection Set: 16.4ms
[2025-09-23T15:59:02.463+0800][info][gc,phases   ] GC(53)   Post Evacuate Collection Set: 0.4ms
[2025-09-23T15:59:02.463+0800][info][gc,phases   ] GC(53)   Other: 0.0ms
[2025-09-23T15:59:02.463+0800][info][gc,heap     ] GC(53) Eden regions: 126->0(124)
[2025-09-23T15:59:02.463+0800][info][gc,heap     ] GC(53) Survivor regions: 11->11(18)
[2025-09-23T15:59:02.463+0800][info][gc,heap     ] GC(53) Old regions: 113->115
[2025-09-23T15:59:02.463+0800][info][gc,heap     ] GC(53) Humongous regions: 0->0
[2025-09-23T15:59:02.463+0800][info][gc,metaspace] GC(53) Metaspace: 30497K(31104K)->30497K(31104K) NonClass: 26160K(26496K)->26160K(26496K) Class: 4336K(4608K)->4336K(4608K)
[2025-09-23T15:59:02.463+0800][info][gc          ] GC(53) Pause Young (Mixed) (G1 Evacuation Pause) 3989M->1996M(4416M) 17.374ms
[2025-09-23T15:59:02.463+0800][info][gc,cpu      ] GC(53) User=0.14s Sys=0.00s Real=0.02s
[2025-09-23T15:59:12.803+0800][info][gc,start    ] GC(54) Pause Young (Normal) (G1 Evacuation Pause)
[2025-09-23T15:59:12.803+0800][info][gc,task     ] GC(54) Using 8 workers of 8 for evacuation
[2025-09-23T15:59:12.816+0800][info][gc,phases   ] GC(54)   Pre Evacuate Collection Set: 0.1ms
[2025-09-23T15:59:12.816+0800][info][gc,phases   ] GC(54)   Merge Heap Roots: 0.3ms
[2025-09-23T15:59:12.816+0800][info][gc,phases   ] GC(54)   Evacuate Collection Set: 12.4ms
[2025-09-23T15:59:12.816+0800][info][gc,phases   ] GC(54)   Post Evacuate Collection Set: 0.4ms
[2025-09-23T15:59:12.816+0800][info][gc,phases   ] GC(54)   Other: 0.0ms
[2025-09-23T15:59:12.816+0800][info][gc,heap     ] GC(54) Eden regions: 124->0(121)
[2025-09-23T15:59:12.816+0800][info][gc,heap     ] GC(54) Survivor regions: 11->11(17)
[2025-09-23T15:59:12.816+0800][info][gc,heap     ] GC(54) Old regions: 115->118
[2025-09-23T15:59:12.816+0800][info][gc,heap     ] GC(54) Humongous regions: 0->0
[2025-09-23T15:59:12.816+0800][info][gc,metaspace] GC(54) Metaspace: 30497K(31104K)->30497K(31104K) NonClass: 26160K(26496K)->26160K(26496K) Class: 4336K(4608K)->4336K(4608K)
[2025-09-23T15:59:12.816+0800][info][gc          ] GC(54) Pause Young (Normal) (G1 Evacuation Pause) 3980M->2042M(4416M) 13.254ms
[2025-09-23T15:59:12.816+0800][info][gc,cpu      ] GC(54) User=0.10s Sys=0.00s Real=0.01s
[2025-09-23T15:59:23.204+0800][info][gc,start    ] GC(55) Pause Young (Concurrent Start) (G1 Evacuation Pause)
[2025-09-23T15:59:23.204+0800][info][gc,task     ] GC(55) Using 8 workers of 8 for evacuation
[2025-09-23T15:59:23.217+0800][info][gc,phases   ] GC(55)   Pre Evacuate Collection Set: 0.1ms
[2025-09-23T15:59:23.217+0800][info][gc,phases   ] GC(55)   Merge Heap Roots: 0.3ms
[2025-09-23T15:59:23.217+0800][info][gc,phases   ] GC(55)   Evacuate Collection Set: 12.5ms
[2025-09-23T15:59:23.217+0800][info][gc,phases   ] GC(55)   Post Evacuate Collection Set: 0.4ms
[2025-09-23T15:59:23.217+0800][info][gc,phases   ] GC(55)   Other: 0.1ms
[2025-09-23T15:59:23.217+0800][info][gc,heap     ] GC(55) Eden regions: 121->0(119)
[2025-09-23T15:59:23.217+0800][info][gc,heap     ] GC(55) Survivor regions: 11->11(17)
[2025-09-23T15:59:23.217+0800][info][gc,heap     ] GC(55) Old regions: 118->120
[2025-09-23T15:59:23.217+0800][info][gc,heap     ] GC(55) Humongous regions: 0->0
[2025-09-23T15:59:23.217+0800][info][gc,metaspace] GC(55) Metaspace: 30497K(31104K)->30497K(31104K) NonClass: 26160K(26496K)->26160K(26496K) Class: 4336K(4608K)->4336K(4608K)
[2025-09-23T15:59:23.217+0800][info][gc          ] GC(55) Pause Young (Concurrent Start) (G1 Evacuation Pause) 3978M->2087M(4416M) 13.377ms
[2025-09-23T15:59:23.217+0800][info][gc,cpu      ] GC(55) User=0.10s Sys=0.01s Real=0.01s
[2025-09-23T15:59:23.217+0800][info][gc          ] GC(56) Concurrent Mark Cycle
[2025-09-23T15:59:23.217+0800][info][gc,marking  ] GC(56) Concurrent Scan Root Regions
[2025-09-23T15:59:23.222+0800][info][gc,marking  ] GC(56) Concurrent Scan Root Regions 5.417ms
[2025-09-23T15:59:23.222+0800][info][gc,marking  ] GC(56) Concurrent Mark
[2025-09-23T15:59:23.222+0800][info][gc,marking  ] GC(56) Concurrent Mark From Roots
[2025-09-23T15:59:23.222+0800][info][gc,task     ] GC(56) Using 2 workers of 2 for marking
[2025-09-23T15:59:23.324+0800][info][gc,marking  ] GC(56) Concurrent Mark From Roots 101.130ms
[2025-09-23T15:59:23.324+0800][info][gc,marking  ] GC(56) Concurrent Preclean
[2025-09-23T15:59:23.324+0800][info][gc,marking  ] GC(56) Concurrent Preclean 0.088ms
[2025-09-23T15:59:23.324+0800][info][gc,start    ] GC(56) Pause Remark
[2025-09-23T15:59:23.325+0800][info][gc          ] GC(56) Pause Remark 2129M->2129M(4416M) 1.496ms
[2025-09-23T15:59:23.325+0800][info][gc,cpu      ] GC(56) User=0.01s Sys=0.00s Real=0.00s
[2025-09-23T15:59:23.325+0800][info][gc,marking  ] GC(56) Concurrent Mark 102.946ms
[2025-09-23T15:59:23.325+0800][info][gc,marking  ] GC(56) Concurrent Rebuild Remembered Sets and Scrub Regions
[2025-09-23T15:59:23.433+0800][info][gc,marking  ] GC(56) Concurrent Rebuild Remembered Sets and Scrub Regions 107.591ms
[2025-09-23T15:59:23.433+0800][info][gc,start    ] GC(56) Pause Cleanup
[2025-09-23T15:59:23.433+0800][info][gc          ] GC(56) Pause Cleanup 2167M->2167M(4416M) 0.140ms
[2025-09-23T15:59:23.433+0800][info][gc,cpu      ] GC(56) User=0.00s Sys=0.00s Real=0.00s
[2025-09-23T15:59:23.433+0800][info][gc,marking  ] GC(56) Concurrent Clear Claimed Marks
[2025-09-23T15:59:23.433+0800][info][gc,marking  ] GC(56) Concurrent Clear Claimed Marks 0.043ms
[2025-09-23T15:59:23.433+0800][info][gc,marking  ] GC(56) Concurrent Cleanup for Next Mark
[2025-09-23T15:59:23.437+0800][info][gc,marking  ] GC(56) Concurrent Cleanup for Next Mark 3.384ms
[2025-09-23T15:59:23.437+0800][info][gc          ] GC(56) Concurrent Mark Cycle 219.722ms
[2025-09-23T15:59:33.078+0800][info][gc,start    ] GC(57) Pause Young (Prepare Mixed) (G1 Evacuation Pause)
[2025-09-23T15:59:33.078+0800][info][gc,task     ] GC(57) Using 8 workers of 8 for evacuation
[2025-09-23T15:59:33.092+0800][info][gc,phases   ] GC(57)   Pre Evacuate Collection Set: 0.1ms
[2025-09-23T15:59:33.092+0800][info][gc,phases   ] GC(57)   Merge Heap Roots: 0.3ms
[2025-09-23T15:59:33.092+0800][info][gc,phases   ] GC(57)   Evacuate Collection Set: 12.8ms
[2025-09-23T15:59:33.092+0800][info][gc,phases   ] GC(57)   Post Evacuate Collection Set: 0.4ms
[2025-09-23T15:59:33.092+0800][info][gc,phases   ] GC(57)   Other: 0.0ms
[2025-09-23T15:59:33.092+0800][info][gc,heap     ] GC(57) Eden regions: 119->0(118)
[2025-09-23T15:59:33.092+0800][info][gc,heap     ] GC(57) Survivor regions: 11->10(17)
[2025-09-23T15:59:33.092+0800][info][gc,heap     ] GC(57) Old regions: 120->123
[2025-09-23T15:59:33.092+0800][info][gc,heap     ] GC(57) Humongous regions: 0->0
[2025-09-23T15:59:33.092+0800][info][gc,metaspace] GC(57) Metaspace: 30497K(31104K)->30497K(31104K) NonClass: 26160K(26496K)->26160K(26496K) Class: 4336K(4608K)->4336K(4608K)
[2025-09-23T15:59:33.092+0800][info][gc          ] GC(57) Pause Young (Prepare Mixed) (G1 Evacuation Pause) 3991M->2119M(4416M) 13.713ms
[2025-09-23T15:59:33.092+0800][info][gc,cpu      ] GC(57) User=0.10s Sys=0.00s Real=0.01s
[2025-09-23T15:59:43.084+0800][info][gc,start    ] GC(58) Pause Young (Mixed) (G1 Evacuation Pause)
[2025-09-23T15:59:43.084+0800][info][gc,task     ] GC(58) Using 8 workers of 8 for evacuation
[2025-09-23T15:59:43.133+0800][info][gc,phases   ] GC(58)   Pre Evacuate Collection Set: 0.1ms
[2025-09-23T15:59:43.133+0800][info][gc,phases   ] GC(58)   Merge Heap Roots: 0.3ms
[2025-09-23T15:59:43.133+0800][info][gc,phases   ] GC(58)   Evacuate Collection Set: 48.0ms
[2025-09-23T15:59:43.133+0800][info][gc,phases   ] GC(58)   Post Evacuate Collection Set: 0.4ms
[2025-09-23T15:59:43.133+0800][info][gc,phases   ] GC(58)   Other: 0.0ms
[2025-09-23T15:59:43.133+0800][info][gc,heap     ] GC(58) Eden regions: 118->0(130)
[2025-09-23T15:59:43.133+0800][info][gc,heap     ] GC(58) Survivor regions: 10->11(16)
[2025-09-23T15:59:43.133+0800][info][gc,heap     ] GC(58) Old regions: 123->114
[2025-09-23T15:59:43.133+0800][info][gc,heap     ] GC(58) Humongous regions: 0->0
[2025-09-23T15:59:43.133+0800][info][gc,metaspace] GC(58) Metaspace: 30497K(31104K)->30497K(31104K) NonClass: 26160K(26496K)->26160K(26496K) Class: 4336K(4608K)->4336K(4608K)
[2025-09-23T15:59:43.133+0800][info][gc          ] GC(58) Pause Young (Mixed) (G1 Evacuation Pause) 4007M->1994M(4496M) 49.025ms
[2025-09-23T15:59:43.133+0800][info][gc,cpu      ] GC(58) User=0.21s Sys=0.02s Real=0.04s
[2025-09-23T15:59:54.285+0800][info][gc,start    ] GC(59) Pause Young (Mixed) (G1 Evacuation Pause)
[2025-09-23T15:59:54.286+0800][info][gc,task     ] GC(59) Using 8 workers of 8 for evacuation
[2025-09-23T15:59:54.305+0800][info][gc,phases   ] GC(59)   Pre Evacuate Collection Set: 0.1ms
[2025-09-23T15:59:54.306+0800][info][gc,phases   ] GC(59)   Merge Heap Roots: 0.3ms
[2025-09-23T15:59:54.306+0800][info][gc,phases   ] GC(59)   Evacuate Collection Set: 19.1ms
[2025-09-23T15:59:54.306+0800][info][gc,phases   ] GC(59)   Post Evacuate Collection Set: 0.4ms
[2025-09-23T15:59:54.306+0800][info][gc,phases   ] GC(59)   Other: 0.0ms
[2025-09-23T15:59:54.306+0800][info][gc,heap     ] GC(59) Eden regions: 130->0(130)
[2025-09-23T15:59:54.306+0800][info][gc,heap     ] GC(59) Survivor regions: 11->11(18)
[2025-09-23T15:59:54.306+0800][info][gc,heap     ] GC(59) Old regions: 114->114
[2025-09-23T15:59:54.306+0800][info][gc,heap     ] GC(59) Humongous regions: 0->0
[2025-09-23T15:59:54.306+0800][info][gc,metaspace] GC(59) Metaspace: 30497K(31104K)->30497K(31104K) NonClass: 26160K(26496K)->26160K(26496K) Class: 4336K(4608K)->4336K(4608K)
[2025-09-23T15:59:54.306+0800][info][gc          ] GC(59) Pause Young (Mixed) (G1 Evacuation Pause) 4074M->1984M(4496M) 20.093ms
[2025-09-23T15:59:54.306+0800][info][gc,cpu      ] GC(59) User=0.16s Sys=0.00s Real=0.02s
[2025-09-23T16:00:05.335+0800][info][gc,start    ] GC(60) Pause Young (Normal) (G1 Evacuation Pause)
[2025-09-23T16:00:05.335+0800][info][gc,task     ] GC(60) Using 8 workers of 8 for evacuation
[2025-09-23T16:00:05.349+0800][info][gc,phases   ] GC(60)   Pre Evacuate Collection Set: 0.1ms
[2025-09-23T16:00:05.349+0800][info][gc,phases   ] GC(60)   Merge Heap Roots: 0.3ms
[2025-09-23T16:00:05.349+0800][info][gc,phases   ] GC(60)   Evacuate Collection Set: 13.1ms
[2025-09-23T16:00:05.349+0800][info][gc,phases   ] GC(60)   Post Evacuate Collection Set: 0.4ms
[2025-09-23T16:00:05.349+0800][info][gc,phases   ] GC(60)   Other: 0.0ms
[2025-09-23T16:00:05.349+0800][info][gc,heap     ] GC(60) Eden regions: 130->0(127)
[2025-09-23T16:00:05.349+0800][info][gc,heap     ] GC(60) Survivor regions: 11->11(18)
[2025-09-23T16:00:05.349+0800][info][gc,heap     ] GC(60) Old regions: 114->117
[2025-09-23T16:00:05.349+0800][info][gc,heap     ] GC(60) Humongous regions: 0->0
[2025-09-23T16:00:05.349+0800][info][gc,metaspace] GC(60) Metaspace: 30497K(31104K)->30497K(31104K) NonClass: 26160K(26496K)->26160K(26496K) Class: 4336K(4608K)->4336K(4608K)
[2025-09-23T16:00:05.349+0800][info][gc          ] GC(60) Pause Young (Normal) (G1 Evacuation Pause) 4064M->2047M(4496M) 14.052ms
[2025-09-23T16:00:05.349+0800][info][gc,cpu      ] GC(60) User=0.11s Sys=0.00s Real=0.01s
[2025-09-23T16:00:16.068+0800][info][gc,start    ] GC(61) Pause Young (Concurrent Start) (G1 Evacuation Pause)
[2025-09-23T16:00:16.068+0800][info][gc,task     ] GC(61) Using 8 workers of 8 for evacuation
[2025-09-23T16:00:16.082+0800][info][gc,phases   ] GC(61)   Pre Evacuate Collection Set: 0.1ms
[2025-09-23T16:00:16.082+0800][info][gc,phases   ] GC(61)   Merge Heap Roots: 0.3ms
[2025-09-23T16:00:16.082+0800][info][gc,phases   ] GC(61)   Evacuate Collection Set: 13.3ms
[2025-09-23T16:00:16.082+0800][info][gc,phases   ] GC(61)   Post Evacuate Collection Set: 0.4ms
[2025-09-23T16:00:16.082+0800][info][gc,phases   ] GC(61)   Other: 0.1ms
[2025-09-23T16:00:16.082+0800][info][gc,heap     ] GC(61) Eden regions: 127->0(124)
[2025-09-23T16:00:16.082+0800][info][gc,heap     ] GC(61) Survivor regions: 11->11(18)
[2025-09-23T16:00:16.082+0800][info][gc,heap     ] GC(61) Old regions: 117->120
[2025-09-23T16:00:16.082+0800][info][gc,heap     ] GC(61) Humongous regions: 0->0
[2025-09-23T16:00:16.082+0800][info][gc,metaspace] GC(61) Metaspace: 30497K(31104K)->30497K(31104K) NonClass: 26160K(26496K)->26160K(26496K) Class: 4336K(4608K)->4336K(4608K)
[2025-09-23T16:00:16.082+0800][info][gc          ] GC(61) Pause Young (Concurrent Start) (G1 Evacuation Pause) 4079M->2088M(4496M) 14.320ms
[2025-09-23T16:00:16.082+0800][info][gc,cpu      ] GC(61) User=0.10s Sys=0.00s Real=0.01s
[2025-09-23T16:00:16.082+0800][info][gc          ] GC(62) Concurrent Mark Cycle
[2025-09-23T16:00:16.082+0800][info][gc,marking  ] GC(62) Concurrent Scan Root Regions
[2025-09-23T16:00:16.088+0800][info][gc,marking  ] GC(62) Concurrent Scan Root Regions 5.555ms
[2025-09-23T16:00:16.088+0800][info][gc,marking  ] GC(62) Concurrent Mark
[2025-09-23T16:00:16.088+0800][info][gc,marking  ] GC(62) Concurrent Mark From Roots
[2025-09-23T16:00:16.088+0800][info][gc,task     ] GC(62) Using 2 workers of 2 for marking
[2025-09-23T16:00:16.183+0800][info][gc,marking  ] GC(62) Concurrent Mark From Roots 94.712ms
[2025-09-23T16:00:16.183+0800][info][gc,marking  ] GC(62) Concurrent Preclean
[2025-09-23T16:00:16.183+0800][info][gc,marking  ] GC(62) Concurrent Preclean 0.067ms
[2025-09-23T16:00:16.183+0800][info][gc,start    ] GC(62) Pause Remark
[2025-09-23T16:00:16.184+0800][info][gc          ] GC(62) Pause Remark 2130M->2130M(4496M) 1.522ms
[2025-09-23T16:00:16.184+0800][info][gc,cpu      ] GC(62) User=0.00s Sys=0.00s Real=0.00s
[2025-09-23T16:00:16.184+0800][info][gc,marking  ] GC(62) Concurrent Mark 96.518ms
[2025-09-23T16:00:16.184+0800][info][gc,marking  ] GC(62) Concurrent Rebuild Remembered Sets and Scrub Regions
[2025-09-23T16:00:16.282+0800][info][gc,marking  ] GC(62) Concurrent Rebuild Remembered Sets and Scrub Regions 97.763ms
[2025-09-23T16:00:16.282+0800][info][gc,start    ] GC(62) Pause Cleanup
[2025-09-23T16:00:16.282+0800][info][gc          ] GC(62) Pause Cleanup 2162M->2162M(4496M) 0.159ms
[2025-09-23T16:00:16.282+0800][info][gc,cpu      ] GC(62) User=0.00s Sys=0.00s Real=0.00s
[2025-09-23T16:00:16.282+0800][info][gc,marking  ] GC(62) Concurrent Clear Claimed Marks
[2025-09-23T16:00:16.282+0800][info][gc,marking  ] GC(62) Concurrent Clear Claimed Marks 0.042ms
[2025-09-23T16:00:16.282+0800][info][gc,marking  ] GC(62) Concurrent Cleanup for Next Mark
[2025-09-23T16:00:16.286+0800][info][gc,marking  ] GC(62) Concurrent Cleanup for Next Mark 3.525ms
[2025-09-23T16:00:16.286+0800][info][gc          ] GC(62) Concurrent Mark Cycle 203.800ms
[2025-09-23T16:00:26.545+0800][info][gc,start    ] GC(63) Pause Young (Prepare Mixed) (G1 Evacuation Pause)
[2025-09-23T16:00:26.545+0800][info][gc,task     ] GC(63) Using 8 workers of 8 for evacuation
[2025-09-23T16:00:26.559+0800][info][gc,phases   ] GC(63)   Pre Evacuate Collection Set: 0.1ms
[2025-09-23T16:00:26.559+0800][info][gc,phases   ] GC(63)   Merge Heap Roots: 0.3ms
[2025-09-23T16:00:26.559+0800][info][gc,phases   ] GC(63)   Evacuate Collection Set: 13.4ms
[2025-09-23T16:00:26.559+0800][info][gc,phases   ] GC(63)   Post Evacuate Collection Set: 0.4ms
[2025-09-23T16:00:26.559+0800][info][gc,phases   ] GC(63)   Other: 0.0ms
[2025-09-23T16:00:26.559+0800][info][gc,heap     ] GC(63) Eden regions: 124->0(119)
[2025-09-23T16:00:26.559+0800][info][gc,heap     ] GC(63) Survivor regions: 11->12(17)
[2025-09-23T16:00:26.559+0800][info][gc,heap     ] GC(63) Old regions: 120->123
[2025-09-23T16:00:26.559+0800][info][gc,heap     ] GC(63) Humongous regions: 0->0
[2025-09-23T16:00:26.559+0800][info][gc,metaspace] GC(63) Metaspace: 30497K(31104K)->30497K(31104K) NonClass: 26160K(26496K)->26160K(26496K) Class: 4336K(4608K)->4336K(4608K)
[2025-09-23T16:00:26.559+0800][info][gc          ] GC(63) Pause Young (Prepare Mixed) (G1 Evacuation Pause) 4072M->2138M(4496M) 14.336ms
[2025-09-23T16:00:26.559+0800][info][gc,cpu      ] GC(63) User=0.11s Sys=0.00s Real=0.01s
[2025-09-23T16:00:42.916+0800][info][gc,start    ] GC(64) Pause Young (Mixed) (G1 Evacuation Pause)
[2025-09-23T16:00:42.916+0800][info][gc,task     ] GC(64) Using 8 workers of 8 for evacuation
[2025-09-23T16:00:42.967+0800][info][gc,phases   ] GC(64)   Pre Evacuate Collection Set: 0.1ms
[2025-09-23T16:00:42.967+0800][info][gc,phases   ] GC(64)   Merge Heap Roots: 0.3ms
[2025-09-23T16:00:42.967+0800][info][gc,phases   ] GC(64)   Evacuate Collection Set: 49.4ms
[2025-09-23T16:00:42.967+0800][info][gc,phases   ] GC(64)   Post Evacuate Collection Set: 0.5ms
[2025-09-23T16:00:42.967+0800][info][gc,phases   ] GC(64)   Other: 0.1ms
[2025-09-23T16:00:42.967+0800][info][gc,heap     ] GC(64) Eden regions: 119->0(134)
[2025-09-23T16:00:42.967+0800][info][gc,heap     ] GC(64) Survivor regions: 12->11(17)
[2025-09-23T16:00:42.967+0800][info][gc,heap     ] GC(64) Old regions: 123->113
[2025-09-23T16:00:42.967+0800][info][gc,heap     ] GC(64) Humongous regions: 0->0
[2025-09-23T16:00:42.967+0800][info][gc,metaspace] GC(64) Metaspace: 31390K(31936K)->31390K(31936K) NonClass: 26871K(27200K)->26871K(27200K) Class: 4519K(4736K)->4519K(4736K)
[2025-09-23T16:00:42.967+0800][info][gc          ] GC(64) Pause Young (Mixed) (G1 Evacuation Pause) 4042M->1972M(4544M) 50.539ms
[2025-09-23T16:00:42.967+0800][info][gc,cpu      ] GC(64) User=0.33s Sys=0.01s Real=0.05s
[2025-09-23T16:00:47.025+0800][info][gc,start    ] GC(65) Pause Young (Mixed) (G1 Evacuation Pause)
[2025-09-23T16:00:47.025+0800][info][gc,task     ] GC(65) Using 8 workers of 8 for evacuation
[2025-09-23T16:00:47.068+0800][info][gc,phases   ] GC(65)   Pre Evacuate Collection Set: 0.1ms
[2025-09-23T16:00:47.068+0800][info][gc,phases   ] GC(65)   Merge Heap Roots: 0.2ms
[2025-09-23T16:00:47.068+0800][info][gc,phases   ] GC(65)   Evacuate Collection Set: 42.5ms
[2025-09-23T16:00:47.068+0800][info][gc,phases   ] GC(65)   Post Evacuate Collection Set: 0.4ms
[2025-09-23T16:00:47.068+0800][info][gc,phases   ] GC(65)   Other: 0.0ms
[2025-09-23T16:00:47.068+0800][info][gc,heap     ] GC(65) Eden regions: 134->0(130)
[2025-09-23T16:00:47.068+0800][info][gc,heap     ] GC(65) Survivor regions: 11->13(19)
[2025-09-23T16:00:47.068+0800][info][gc,heap     ] GC(65) Old regions: 113->113
[2025-09-23T16:00:47.068+0800][info][gc,heap     ] GC(65) Humongous regions: 0->0
[2025-09-23T16:00:47.068+0800][info][gc,metaspace] GC(65) Metaspace: 31390K(31936K)->31390K(31936K) NonClass: 26871K(27200K)->26871K(27200K) Class: 4519K(4736K)->4519K(4736K)
[2025-09-23T16:00:47.068+0800][info][gc          ] GC(65) Pause Young (Mixed) (G1 Evacuation Pause) 4116M->2005M(4544M) 43.404ms
[2025-09-23T16:00:47.068+0800][info][gc,cpu      ] GC(65) User=0.34s Sys=0.00s Real=0.04s
[2025-09-23T16:00:50.963+0800][info][gc,start    ] GC(66) Pause Young (Normal) (G1 Evacuation Pause)
[2025-09-23T16:00:50.963+0800][info][gc,task     ] GC(66) Using 8 workers of 8 for evacuation
[2025-09-23T16:00:51.013+0800][info][gc,phases   ] GC(66)   Pre Evacuate Collection Set: 0.1ms
[2025-09-23T16:00:51.013+0800][info][gc,phases   ] GC(66)   Merge Heap Roots: 0.2ms
[2025-09-23T16:00:51.013+0800][info][gc,phases   ] GC(66)   Evacuate Collection Set: 49.0ms
[2025-09-23T16:00:51.013+0800][info][gc,phases   ] GC(66)   Post Evacuate Collection Set: 0.4ms
[2025-09-23T16:00:51.013+0800][info][gc,phases   ] GC(66)   Other: 0.0ms
[2025-09-23T16:00:51.013+0800][info][gc,heap     ] GC(66) Eden regions: 130->0(127)
[2025-09-23T16:00:51.013+0800][info][gc,heap     ] GC(66) Survivor regions: 13->13(18)
[2025-09-23T16:00:51.013+0800][info][gc,heap     ] GC(66) Old regions: 113->116
[2025-09-23T16:00:51.013+0800][info][gc,heap     ] GC(66) Humongous regions: 0->0
[2025-09-23T16:00:51.013+0800][info][gc,metaspace] GC(66) Metaspace: 31390K(31936K)->31390K(31936K) NonClass: 26871K(27200K)->26871K(27200K) Class: 4519K(4736K)->4519K(4736K)
[2025-09-23T16:00:51.013+0800][info][gc          ] GC(66) Pause Young (Normal) (G1 Evacuation Pause) 4085M->2043M(4544M) 49.831ms
[2025-09-23T16:00:51.013+0800][info][gc,cpu      ] GC(66) User=0.39s Sys=0.00s Real=0.04s
[2025-09-23T16:00:54.825+0800][info][gc,start    ] GC(67) Pause Young (Concurrent Start) (G1 Evacuation Pause)
[2025-09-23T16:00:54.825+0800][info][gc,task     ] GC(67) Using 8 workers of 8 for evacuation
[2025-09-23T16:00:54.877+0800][info][gc,phases   ] GC(67)   Pre Evacuate Collection Set: 0.1ms
[2025-09-23T16:00:54.877+0800][info][gc,phases   ] GC(67)   Merge Heap Roots: 0.2ms
[2025-09-23T16:00:54.877+0800][info][gc,phases   ] GC(67)   Evacuate Collection Set: 51.4ms
[2025-09-23T16:00:54.877+0800][info][gc,phases   ] GC(67)   Post Evacuate Collection Set: 0.4ms
[2025-09-23T16:00:54.877+0800][info][gc,phases   ] GC(67)   Other: 0.0ms
[2025-09-23T16:00:54.877+0800][info][gc,heap     ] GC(67) Eden regions: 127->0(128)
[2025-09-23T16:00:54.877+0800][info][gc,heap     ] GC(67) Survivor regions: 13->11(18)
[2025-09-23T16:00:54.877+0800][info][gc,heap     ] GC(67) Old regions: 116->119
[2025-09-23T16:00:54.877+0800][info][gc,heap     ] GC(67) Humongous regions: 0->0
[2025-09-23T16:00:54.877+0800][info][gc,metaspace] GC(67) Metaspace: 31390K(31936K)->31390K(31936K) NonClass: 26871K(27200K)->26871K(27200K) Class: 4519K(4736K)->4519K(4736K)
[2025-09-23T16:00:54.877+0800][info][gc          ] GC(67) Pause Young (Concurrent Start) (G1 Evacuation Pause) 4075M->2069M(4544M) 52.253ms
[2025-09-23T16:00:54.877+0800][info][gc,cpu      ] GC(67) User=0.42s Sys=0.00s Real=0.05s
[2025-09-23T16:00:54.877+0800][info][gc          ] GC(68) Concurrent Mark Cycle
[2025-09-23T16:00:54.877+0800][info][gc,marking  ] GC(68) Concurrent Scan Root Regions
[2025-09-23T16:00:54.922+0800][info][gc,marking  ] GC(68) Concurrent Scan Root Regions 45.248ms
[2025-09-23T16:00:54.922+0800][info][gc,marking  ] GC(68) Concurrent Mark
[2025-09-23T16:00:54.922+0800][info][gc,marking  ] GC(68) Concurrent Mark From Roots
[2025-09-23T16:00:54.922+0800][info][gc,task     ] GC(68) Using 2 workers of 2 for marking
[2025-09-23T16:00:55.042+0800][info][gc,marking  ] GC(68) Concurrent Mark From Roots 120.247ms
[2025-09-23T16:00:55.042+0800][info][gc,marking  ] GC(68) Concurrent Preclean
[2025-09-23T16:00:55.043+0800][info][gc,marking  ] GC(68) Concurrent Preclean 0.115ms
[2025-09-23T16:00:55.043+0800][info][gc,start    ] GC(68) Pause Remark
[2025-09-23T16:00:55.045+0800][info][gc          ] GC(68) Pause Remark 2154M->2154M(4544M) 1.854ms
[2025-09-23T16:00:55.045+0800][info][gc,cpu      ] GC(68) User=0.01s Sys=0.00s Real=0.01s
[2025-09-23T16:00:55.045+0800][info][gc,marking  ] GC(68) Concurrent Mark 122.432ms
[2025-09-23T16:00:55.045+0800][info][gc,marking  ] GC(68) Concurrent Rebuild Remembered Sets and Scrub Regions
[2025-09-23T16:00:55.145+0800][info][gc,marking  ] GC(68) Concurrent Rebuild Remembered Sets and Scrub Regions 100.173ms
[2025-09-23T16:00:55.145+0800][info][gc,start    ] GC(68) Pause Cleanup
[2025-09-23T16:00:55.145+0800][info][gc          ] GC(68) Pause Cleanup 2191M->2191M(4544M) 0.147ms
[2025-09-23T16:00:55.145+0800][info][gc,cpu      ] GC(68) User=0.00s Sys=0.00s Real=0.00s
[2025-09-23T16:00:55.145+0800][info][gc,marking  ] GC(68) Concurrent Clear Claimed Marks
[2025-09-23T16:00:55.145+0800][info][gc,marking  ] GC(68) Concurrent Clear Claimed Marks 0.070ms
[2025-09-23T16:00:55.145+0800][info][gc,marking  ] GC(68) Concurrent Cleanup for Next Mark
[2025-09-23T16:00:55.149+0800][info][gc,marking  ] GC(68) Concurrent Cleanup for Next Mark 3.738ms
[2025-09-23T16:00:55.149+0800][info][gc          ] GC(68) Concurrent Mark Cycle 272.163ms
[2025-09-23T16:00:58.785+0800][info][gc,start    ] GC(69) Pause Young (Prepare Mixed) (G1 Evacuation Pause)
[2025-09-23T16:00:58.785+0800][info][gc,task     ] GC(69) Using 8 workers of 8 for evacuation
[2025-09-23T16:00:58.833+0800][info][gc,phases   ] GC(69)   Pre Evacuate Collection Set: 0.1ms
[2025-09-23T16:00:58.833+0800][info][gc,phases   ] GC(69)   Merge Heap Roots: 0.1ms
[2025-09-23T16:00:58.833+0800][info][gc,phases   ] GC(69)   Evacuate Collection Set: 46.9ms
[2025-09-23T16:00:58.833+0800][info][gc,phases   ] GC(69)   Post Evacuate Collection Set: 0.4ms
[2025-09-23T16:00:58.833+0800][info][gc,phases   ] GC(69)   Other: 0.1ms
[2025-09-23T16:00:58.833+0800][info][gc,heap     ] GC(69) Eden regions: 128->0(129)
[2025-09-23T16:00:58.833+0800][info][gc,heap     ] GC(69) Survivor regions: 11->9(18)
[2025-09-23T16:00:58.833+0800][info][gc,heap     ] GC(69) Old regions: 119->122
[2025-09-23T16:00:58.833+0800][info][gc,heap     ] GC(69) Humongous regions: 0->0
[2025-09-23T16:00:58.833+0800][info][gc,metaspace] GC(69) Metaspace: 31390K(31936K)->31390K(31936K) NonClass: 26871K(27200K)->26871K(27200K) Class: 4519K(4736K)->4519K(4736K)
[2025-09-23T16:00:58.833+0800][info][gc          ] GC(69) Pause Young (Prepare Mixed) (G1 Evacuation Pause) 4117M->2079M(4544M) 47.678ms
[2025-09-23T16:00:58.833+0800][info][gc,cpu      ] GC(69) User=0.37s Sys=0.00s Real=0.04s
[2025-09-23T16:01:02.686+0800][info][gc,start    ] GC(70) Pause Young (Mixed) (G1 Evacuation Pause)
[2025-09-23T16:01:02.686+0800][info][gc,task     ] GC(70) Using 8 workers of 8 for evacuation
[2025-09-23T16:01:02.752+0800][info][gc,phases   ] GC(70)   Pre Evacuate Collection Set: 0.1ms
[2025-09-23T16:01:02.753+0800][info][gc,phases   ] GC(70)   Merge Heap Roots: 0.6ms
[2025-09-23T16:01:02.753+0800][info][gc,phases   ] GC(70)   Evacuate Collection Set: 65.7ms
[2025-09-23T16:01:02.753+0800][info][gc,phases   ] GC(70)   Post Evacuate Collection Set: 0.4ms
[2025-09-23T16:01:02.753+0800][info][gc,phases   ] GC(70)   Other: 0.0ms
[2025-09-23T16:01:02.753+0800][info][gc,heap     ] GC(70) Eden regions: 129->0(129)
[2025-09-23T16:01:02.753+0800][info][gc,heap     ] GC(70) Survivor regions: 9->10(18)
[2025-09-23T16:01:02.753+0800][info][gc,heap     ] GC(70) Old regions: 122->117
[2025-09-23T16:01:02.753+0800][info][gc,heap     ] GC(70) Humongous regions: 3->3
[2025-09-23T16:01:02.753+0800][info][gc,metaspace] GC(70) Metaspace: 31390K(31936K)->31390K(31936K) NonClass: 26871K(27200K)->26871K(27200K) Class: 4519K(4736K)->4519K(4736K)
[2025-09-23T16:01:02.753+0800][info][gc          ] GC(70) Pause Young (Mixed) (G1 Evacuation Pause) 4191M->2064M(4544M) 67.008ms
[2025-09-23T16:01:02.753+0800][info][gc,cpu      ] GC(70) User=0.53s Sys=0.00s Real=0.06s
[2025-09-23T16:01:06.567+0800][info][gc,start    ] GC(71) Pause Young (Concurrent Start) (G1 Evacuation Pause)
[2025-09-23T16:01:06.567+0800][info][gc,task     ] GC(71) Using 8 workers of 8 for evacuation
[2025-09-23T16:01:06.623+0800][info][gc,phases   ] GC(71)   Pre Evacuate Collection Set: 0.1ms
[2025-09-23T16:01:06.623+0800][info][gc,phases   ] GC(71)   Merge Heap Roots: 0.2ms
[2025-09-23T16:01:06.623+0800][info][gc,phases   ] GC(71)   Evacuate Collection Set: 55.9ms
[2025-09-23T16:01:06.624+0800][info][gc,phases   ] GC(71)   Post Evacuate Collection Set: 0.4ms
[2025-09-23T16:01:06.624+0800][info][gc,phases   ] GC(71)   Other: 0.0ms
[2025-09-23T16:01:06.624+0800][info][gc,heap     ] GC(71) Eden regions: 129->0(127)
[2025-09-23T16:01:06.624+0800][info][gc,heap     ] GC(71) Survivor regions: 10->11(18)
[2025-09-23T16:01:06.624+0800][info][gc,heap     ] GC(71) Old regions: 117->117
[2025-09-23T16:01:06.624+0800][info][gc,heap     ] GC(71) Humongous regions: 3->3
[2025-09-23T16:01:06.624+0800][info][gc,metaspace] GC(71) Metaspace: 31390K(31936K)->31390K(31936K) NonClass: 26871K(27200K)->26871K(27200K) Class: 4519K(4736K)->4519K(4736K)
[2025-09-23T16:01:06.624+0800][info][gc          ] GC(71) Pause Young (Concurrent Start) (G1 Evacuation Pause) 4128M->2087M(4544M) 56.775ms
[2025-09-23T16:01:06.624+0800][info][gc,cpu      ] GC(71) User=0.45s Sys=0.00s Real=0.06s
[2025-09-23T16:01:06.624+0800][info][gc          ] GC(72) Concurrent Mark Cycle
[2025-09-23T16:01:06.624+0800][info][gc,marking  ] GC(72) Concurrent Scan Root Regions
[2025-09-23T16:01:06.666+0800][info][gc,marking  ] GC(72) Concurrent Scan Root Regions 42.442ms
[2025-09-23T16:01:06.666+0800][info][gc,marking  ] GC(72) Concurrent Mark
[2025-09-23T16:01:06.666+0800][info][gc,marking  ] GC(72) Concurrent Mark From Roots
[2025-09-23T16:01:06.666+0800][info][gc,task     ] GC(72) Using 2 workers of 2 for marking
[2025-09-23T16:01:06.797+0800][info][gc,marking  ] GC(72) Concurrent Mark From Roots 130.702ms
[2025-09-23T16:01:06.797+0800][info][gc,marking  ] GC(72) Concurrent Preclean
[2025-09-23T16:01:06.797+0800][info][gc,marking  ] GC(72) Concurrent Preclean 0.088ms
[2025-09-23T16:01:06.797+0800][info][gc,start    ] GC(72) Pause Remark
[2025-09-23T16:01:06.801+0800][info][gc          ] GC(72) Pause Remark 2167M->2167M(4544M) 3.462ms
[2025-09-23T16:01:06.801+0800][info][gc,cpu      ] GC(72) User=0.01s Sys=0.00s Real=0.00s
[2025-09-23T16:01:06.801+0800][info][gc,marking  ] GC(72) Concurrent Mark 134.486ms
[2025-09-23T16:01:06.801+0800][info][gc,marking  ] GC(72) Concurrent Rebuild Remembered Sets and Scrub Regions
[2025-09-23T16:01:06.911+0800][info][gc,marking  ] GC(72) Concurrent Rebuild Remembered Sets and Scrub Regions 110.386ms
[2025-09-23T16:01:06.911+0800][info][gc,start    ] GC(72) Pause Cleanup
[2025-09-23T16:01:06.911+0800][info][gc          ] GC(72) Pause Cleanup 2204M->2204M(4544M) 0.145ms
[2025-09-23T16:01:06.911+0800][info][gc,cpu      ] GC(72) User=0.00s Sys=0.00s Real=0.00s
[2025-09-23T16:01:06.911+0800][info][gc,marking  ] GC(72) Concurrent Clear Claimed Marks
[2025-09-23T16:01:06.911+0800][info][gc,marking  ] GC(72) Concurrent Clear Claimed Marks 0.053ms
[2025-09-23T16:01:06.911+0800][info][gc,marking  ] GC(72) Concurrent Cleanup for Next Mark
[2025-09-23T16:01:06.915+0800][info][gc,marking  ] GC(72) Concurrent Cleanup for Next Mark 3.334ms
[2025-09-23T16:01:06.915+0800][info][gc          ] GC(72) Concurrent Mark Cycle 291.238ms
[2025-09-23T16:01:10.443+0800][info][gc,start    ] GC(73) Pause Young (Prepare Mixed) (G1 Evacuation Pause)
[2025-09-23T16:01:10.443+0800][info][gc,task     ] GC(73) Using 8 workers of 8 for evacuation
[2025-09-23T16:01:10.506+0800][info][gc,phases   ] GC(73)   Pre Evacuate Collection Set: 0.1ms
[2025-09-23T16:01:10.506+0800][info][gc,phases   ] GC(73)   Merge Heap Roots: 0.2ms
[2025-09-23T16:01:10.506+0800][info][gc,phases   ] GC(73)   Evacuate Collection Set: 62.3ms
[2025-09-23T16:01:10.506+0800][info][gc,phases   ] GC(73)   Post Evacuate Collection Set: 0.5ms
[2025-09-23T16:01:10.506+0800][info][gc,phases   ] GC(73)   Other: 0.1ms
[2025-09-23T16:01:10.506+0800][info][gc,heap     ] GC(73) Eden regions: 127->0(126)
[2025-09-23T16:01:10.506+0800][info][gc,heap     ] GC(73) Survivor regions: 11->11(18)
[2025-09-23T16:01:10.506+0800][info][gc,heap     ] GC(73) Old regions: 117->118
[2025-09-23T16:01:10.506+0800][info][gc,heap     ] GC(73) Humongous regions: 3->3
[2025-09-23T16:01:10.506+0800][info][gc,metaspace] GC(73) Metaspace: 31390K(31936K)->31390K(31936K) NonClass: 26871K(27200K)->26871K(27200K) Class: 4519K(4736K)->4519K(4736K)
[2025-09-23T16:01:10.506+0800][info][gc          ] GC(73) Pause Young (Prepare Mixed) (G1 Evacuation Pause) 4119M->2108M(4544M) 63.292ms
[2025-09-23T16:01:10.506+0800][info][gc,cpu      ] GC(73) User=0.50s Sys=0.00s Real=0.06s
[2025-09-23T16:01:14.178+0800][info][gc,start    ] GC(74) Pause Young (Mixed) (G1 Evacuation Pause)
[2025-09-23T16:01:14.178+0800][info][gc,task     ] GC(74) Using 8 workers of 8 for evacuation
[2025-09-23T16:01:14.250+0800][info][gc,phases   ] GC(74)   Pre Evacuate Collection Set: 0.1ms
[2025-09-23T16:01:14.250+0800][info][gc,phases   ] GC(74)   Merge Heap Roots: 1.2ms
[2025-09-23T16:01:14.250+0800][info][gc,phases   ] GC(74)   Evacuate Collection Set: 69.9ms
[2025-09-23T16:01:14.250+0800][info][gc,phases   ] GC(74)   Post Evacuate Collection Set: 0.7ms
[2025-09-23T16:01:14.250+0800][info][gc,phases   ] GC(74)   Other: 0.1ms
[2025-09-23T16:01:14.250+0800][info][gc,heap     ] GC(74) Eden regions: 126->0(129)
[2025-09-23T16:01:14.250+0800][info][gc,heap     ] GC(74) Survivor regions: 11->10(18)
[2025-09-23T16:01:14.250+0800][info][gc,heap     ] GC(74) Old regions: 118->117
[2025-09-23T16:01:14.250+0800][info][gc,heap     ] GC(74) Humongous regions: 3->3
[2025-09-23T16:01:14.250+0800][info][gc,metaspace] GC(74) Metaspace: 31390K(31936K)->31390K(31936K) NonClass: 26871K(27200K)->26871K(27200K) Class: 4519K(4736K)->4519K(4736K)
[2025-09-23T16:01:14.250+0800][info][gc          ] GC(74) Pause Young (Mixed) (G1 Evacuation Pause) 4124M->2075M(4544M) 72.062ms
[2025-09-23T16:01:14.250+0800][info][gc,cpu      ] GC(74) User=0.57s Sys=0.00s Real=0.07s
[2025-09-23T16:01:18.013+0800][info][gc,start    ] GC(75) Pause Young (Concurrent Start) (G1 Evacuation Pause)
[2025-09-23T16:01:18.014+0800][info][gc,task     ] GC(75) Using 8 workers of 8 for evacuation
[2025-09-23T16:01:18.083+0800][info][gc,phases   ] GC(75)   Pre Evacuate Collection Set: 0.1ms
[2025-09-23T16:01:18.083+0800][info][gc,phases   ] GC(75)   Merge Heap Roots: 1.8ms
[2025-09-23T16:01:18.083+0800][info][gc,phases   ] GC(75)   Evacuate Collection Set: 66.6ms
[2025-09-23T16:01:18.083+0800][info][gc,phases   ] GC(75)   Post Evacuate Collection Set: 1.0ms
[2025-09-23T16:01:18.083+0800][info][gc,phases   ] GC(75)   Other: 0.0ms
[2025-09-23T16:01:18.083+0800][info][gc,heap     ] GC(75) Eden regions: 129->0(127)
[2025-09-23T16:01:18.083+0800][info][gc,heap     ] GC(75) Survivor regions: 10->10(18)
[2025-09-23T16:01:18.083+0800][info][gc,heap     ] GC(75) Old regions: 117->119
[2025-09-23T16:01:18.083+0800][info][gc,heap     ] GC(75) Humongous regions: 3->3
[2025-09-23T16:01:18.083+0800][info][gc,metaspace] GC(75) Metaspace: 31390K(31936K)->31390K(31936K) NonClass: 26871K(27200K)->26871K(27200K) Class: 4519K(4736K)->4519K(4736K)
[2025-09-23T16:01:18.083+0800][info][gc          ] GC(75) Pause Young (Concurrent Start) (G1 Evacuation Pause) 4139M->2104M(4544M) 69.666ms
[2025-09-23T16:01:18.083+0800][info][gc,cpu      ] GC(75) User=0.55s Sys=0.00s Real=0.08s
[2025-09-23T16:01:18.083+0800][info][gc          ] GC(76) Concurrent Mark Cycle
[2025-09-23T16:01:18.083+0800][info][gc,marking  ] GC(76) Concurrent Scan Root Regions
[2025-09-23T16:01:18.141+0800][info][gc,marking  ] GC(76) Concurrent Scan Root Regions 57.940ms
[2025-09-23T16:01:18.141+0800][info][gc,marking  ] GC(76) Concurrent Mark
[2025-09-23T16:01:18.141+0800][info][gc,marking  ] GC(76) Concurrent Mark From Roots
[2025-09-23T16:01:18.141+0800][info][gc,task     ] GC(76) Using 2 workers of 2 for marking
[2025-09-23T16:01:18.311+0800][info][gc,marking  ] GC(76) Concurrent Mark From Roots 170.016ms
[2025-09-23T16:01:18.311+0800][info][gc,marking  ] GC(76) Concurrent Preclean
[2025-09-23T16:01:18.311+0800][info][gc,marking  ] GC(76) Concurrent Preclean 0.094ms
[2025-09-23T16:01:18.311+0800][info][gc,start    ] GC(76) Pause Remark
[2025-09-23T16:01:18.313+0800][info][gc          ] GC(76) Pause Remark 2215M->2215M(4544M) 1.215ms
[2025-09-23T16:01:18.313+0800][info][gc,cpu      ] GC(76) User=0.00s Sys=0.00s Real=0.00s
[2025-09-23T16:01:18.313+0800][info][gc,marking  ] GC(76) Concurrent Mark 171.539ms
[2025-09-23T16:01:18.313+0800][info][gc,marking  ] GC(76) Concurrent Rebuild Remembered Sets and Scrub Regions
[2025-09-23T16:01:18.457+0800][info][gc,marking  ] GC(76) Concurrent Rebuild Remembered Sets and Scrub Regions 144.082ms
[2025-09-23T16:01:18.457+0800][info][gc,start    ] GC(76) Pause Cleanup
[2025-09-23T16:01:18.457+0800][info][gc          ] GC(76) Pause Cleanup 2269M->2269M(4544M) 0.131ms
[2025-09-23T16:01:18.457+0800][info][gc,cpu      ] GC(76) User=0.00s Sys=0.00s Real=0.00s
[2025-09-23T16:01:18.457+0800][info][gc,marking  ] GC(76) Concurrent Clear Claimed Marks
[2025-09-23T16:01:18.457+0800][info][gc,marking  ] GC(76) Concurrent Clear Claimed Marks 0.049ms
[2025-09-23T16:01:18.457+0800][info][gc,marking  ] GC(76) Concurrent Cleanup for Next Mark
[2025-09-23T16:01:18.461+0800][info][gc,marking  ] GC(76) Concurrent Cleanup for Next Mark 3.421ms
[2025-09-23T16:01:18.461+0800][info][gc          ] GC(76) Concurrent Mark Cycle 377.468ms
[2025-09-23T16:01:21.882+0800][info][gc,start    ] GC(77) Pause Young (Prepare Mixed) (G1 Evacuation Pause)
[2025-09-23T16:01:21.882+0800][info][gc,task     ] GC(77) Using 8 workers of 8 for evacuation
[2025-09-23T16:01:21.953+0800][info][gc,phases   ] GC(77)   Pre Evacuate Collection Set: 0.1ms
[2025-09-23T16:01:21.953+0800][info][gc,phases   ] GC(77)   Merge Heap Roots: 2.2ms
[2025-09-23T16:01:21.953+0800][info][gc,phases   ] GC(77)   Evacuate Collection Set: 67.0ms
[2025-09-23T16:01:21.953+0800][info][gc,phases   ] GC(77)   Post Evacuate Collection Set: 0.7ms
[2025-09-23T16:01:21.953+0800][info][gc,phases   ] GC(77)   Other: 0.0ms
[2025-09-23T16:01:21.953+0800][info][gc,heap     ] GC(77) Eden regions: 127->0(125)
[2025-09-23T16:01:21.953+0800][info][gc,heap     ] GC(77) Survivor regions: 10->10(18)
[2025-09-23T16:01:21.953+0800][info][gc,heap     ] GC(77) Old regions: 119->121
[2025-09-23T16:01:21.953+0800][info][gc,heap     ] GC(77) Humongous regions: 3->3
[2025-09-23T16:01:21.953+0800][info][gc,metaspace] GC(77) Metaspace: 31390K(31936K)->31390K(31936K) NonClass: 26871K(27200K)->26871K(27200K) Class: 4519K(4736K)->4519K(4736K)
[2025-09-23T16:01:21.953+0800][info][gc          ] GC(77) Pause Young (Prepare Mixed) (G1 Evacuation Pause) 4136M->2130M(4544M) 70.267ms
[2025-09-23T16:01:21.953+0800][info][gc,cpu      ] GC(77) User=0.55s Sys=0.00s Real=0.07s
[2025-09-23T16:01:25.573+0800][info][gc,start    ] GC(78) Pause Young (Mixed) (G1 Evacuation Pause)
[2025-09-23T16:01:25.573+0800][info][gc,task     ] GC(78) Using 8 workers of 8 for evacuation
[2025-09-23T16:01:25.648+0800][info][gc,phases   ] GC(78)   Pre Evacuate Collection Set: 0.1ms
[2025-09-23T16:01:25.648+0800][info][gc,phases   ] GC(78)   Merge Heap Roots: 1.9ms
[2025-09-23T16:01:25.648+0800][info][gc,phases   ] GC(78)   Evacuate Collection Set: 72.1ms
[2025-09-23T16:01:25.648+0800][info][gc,phases   ] GC(78)   Post Evacuate Collection Set: 0.8ms
[2025-09-23T16:01:25.648+0800][info][gc,phases   ] GC(78)   Other: 0.0ms
[2025-09-23T16:01:25.648+0800][info][gc,heap     ] GC(78) Eden regions: 125->0(126)
[2025-09-23T16:01:25.648+0800][info][gc,heap     ] GC(78) Survivor regions: 10->10(17)
[2025-09-23T16:01:25.648+0800][info][gc,heap     ] GC(78) Old regions: 121->120
[2025-09-23T16:01:25.648+0800][info][gc,heap     ] GC(78) Humongous regions: 3->3
[2025-09-23T16:01:25.648+0800][info][gc,metaspace] GC(78) Metaspace: 31390K(31936K)->31390K(31936K) NonClass: 26871K(27200K)->26871K(27200K) Class: 4519K(4736K)->4519K(4736K)
[2025-09-23T16:01:25.648+0800][info][gc          ] GC(78) Pause Young (Mixed) (G1 Evacuation Pause) 4130M->2119M(4544M) 75.053ms
[2025-09-23T16:01:25.648+0800][info][gc,cpu      ] GC(78) User=0.59s Sys=0.00s Real=0.08s
[2025-09-23T16:01:28.384+0800][info][gc,start    ] GC(79) Pause Young (Concurrent Start) (G1 Humongous Allocation)
[2025-09-23T16:01:28.384+0800][info][gc,task     ] GC(79) Using 8 workers of 8 for evacuation
[2025-09-23T16:01:28.453+0800][info][gc,phases   ] GC(79)   Pre Evacuate Collection Set: 0.1ms
[2025-09-23T16:01:28.453+0800][info][gc,phases   ] GC(79)   Merge Heap Roots: 2.5ms
[2025-09-23T16:01:28.453+0800][info][gc,phases   ] GC(79)   Evacuate Collection Set: 65.0ms
[2025-09-23T16:01:28.453+0800][info][gc,phases   ] GC(79)   Post Evacuate Collection Set: 1.0ms
[2025-09-23T16:01:28.453+0800][info][gc,phases   ] GC(79)   Other: 0.0ms
[2025-09-23T16:01:28.453+0800][info][gc,heap     ] GC(79) Eden regions: 96->0(125)
[2025-09-23T16:01:28.453+0800][info][gc,heap     ] GC(79) Survivor regions: 10->9(17)
[2025-09-23T16:01:28.453+0800][info][gc,heap     ] GC(79) Old regions: 120->123
[2025-09-23T16:01:28.453+0800][info][gc,heap     ] GC(79) Humongous regions: 3->3
[2025-09-23T16:01:28.453+0800][info][gc,metaspace] GC(79) Metaspace: 31390K(31936K)->31390K(31936K) NonClass: 26871K(27200K)->26871K(27200K) Class: 4519K(4736K)->4519K(4736K)
[2025-09-23T16:01:28.453+0800][info][gc          ] GC(79) Pause Young (Concurrent Start) (G1 Humongous Allocation) 3653M->2138M(4544M) 68.780ms
[2025-09-23T16:01:28.453+0800][info][gc          ] GC(80) Concurrent Mark Cycle
[2025-09-23T16:01:28.453+0800][info][gc,cpu      ] GC(79) User=0.55s Sys=0.00s Real=0.06s
[2025-09-23T16:01:28.453+0800][info][gc,marking  ] GC(80) Concurrent Scan Root Regions
[2025-09-23T16:01:28.495+0800][info][gc,marking  ] GC(80) Concurrent Scan Root Regions 42.356ms
[2025-09-23T16:01:28.495+0800][info][gc,marking  ] GC(80) Concurrent Mark
[2025-09-23T16:01:28.495+0800][info][gc,marking  ] GC(80) Concurrent Mark From Roots
[2025-09-23T16:01:28.495+0800][info][gc,task     ] GC(80) Using 2 workers of 2 for marking
[2025-09-23T16:01:28.779+0800][info][gc,marking  ] GC(80) Concurrent Mark From Roots 283.229ms
[2025-09-23T16:01:28.779+0800][info][gc,marking  ] GC(80) Concurrent Preclean
[2025-09-23T16:01:28.779+0800][info][gc,marking  ] GC(80) Concurrent Preclean 0.085ms
[2025-09-23T16:01:28.779+0800][info][gc,start    ] GC(80) Pause Remark
[2025-09-23T16:01:28.780+0800][info][gc          ] GC(80) Pause Remark 2357M->2357M(4544M) 1.196ms
[2025-09-23T16:01:28.780+0800][info][gc,cpu      ] GC(80) User=0.01s Sys=0.00s Real=0.00s
[2025-09-23T16:01:28.780+0800][info][gc,marking  ] GC(80) Concurrent Mark 284.712ms
[2025-09-23T16:01:28.780+0800][info][gc,marking  ] GC(80) Concurrent Rebuild Remembered Sets and Scrub Regions
[2025-09-23T16:01:29.034+0800][info][gc,marking  ] GC(80) Concurrent Rebuild Remembered Sets and Scrub Regions 254.350ms
[2025-09-23T16:01:29.035+0800][info][gc,start    ] GC(80) Pause Cleanup
[2025-09-23T16:01:29.035+0800][info][gc          ] GC(80) Pause Cleanup 2442M->2442M(4544M) 0.178ms
[2025-09-23T16:01:29.035+0800][info][gc,cpu      ] GC(80) User=0.00s Sys=0.00s Real=0.00s
[2025-09-23T16:01:29.035+0800][info][gc,marking  ] GC(80) Concurrent Clear Claimed Marks
[2025-09-23T16:01:29.035+0800][info][gc,marking  ] GC(80) Concurrent Clear Claimed Marks 0.059ms
[2025-09-23T16:01:29.035+0800][info][gc,marking  ] GC(80) Concurrent Cleanup for Next Mark
[2025-09-23T16:01:29.040+0800][info][gc,marking  ] GC(80) Concurrent Cleanup for Next Mark 5.033ms
[2025-09-23T16:01:29.040+0800][info][gc          ] GC(80) Concurrent Mark Cycle 587.009ms
[2025-09-23T16:01:32.277+0800][info][gc,start    ] GC(81) Pause Young (Prepare Mixed) (G1 Evacuation Pause)
[2025-09-23T16:01:32.277+0800][info][gc,task     ] GC(81) Using 8 workers of 8 for evacuation
[2025-09-23T16:01:32.384+0800][info][gc,phases   ] GC(81)   Pre Evacuate Collection Set: 0.1ms
[2025-09-23T16:01:32.384+0800][info][gc,phases   ] GC(81)   Merge Heap Roots: 2.8ms
[2025-09-23T16:01:32.384+0800][info][gc,phases   ] GC(81)   Evacuate Collection Set: 102.9ms
[2025-09-23T16:01:32.384+0800][info][gc,phases   ] GC(81)   Post Evacuate Collection Set: 0.6ms
[2025-09-23T16:01:32.384+0800][info][gc,phases   ] GC(81)   Other: 0.0ms
[2025-09-23T16:01:32.384+0800][info][gc,heap     ] GC(81) Eden regions: 125->0(115)
[2025-09-23T16:01:32.384+0800][info][gc,heap     ] GC(81) Survivor regions: 9->11(17)
[2025-09-23T16:01:32.384+0800][info][gc,heap     ] GC(81) Old regions: 123->123
[2025-09-23T16:01:32.384+0800][info][gc,heap     ] GC(81) Humongous regions: 9->9
[2025-09-23T16:01:32.384+0800][info][gc,metaspace] GC(81) Metaspace: 31390K(31936K)->31390K(31936K) NonClass: 26871K(27200K)->26871K(27200K) Class: 4519K(4736K)->4519K(4736K)
[2025-09-23T16:01:32.384+0800][info][gc          ] GC(81) Pause Young (Prepare Mixed) (G1 Evacuation Pause) 4234M->2275M(4544M) 106.662ms
[2025-09-23T16:01:32.384+0800][info][gc,cpu      ] GC(81) User=0.85s Sys=0.00s Real=0.11s
[2025-09-23T16:01:35.684+0800][info][gc,start    ] GC(82) Pause Young (Mixed) (G1 Evacuation Pause)
[2025-09-23T16:01:35.684+0800][info][gc,task     ] GC(82) Using 8 workers of 8 for evacuation
[2025-09-23T16:01:35.794+0800][info][gc,phases   ] GC(82)   Pre Evacuate Collection Set: 0.1ms
[2025-09-23T16:01:35.794+0800][info][gc,phases   ] GC(82)   Merge Heap Roots: 1.1ms
[2025-09-23T16:01:35.794+0800][info][gc,phases   ] GC(82)   Evacuate Collection Set: 108.0ms
[2025-09-23T16:01:35.794+0800][info][gc,phases   ] GC(82)   Post Evacuate Collection Set: 0.8ms
[2025-09-23T16:01:35.794+0800][info][gc,phases   ] GC(82)   Other: 0.0ms
[2025-09-23T16:01:35.794+0800][info][gc,heap     ] GC(82) Eden regions: 115->0(119)
[2025-09-23T16:01:35.794+0800][info][gc,heap     ] GC(82) Survivor regions: 11->9(16)
[2025-09-23T16:01:35.794+0800][info][gc,heap     ] GC(82) Old regions: 123->123
[2025-09-23T16:01:35.794+0800][info][gc,heap     ] GC(82) Humongous regions: 9->9
[2025-09-23T16:01:35.794+0800][info][gc,metaspace] GC(82) Metaspace: 31390K(31936K)->31390K(31936K) NonClass: 26871K(27200K)->26871K(27200K) Class: 4519K(4736K)->4519K(4736K)
[2025-09-23T16:01:35.794+0800][info][gc          ] GC(82) Pause Young (Mixed) (G1 Evacuation Pause) 4115M->2251M(4544M) 110.129ms
[2025-09-23T16:01:35.794+0800][info][gc,cpu      ] GC(82) User=0.88s Sys=0.00s Real=0.10s
[2025-09-23T16:01:39.215+0800][info][gc,start    ] GC(83) Pause Young (Concurrent Start) (G1 Evacuation Pause)
[2025-09-23T16:01:39.215+0800][info][gc,task     ] GC(83) Using 8 workers of 8 for evacuation
[2025-09-23T16:01:39.319+0800][info][gc,phases   ] GC(83)   Pre Evacuate Collection Set: 0.1ms
[2025-09-23T16:01:39.319+0800][info][gc,phases   ] GC(83)   Merge Heap Roots: 1.7ms
[2025-09-23T16:01:39.319+0800][info][gc,phases   ] GC(83)   Evacuate Collection Set: 101.8ms
[2025-09-23T16:01:39.319+0800][info][gc,phases   ] GC(83)   Post Evacuate Collection Set: 0.7ms
[2025-09-23T16:01:39.319+0800][info][gc,phases   ] GC(83)   Other: 0.0ms
[2025-09-23T16:01:39.319+0800][info][gc,heap     ] GC(83) Eden regions: 119->0(117)
[2025-09-23T16:01:39.319+0800][info][gc,heap     ] GC(83) Survivor regions: 9->9(16)
[2025-09-23T16:01:39.319+0800][info][gc,heap     ] GC(83) Old regions: 123->125
[2025-09-23T16:01:39.319+0800][info][gc,heap     ] GC(83) Humongous regions: 9->9
[2025-09-23T16:01:39.319+0800][info][gc,metaspace] GC(83) Metaspace: 31390K(31936K)->31390K(31936K) NonClass: 26871K(27200K)->26871K(27200K) Class: 4519K(4736K)->4519K(4736K)
[2025-09-23T16:01:39.320+0800][info][gc          ] GC(83) Pause Young (Concurrent Start) (G1 Evacuation Pause) 4155M->2279M(4544M) 104.548ms
[2025-09-23T16:01:39.320+0800][info][gc,cpu      ] GC(83) User=0.82s Sys=0.00s Real=0.10s
[2025-09-23T16:01:39.320+0800][info][gc          ] GC(84) Concurrent Mark Cycle
[2025-09-23T16:01:39.320+0800][info][gc,marking  ] GC(84) Concurrent Scan Root Regions
[2025-09-23T16:01:39.387+0800][info][gc,marking  ] GC(84) Concurrent Scan Root Regions 67.273ms
[2025-09-23T16:01:39.387+0800][info][gc,marking  ] GC(84) Concurrent Mark
[2025-09-23T16:01:39.387+0800][info][gc,marking  ] GC(84) Concurrent Mark From Roots
[2025-09-23T16:01:39.387+0800][info][gc,task     ] GC(84) Using 2 workers of 2 for marking
[2025-09-23T16:01:39.730+0800][info][gc,marking  ] GC(84) Concurrent Mark From Roots 342.823ms
[2025-09-23T16:01:39.730+0800][info][gc,marking  ] GC(84) Concurrent Preclean
[2025-09-23T16:01:39.730+0800][info][gc,marking  ] GC(84) Concurrent Preclean 0.086ms
[2025-09-23T16:01:39.730+0800][info][gc,start    ] GC(84) Pause Remark
[2025-09-23T16:01:39.731+0800][info][gc          ] GC(84) Pause Remark 2453M->2405M(4544M) 1.209ms
[2025-09-23T16:01:39.731+0800][info][gc,cpu      ] GC(84) User=0.01s Sys=0.00s Real=0.00s
[2025-09-23T16:01:39.731+0800][info][gc,marking  ] GC(84) Concurrent Mark 344.333ms
[2025-09-23T16:01:39.731+0800][info][gc,marking  ] GC(84) Concurrent Rebuild Remembered Sets and Scrub Regions
[2025-09-23T16:01:40.004+0800][info][gc,marking  ] GC(84) Concurrent Rebuild Remembered Sets and Scrub Regions 272.354ms
[2025-09-23T16:01:40.004+0800][info][gc,start    ] GC(84) Pause Cleanup
[2025-09-23T16:01:40.004+0800][info][gc          ] GC(84) Pause Cleanup 2503M->2503M(4544M) 0.147ms
[2025-09-23T16:01:40.004+0800][info][gc,cpu      ] GC(84) User=0.00s Sys=0.00s Real=0.00s
[2025-09-23T16:01:40.004+0800][info][gc,marking  ] GC(84) Concurrent Clear Claimed Marks
[2025-09-23T16:01:40.004+0800][info][gc,marking  ] GC(84) Concurrent Clear Claimed Marks 0.048ms
[2025-09-23T16:01:40.004+0800][info][gc,marking  ] GC(84) Concurrent Cleanup for Next Mark
[2025-09-23T16:01:40.007+0800][info][gc,marking  ] GC(84) Concurrent Cleanup for Next Mark 3.447ms
[2025-09-23T16:01:40.007+0800][info][gc          ] GC(84) Concurrent Mark Cycle 687.911ms
[2025-09-23T16:01:42.897+0800][info][gc,start    ] GC(85) Pause Young (Prepare Mixed) (G1 Evacuation Pause)
[2025-09-23T16:01:42.897+0800][info][gc,task     ] GC(85) Using 8 workers of 8 for evacuation
[2025-09-23T16:01:42.973+0800][info][gc,phases   ] GC(85)   Pre Evacuate Collection Set: 0.1ms
[2025-09-23T16:01:42.973+0800][info][gc,phases   ] GC(85)   Merge Heap Roots: 1.5ms
[2025-09-23T16:01:42.973+0800][info][gc,phases   ] GC(85)   Evacuate Collection Set: 73.4ms
[2025-09-23T16:01:42.973+0800][info][gc,phases   ] GC(85)   Post Evacuate Collection Set: 0.7ms
[2025-09-23T16:01:42.973+0800][info][gc,phases   ] GC(85)   Other: 0.0ms
[2025-09-23T16:01:42.973+0800][info][gc,heap     ] GC(85) Eden regions: 117->0(118)
[2025-09-23T16:01:42.973+0800][info][gc,heap     ] GC(85) Survivor regions: 9->10(16)
[2025-09-23T16:01:42.973+0800][info][gc,heap     ] GC(85) Old regions: 125->125
[2025-09-23T16:01:42.973+0800][info][gc,heap     ] GC(85) Humongous regions: 6->6
[2025-09-23T16:01:42.973+0800][info][gc,metaspace] GC(85) Metaspace: 31390K(31936K)->31390K(31936K) NonClass: 26871K(27200K)->26871K(27200K) Class: 4519K(4736K)->4519K(4736K)
[2025-09-23T16:01:42.973+0800][info][gc          ] GC(85) Pause Young (Prepare Mixed) (G1 Evacuation Pause) 4103M->2240M(4544M) 75.721ms
[2025-09-23T16:01:42.973+0800][info][gc,cpu      ] GC(85) User=0.59s Sys=0.00s Real=0.07s
[2025-09-23T16:01:46.333+0800][info][gc,start    ] GC(86) Pause Young (Mixed) (G1 Evacuation Pause)
[2025-09-23T16:01:46.333+0800][info][gc,task     ] GC(86) Using 8 workers of 8 for evacuation
[2025-09-23T16:01:46.419+0800][info][gc,phases   ] GC(86)   Pre Evacuate Collection Set: 0.1ms
[2025-09-23T16:01:46.419+0800][info][gc,phases   ] GC(86)   Merge Heap Roots: 1.1ms
[2025-09-23T16:01:46.419+0800][info][gc,phases   ] GC(86)   Evacuate Collection Set: 83.2ms
[2025-09-23T16:01:46.419+0800][info][gc,phases   ] GC(86)   Post Evacuate Collection Set: 0.8ms
[2025-09-23T16:01:46.419+0800][info][gc,phases   ] GC(86)   Other: 0.1ms
[2025-09-23T16:01:46.419+0800][info][gc,heap     ] GC(86) Eden regions: 118->0(119)
[2025-09-23T16:01:46.419+0800][info][gc,heap     ] GC(86) Survivor regions: 10->10(16)
[2025-09-23T16:01:46.419+0800][info][gc,heap     ] GC(86) Old regions: 125->124
[2025-09-23T16:01:46.419+0800][info][gc,heap     ] GC(86) Humongous regions: 6->6
[2025-09-23T16:01:46.419+0800][info][gc,metaspace] GC(86) Metaspace: 31390K(31936K)->31390K(31936K) NonClass: 26871K(27200K)->26871K(27200K) Class: 4519K(4736K)->4519K(4736K)
[2025-09-23T16:01:46.419+0800][info][gc          ] GC(86) Pause Young (Mixed) (G1 Evacuation Pause) 4128M->2226M(4544M) 85.440ms
[2025-09-23T16:01:46.419+0800][info][gc,cpu      ] GC(86) User=0.68s Sys=0.00s Real=0.09s
[2025-09-23T16:01:49.800+0800][info][gc,start    ] GC(87) Pause Young (Concurrent Start) (G1 Evacuation Pause)
[2025-09-23T16:01:49.800+0800][info][gc,task     ] GC(87) Using 8 workers of 8 for evacuation
[2025-09-23T16:01:49.876+0800][info][gc,phases   ] GC(87)   Pre Evacuate Collection Set: 0.1ms
[2025-09-23T16:01:49.876+0800][info][gc,phases   ] GC(87)   Merge Heap Roots: 1.4ms
[2025-09-23T16:01:49.876+0800][info][gc,phases   ] GC(87)   Evacuate Collection Set: 73.7ms
[2025-09-23T16:01:49.876+0800][info][gc,phases   ] GC(87)   Post Evacuate Collection Set: 0.6ms
[2025-09-23T16:01:49.876+0800][info][gc,phases   ] GC(87)   Other: 0.0ms
[2025-09-23T16:01:49.876+0800][info][gc,heap     ] GC(87) Eden regions: 119->0(119)
[2025-09-23T16:01:49.876+0800][info][gc,heap     ] GC(87) Survivor regions: 10->10(17)
[2025-09-23T16:01:49.876+0800][info][gc,heap     ] GC(87) Old regions: 124->124
[2025-09-23T16:01:49.876+0800][info][gc,heap     ] GC(87) Humongous regions: 6->6
[2025-09-23T16:01:49.876+0800][info][gc,metaspace] GC(87) Metaspace: 31390K(31936K)->31390K(31936K) NonClass: 26871K(27200K)->26871K(27200K) Class: 4519K(4736K)->4519K(4736K)
[2025-09-23T16:01:49.876+0800][info][gc          ] GC(87) Pause Young (Concurrent Start) (G1 Evacuation Pause) 4130M->2233M(4544M) 76.036ms
[2025-09-23T16:01:49.876+0800][info][gc,cpu      ] GC(87) User=0.61s Sys=0.00s Real=0.08s
[2025-09-23T16:01:49.876+0800][info][gc          ] GC(88) Concurrent Mark Cycle
[2025-09-23T16:01:49.876+0800][info][gc,marking  ] GC(88) Concurrent Scan Root Regions
[2025-09-23T16:01:49.941+0800][info][gc,marking  ] GC(88) Concurrent Scan Root Regions 65.054ms
[2025-09-23T16:01:49.941+0800][info][gc,marking  ] GC(88) Concurrent Mark
[2025-09-23T16:01:49.941+0800][info][gc,marking  ] GC(88) Concurrent Mark From Roots
[2025-09-23T16:01:49.941+0800][info][gc,task     ] GC(88) Using 2 workers of 2 for marking
[2025-09-23T16:01:50.331+0800][info][gc,marking  ] GC(88) Concurrent Mark From Roots 390.157ms
[2025-09-23T16:01:50.331+0800][info][gc,marking  ] GC(88) Concurrent Preclean
[2025-09-23T16:01:50.331+0800][info][gc,marking  ] GC(88) Concurrent Preclean 0.079ms
[2025-09-23T16:01:50.332+0800][info][gc,start    ] GC(88) Pause Remark
[2025-09-23T16:01:50.333+0800][info][gc          ] GC(88) Pause Remark 2430M->2430M(4544M) 1.195ms
[2025-09-23T16:01:50.333+0800][info][gc,cpu      ] GC(88) User=0.00s Sys=0.00s Real=0.00s
[2025-09-23T16:01:50.333+0800][info][gc,marking  ] GC(88) Concurrent Mark 391.619ms
[2025-09-23T16:01:50.333+0800][info][gc,marking  ] GC(88) Concurrent Rebuild Remembered Sets and Scrub Regions
[2025-09-23T16:01:50.603+0800][info][gc,marking  ] GC(88) Concurrent Rebuild Remembered Sets and Scrub Regions 269.834ms
[2025-09-23T16:01:50.603+0800][info][gc,start    ] GC(88) Pause Cleanup
[2025-09-23T16:01:50.603+0800][info][gc          ] GC(88) Pause Cleanup 2537M->2537M(4544M) 0.149ms
[2025-09-23T16:01:50.603+0800][info][gc,cpu      ] GC(88) User=0.00s Sys=0.00s Real=0.00s
[2025-09-23T16:01:50.603+0800][info][gc,marking  ] GC(88) Concurrent Clear Claimed Marks
[2025-09-23T16:01:50.603+0800][info][gc,marking  ] GC(88) Concurrent Clear Claimed Marks 0.051ms
[2025-09-23T16:01:50.603+0800][info][gc,marking  ] GC(88) Concurrent Cleanup for Next Mark
[2025-09-23T16:01:50.607+0800][info][gc,marking  ] GC(88) Concurrent Cleanup for Next Mark 3.687ms
[2025-09-23T16:01:50.607+0800][info][gc          ] GC(88) Concurrent Mark Cycle 730.694ms
[2025-09-23T16:01:53.449+0800][info][gc,start    ] GC(89) Pause Young (Prepare Mixed) (G1 Evacuation Pause)
[2025-09-23T16:01:53.449+0800][info][gc,task     ] GC(89) Using 8 workers of 8 for evacuation
[2025-09-23T16:01:53.529+0800][info][gc,phases   ] GC(89)   Pre Evacuate Collection Set: 0.1ms
[2025-09-23T16:01:53.529+0800][info][gc,phases   ] GC(89)   Merge Heap Roots: 1.3ms
[2025-09-23T16:01:53.529+0800][info][gc,phases   ] GC(89)   Evacuate Collection Set: 78.3ms
[2025-09-23T16:01:53.529+0800][info][gc,phases   ] GC(89)   Post Evacuate Collection Set: 0.8ms
[2025-09-23T16:01:53.529+0800][info][gc,phases   ] GC(89)   Other: 0.2ms
[2025-09-23T16:01:53.529+0800][info][gc,heap     ] GC(89) Eden regions: 119->0(118)
[2025-09-23T16:01:53.529+0800][info][gc,heap     ] GC(89) Survivor regions: 10->10(17)
[2025-09-23T16:01:53.529+0800][info][gc,heap     ] GC(89) Old regions: 124->125
[2025-09-23T16:01:53.529+0800][info][gc,heap     ] GC(89) Humongous regions: 6->6
[2025-09-23T16:01:53.529+0800][info][gc,metaspace] GC(89) Metaspace: 31390K(31936K)->31390K(31936K) NonClass: 26871K(27200K)->26871K(27200K) Class: 4519K(4736K)->4519K(4736K)
[2025-09-23T16:01:53.529+0800][info][gc          ] GC(89) Pause Young (Prepare Mixed) (G1 Evacuation Pause) 4137M->2245M(4544M) 80.770ms
[2025-09-23T16:01:53.529+0800][info][gc,cpu      ] GC(89) User=0.64s Sys=0.00s Real=0.08s
[2025-09-23T16:01:56.867+0800][info][gc,start    ] GC(90) Pause Young (Mixed) (G1 Evacuation Pause)
[2025-09-23T16:01:56.867+0800][info][gc,task     ] GC(90) Using 8 workers of 8 for evacuation
[2025-09-23T16:01:56.953+0800][info][gc,phases   ] GC(90)   Pre Evacuate Collection Set: 0.1ms
[2025-09-23T16:01:56.953+0800][info][gc,phases   ] GC(90)   Merge Heap Roots: 1.4ms
[2025-09-23T16:01:56.953+0800][info][gc,phases   ] GC(90)   Evacuate Collection Set: 83.3ms
[2025-09-23T16:01:56.953+0800][info][gc,phases   ] GC(90)   Post Evacuate Collection Set: 0.8ms
[2025-09-23T16:01:56.953+0800][info][gc,phases   ] GC(90)   Other: 0.0ms
[2025-09-23T16:01:56.953+0800][info][gc,heap     ] GC(90) Eden regions: 118->0(118)
[2025-09-23T16:01:56.953+0800][info][gc,heap     ] GC(90) Survivor regions: 10->10(16)
[2025-09-23T16:01:56.953+0800][info][gc,heap     ] GC(90) Old regions: 125->125
[2025-09-23T16:01:56.953+0800][info][gc,heap     ] GC(90) Humongous regions: 6->6
[2025-09-23T16:01:56.953+0800][info][gc,metaspace] GC(90) Metaspace: 31390K(31936K)->31390K(31936K) NonClass: 26871K(27200K)->26871K(27200K) Class: 4519K(4736K)->4519K(4736K)
[2025-09-23T16:01:56.953+0800][info][gc          ] GC(90) Pause Young (Mixed) (G1 Evacuation Pause) 4133M->2241M(4544M) 85.744ms
[2025-09-23T16:01:56.953+0800][info][gc,cpu      ] GC(90) User=0.67s Sys=0.00s Real=0.08s
[2025-09-23T16:02:00.286+0800][info][gc,start    ] GC(91) Pause Young (Concurrent Start) (G1 Evacuation Pause)
[2025-09-23T16:02:00.286+0800][info][gc,task     ] GC(91) Using 8 workers of 8 for evacuation
[2025-09-23T16:02:00.365+0800][info][gc,phases   ] GC(91)   Pre Evacuate Collection Set: 0.1ms
[2025-09-23T16:02:00.365+0800][info][gc,phases   ] GC(91)   Merge Heap Roots: 1.3ms
[2025-09-23T16:02:00.365+0800][info][gc,phases   ] GC(91)   Evacuate Collection Set: 77.0ms
[2025-09-23T16:02:00.365+0800][info][gc,phases   ] GC(91)   Post Evacuate Collection Set: 0.7ms
[2025-09-23T16:02:00.365+0800][info][gc,phases   ] GC(91)   Other: 0.1ms
[2025-09-23T16:02:00.365+0800][info][gc,heap     ] GC(91) Eden regions: 118->0(117)
[2025-09-23T16:02:00.365+0800][info][gc,heap     ] GC(91) Survivor regions: 10->10(16)
[2025-09-23T16:02:00.365+0800][info][gc,heap     ] GC(91) Old regions: 125->126
[2025-09-23T16:02:00.365+0800][info][gc,heap     ] GC(91) Humongous regions: 6->6
[2025-09-23T16:02:00.365+0800][info][gc,metaspace] GC(91) Metaspace: 31390K(31936K)->31390K(31936K) NonClass: 26871K(27200K)->26871K(27200K) Class: 4519K(4736K)->4519K(4736K)
[2025-09-23T16:02:00.365+0800][info][gc          ] GC(91) Pause Young (Concurrent Start) (G1 Evacuation Pause) 4129M->2253M(4544M) 79.264ms
[2025-09-23T16:02:00.365+0800][info][gc,cpu      ] GC(91) User=0.63s Sys=0.00s Real=0.08s
[2025-09-23T16:02:00.365+0800][info][gc          ] GC(92) Concurrent Mark Cycle
[2025-09-23T16:02:00.365+0800][info][gc,marking  ] GC(92) Concurrent Scan Root Regions
[2025-09-23T16:02:00.432+0800][info][gc,marking  ] GC(92) Concurrent Scan Root Regions 66.550ms
[2025-09-23T16:02:00.432+0800][info][gc,marking  ] GC(92) Concurrent Mark
[2025-09-23T16:02:00.432+0800][info][gc,marking  ] GC(92) Concurrent Mark From Roots
[2025-09-23T16:02:00.432+0800][info][gc,task     ] GC(92) Using 2 workers of 2 for marking
[2025-09-23T16:02:00.860+0800][info][gc,marking  ] GC(92) Concurrent Mark From Roots 428.457ms
[2025-09-23T16:02:00.860+0800][info][gc,marking  ] GC(92) Concurrent Preclean
[2025-09-23T16:02:00.861+0800][info][gc,marking  ] GC(92) Concurrent Preclean 0.091ms
[2025-09-23T16:02:00.861+0800][info][gc,start    ] GC(92) Pause Remark
[2025-09-23T16:02:00.862+0800][info][gc          ] GC(92) Pause Remark 2466M->2466M(4544M) 1.180ms
[2025-09-23T16:02:00.862+0800][info][gc,cpu      ] GC(92) User=0.01s Sys=0.00s Real=0.00s
[2025-09-23T16:02:00.862+0800][info][gc,marking  ] GC(92) Concurrent Mark 429.943ms
[2025-09-23T16:02:00.862+0800][info][gc,marking  ] GC(92) Concurrent Rebuild Remembered Sets and Scrub Regions
[2025-09-23T16:02:01.160+0800][info][gc,marking  ] GC(92) Concurrent Rebuild Remembered Sets and Scrub Regions 298.158ms
[2025-09-23T16:02:01.160+0800][info][gc,start    ] GC(92) Pause Cleanup
[2025-09-23T16:02:01.160+0800][info][gc          ] GC(92) Pause Cleanup 2578M->2578M(4544M) 0.140ms
[2025-09-23T16:02:01.160+0800][info][gc,cpu      ] GC(92) User=0.00s Sys=0.00s Real=0.00s
[2025-09-23T16:02:01.160+0800][info][gc,marking  ] GC(92) Concurrent Clear Claimed Marks
[2025-09-23T16:02:01.160+0800][info][gc,marking  ] GC(92) Concurrent Clear Claimed Marks 0.052ms
[2025-09-23T16:02:01.160+0800][info][gc,marking  ] GC(92) Concurrent Cleanup for Next Mark
[2025-09-23T16:02:01.164+0800][info][gc,marking  ] GC(92) Concurrent Cleanup for Next Mark 3.388ms
[2025-09-23T16:02:01.164+0800][info][gc          ] GC(92) Concurrent Mark Cycle 798.552ms
[2025-09-23T16:02:03.932+0800][info][gc,start    ] GC(93) Pause Young (Prepare Mixed) (G1 Evacuation Pause)
[2025-09-23T16:02:03.932+0800][info][gc,task     ] GC(93) Using 8 workers of 8 for evacuation
[2025-09-23T16:02:04.011+0800][info][gc,phases   ] GC(93)   Pre Evacuate Collection Set: 0.1ms
[2025-09-23T16:02:04.011+0800][info][gc,phases   ] GC(93)   Merge Heap Roots: 1.3ms
[2025-09-23T16:02:04.011+0800][info][gc,phases   ] GC(93)   Evacuate Collection Set: 76.9ms
[2025-09-23T16:02:04.011+0800][info][gc,phases   ] GC(93)   Post Evacuate Collection Set: 0.8ms
[2025-09-23T16:02:04.011+0800][info][gc,phases   ] GC(93)   Other: 0.0ms
[2025-09-23T16:02:04.011+0800][info][gc,heap     ] GC(93) Eden regions: 117->0(118)
[2025-09-23T16:02:04.011+0800][info][gc,heap     ] GC(93) Survivor regions: 10->8(16)
[2025-09-23T16:02:04.011+0800][info][gc,heap     ] GC(93) Old regions: 126->129
[2025-09-23T16:02:04.011+0800][info][gc,heap     ] GC(93) Humongous regions: 6->6
[2025-09-23T16:02:04.011+0800][info][gc,metaspace] GC(93) Metaspace: 31390K(31936K)->31390K(31936K) NonClass: 26871K(27200K)->26871K(27200K) Class: 4519K(4736K)->4519K(4736K)
[2025-09-23T16:02:04.011+0800][info][gc          ] GC(93) Pause Young (Prepare Mixed) (G1 Evacuation Pause) 4125M->2266M(4544M) 79.220ms
[2025-09-23T16:02:04.012+0800][info][gc,cpu      ] GC(93) User=0.63s Sys=0.00s Real=0.08s
[2025-09-23T16:02:07.324+0800][info][gc,start    ] GC(94) Pause Young (Mixed) (G1 Evacuation Pause)
[2025-09-23T16:02:07.324+0800][info][gc,task     ] GC(94) Using 8 workers of 8 for evacuation
[2025-09-23T16:02:07.401+0800][info][gc,phases   ] GC(94)   Pre Evacuate Collection Set: 0.1ms
[2025-09-23T16:02:07.401+0800][info][gc,phases   ] GC(94)   Merge Heap Roots: 1.6ms
[2025-09-23T16:02:07.401+0800][info][gc,phases   ] GC(94)   Evacuate Collection Set: 74.3ms
[2025-09-23T16:02:07.401+0800][info][gc,phases   ] GC(94)   Post Evacuate Collection Set: 0.7ms
[2025-09-23T16:02:07.401+0800][info][gc,phases   ] GC(94)   Other: 0.0ms
[2025-09-23T16:02:07.401+0800][info][gc,heap     ] GC(94) Eden regions: 118->0(119)
[2025-09-23T16:02:07.401+0800][info][gc,heap     ] GC(94) Survivor regions: 8->8(16)
[2025-09-23T16:02:07.401+0800][info][gc,heap     ] GC(94) Old regions: 129->128
[2025-09-23T16:02:07.401+0800][info][gc,heap     ] GC(94) Humongous regions: 6->6
[2025-09-23T16:02:07.401+0800][info][gc,metaspace] GC(94) Metaspace: 31390K(31936K)->31390K(31936K) NonClass: 26871K(27200K)->26871K(27200K) Class: 4519K(4736K)->4519K(4736K)
[2025-09-23T16:02:07.401+0800][info][gc          ] GC(94) Pause Young (Mixed) (G1 Evacuation Pause) 4154M->2263M(4544M) 76.827ms
[2025-09-23T16:02:07.401+0800][info][gc,cpu      ] GC(94) User=0.62s Sys=0.00s Real=0.07s
[2025-09-23T16:02:10.728+0800][info][gc,start    ] GC(95) Pause Young (Concurrent Start) (G1 Evacuation Pause)
[2025-09-23T16:02:10.728+0800][info][gc,task     ] GC(95) Using 8 workers of 8 for evacuation
[2025-09-23T16:02:10.804+0800][info][gc,phases   ] GC(95)   Pre Evacuate Collection Set: 0.1ms
[2025-09-23T16:02:10.804+0800][info][gc,phases   ] GC(95)   Merge Heap Roots: 1.0ms
[2025-09-23T16:02:10.804+0800][info][gc,phases   ] GC(95)   Evacuate Collection Set: 73.8ms
[2025-09-23T16:02:10.804+0800][info][gc,phases   ] GC(95)   Post Evacuate Collection Set: 0.7ms
[2025-09-23T16:02:10.804+0800][info][gc,phases   ] GC(95)   Other: 0.0ms
[2025-09-23T16:02:10.804+0800][info][gc,heap     ] GC(95) Eden regions: 119->0(117)
[2025-09-23T16:02:10.804+0800][info][gc,heap     ] GC(95) Survivor regions: 8->9(16)
[2025-09-23T16:02:10.804+0800][info][gc,heap     ] GC(95) Old regions: 128->128
[2025-09-23T16:02:10.804+0800][info][gc,heap     ] GC(95) Humongous regions: 6->6
[2025-09-23T16:02:10.804+0800][info][gc,metaspace] GC(95) Metaspace: 31390K(31936K)->31390K(31936K) NonClass: 26871K(27200K)->26871K(27200K) Class: 4519K(4736K)->4519K(4736K)
[2025-09-23T16:02:10.804+0800][info][gc          ] GC(95) Pause Young (Concurrent Start) (G1 Evacuation Pause) 4167M->2274M(4544M) 75.804ms
[2025-09-23T16:02:10.804+0800][info][gc,cpu      ] GC(95) User=0.59s Sys=0.00s Real=0.08s
[2025-09-23T16:02:10.804+0800][info][gc          ] GC(96) Concurrent Mark Cycle
[2025-09-23T16:02:10.804+0800][info][gc,marking  ] GC(96) Concurrent Scan Root Regions
[2025-09-23T16:02:10.838+0800][info][gc,marking  ] GC(96) Concurrent Scan Root Regions 34.449ms
[2025-09-23T16:02:10.838+0800][info][gc,marking  ] GC(96) Concurrent Mark
[2025-09-23T16:02:10.838+0800][info][gc,marking  ] GC(96) Concurrent Mark From Roots
[2025-09-23T16:02:10.838+0800][info][gc,task     ] GC(96) Using 2 workers of 2 for marking
[2025-09-23T16:02:11.364+0800][info][gc,marking  ] GC(96) Concurrent Mark From Roots 525.693ms
[2025-09-23T16:02:11.364+0800][info][gc,marking  ] GC(96) Concurrent Preclean
[2025-09-23T16:02:11.364+0800][info][gc,marking  ] GC(96) Concurrent Preclean 0.073ms
[2025-09-23T16:02:11.364+0800][info][gc,start    ] GC(96) Pause Remark
[2025-09-23T16:02:11.366+0800][info][gc          ] GC(96) Pause Remark 2519M->2519M(4544M) 1.228ms
[2025-09-23T16:02:11.366+0800][info][gc,cpu      ] GC(96) User=0.01s Sys=0.00s Real=0.00s
[2025-09-23T16:02:11.366+0800][info][gc,marking  ] GC(96) Concurrent Mark 527.225ms
[2025-09-23T16:02:11.366+0800][info][gc,marking  ] GC(96) Concurrent Rebuild Remembered Sets and Scrub Regions
[2025-09-23T16:02:11.703+0800][info][gc,marking  ] GC(96) Concurrent Rebuild Remembered Sets and Scrub Regions 337.528ms
[2025-09-23T16:02:11.703+0800][info][gc,start    ] GC(96) Pause Cleanup
[2025-09-23T16:02:11.703+0800][info][gc          ] GC(96) Pause Cleanup 2642M->2642M(4544M) 0.142ms
[2025-09-23T16:02:11.703+0800][info][gc,cpu      ] GC(96) User=0.00s Sys=0.00s Real=0.00s
[2025-09-23T16:02:11.703+0800][info][gc,marking  ] GC(96) Concurrent Clear Claimed Marks
[2025-09-23T16:02:11.703+0800][info][gc,marking  ] GC(96) Concurrent Clear Claimed Marks 0.049ms
[2025-09-23T16:02:11.703+0800][info][gc,marking  ] GC(96) Concurrent Cleanup for Next Mark
[2025-09-23T16:02:11.707+0800][info][gc,marking  ] GC(96) Concurrent Cleanup for Next Mark 3.500ms
[2025-09-23T16:02:11.707+0800][info][gc          ] GC(96) Concurrent Mark Cycle 903.196ms
[2025-09-23T16:02:14.350+0800][info][gc,start    ] GC(97) Pause Young (Prepare Mixed) (G1 Evacuation Pause)
[2025-09-23T16:02:14.350+0800][info][gc,task     ] GC(97) Using 8 workers of 8 for evacuation
[2025-09-23T16:02:14.429+0800][info][gc,phases   ] GC(97)   Pre Evacuate Collection Set: 0.1ms
[2025-09-23T16:02:14.429+0800][info][gc,phases   ] GC(97)   Merge Heap Roots: 1.3ms
[2025-09-23T16:02:14.429+0800][info][gc,phases   ] GC(97)   Evacuate Collection Set: 76.5ms
[2025-09-23T16:02:14.429+0800][info][gc,phases   ] GC(97)   Post Evacuate Collection Set: 0.7ms
[2025-09-23T16:02:14.429+0800][info][gc,phases   ] GC(97)   Other: 0.1ms
[2025-09-23T16:02:14.429+0800][info][gc,heap     ] GC(97) Eden regions: 117->0(117)
[2025-09-23T16:02:14.429+0800][info][gc,heap     ] GC(97) Survivor regions: 9->9(16)
[2025-09-23T16:02:14.429+0800][info][gc,heap     ] GC(97) Old regions: 128->128
[2025-09-23T16:02:14.429+0800][info][gc,heap     ] GC(97) Humongous regions: 6->6
[2025-09-23T16:02:14.429+0800][info][gc,metaspace] GC(97) Metaspace: 31390K(31936K)->31390K(31936K) NonClass: 26871K(27200K)->26871K(27200K) Class: 4519K(4736K)->4519K(4736K)
[2025-09-23T16:02:14.429+0800][info][gc          ] GC(97) Pause Young (Prepare Mixed) (G1 Evacuation Pause) 4146M->2279M(4544M) 78.813ms
[2025-09-23T16:02:14.429+0800][info][gc,cpu      ] GC(97) User=0.62s Sys=0.00s Real=0.08s
[2025-09-23T16:02:17.705+0800][info][gc,start    ] GC(98) Pause Young (Mixed) (G1 Evacuation Pause)
[2025-09-23T16:02:17.705+0800][info][gc,task     ] GC(98) Using 8 workers of 8 for evacuation
[2025-09-23T16:02:17.790+0800][info][gc,phases   ] GC(98)   Pre Evacuate Collection Set: 0.1ms
[2025-09-23T16:02:17.790+0800][info][gc,phases   ] GC(98)   Merge Heap Roots: 1.1ms
[2025-09-23T16:02:17.790+0800][info][gc,phases   ] GC(98)   Evacuate Collection Set: 82.8ms
[2025-09-23T16:02:17.790+0800][info][gc,phases   ] GC(98)   Post Evacuate Collection Set: 0.8ms
[2025-09-23T16:02:17.790+0800][info][gc,phases   ] GC(98)   Other: 0.0ms
[2025-09-23T16:02:17.790+0800][info][gc,heap     ] GC(98) Eden regions: 117->0(117)
[2025-09-23T16:02:17.790+0800][info][gc,heap     ] GC(98) Survivor regions: 9->9(16)
[2025-09-23T16:02:17.790+0800][info][gc,heap     ] GC(98) Old regions: 128->128
[2025-09-23T16:02:17.790+0800][info][gc,heap     ] GC(98) Humongous regions: 6->6
[2025-09-23T16:02:17.790+0800][info][gc,metaspace] GC(98) Metaspace: 31390K(31936K)->31390K(31936K) NonClass: 26871K(27200K)->26871K(27200K) Class: 4519K(4736K)->4519K(4736K)
[2025-09-23T16:02:17.790+0800][info][gc          ] GC(98) Pause Young (Mixed) (G1 Evacuation Pause) 4151M->2278M(4544M) 84.911ms
[2025-09-23T16:02:17.790+0800][info][gc,cpu      ] GC(98) User=0.68s Sys=0.00s Real=0.08s
[2025-09-23T16:02:21.050+0800][info][gc,start    ] GC(99) Pause Young (Concurrent Start) (G1 Evacuation Pause)
[2025-09-23T16:02:21.050+0800][info][gc,task     ] GC(99) Using 8 workers of 8 for evacuation
[2025-09-23T16:02:21.131+0800][info][gc,phases   ] GC(99)   Pre Evacuate Collection Set: 0.1ms
[2025-09-23T16:02:21.131+0800][info][gc,phases   ] GC(99)   Merge Heap Roots: 1.3ms
[2025-09-23T16:02:21.131+0800][info][gc,phases   ] GC(99)   Evacuate Collection Set: 78.8ms
[2025-09-23T16:02:21.131+0800][info][gc,phases   ] GC(99)   Post Evacuate Collection Set: 0.8ms
[2025-09-23T16:02:21.131+0800][info][gc,phases   ] GC(99)   Other: 0.0ms
[2025-09-23T16:02:21.131+0800][info][gc,heap     ] GC(99) Eden regions: 117->0(116)
[2025-09-23T16:02:21.131+0800][info][gc,heap     ] GC(99) Survivor regions: 9->9(16)
[2025-09-23T16:02:21.131+0800][info][gc,heap     ] GC(99) Old regions: 128->129
[2025-09-23T16:02:21.131+0800][info][gc,heap     ] GC(99) Humongous regions: 6->6
[2025-09-23T16:02:21.131+0800][info][gc,metaspace] GC(99) Metaspace: 31390K(31936K)->31390K(31936K) NonClass: 26871K(27200K)->26871K(27200K) Class: 4519K(4736K)->4519K(4736K)
[2025-09-23T16:02:21.131+0800][info][gc          ] GC(99) Pause Young (Concurrent Start) (G1 Evacuation Pause) 4150M->2296M(4544M) 81.195ms
[2025-09-23T16:02:21.131+0800][info][gc          ] GC(100) Concurrent Mark Cycle
[2025-09-23T16:02:21.131+0800][info][gc,cpu      ] GC(99) User=0.65s Sys=0.00s Real=0.08s
[2025-09-23T16:02:21.131+0800][info][gc,marking  ] GC(100) Concurrent Scan Root Regions
[2025-09-23T16:02:21.162+0800][info][gc,marking  ] GC(100) Concurrent Scan Root Regions 31.324ms
[2025-09-23T16:02:21.162+0800][info][gc,marking  ] GC(100) Concurrent Mark
[2025-09-23T16:02:21.162+0800][info][gc,marking  ] GC(100) Concurrent Mark From Roots
[2025-09-23T16:02:21.162+0800][info][gc,task     ] GC(100) Using 2 workers of 2 for marking
[2025-09-23T16:02:21.643+0800][info][gc,marking  ] GC(100) Concurrent Mark From Roots 480.644ms
[2025-09-23T16:02:21.643+0800][info][gc,marking  ] GC(100) Concurrent Preclean
[2025-09-23T16:02:21.643+0800][info][gc,marking  ] GC(100) Concurrent Preclean 0.078ms
[2025-09-23T16:02:21.643+0800][info][gc,start    ] GC(100) Pause Remark
[2025-09-23T16:02:21.645+0800][info][gc          ] GC(100) Pause Remark 2509M->2509M(4544M) 1.168ms
[2025-09-23T16:02:21.645+0800][info][gc,cpu      ] GC(100) User=0.01s Sys=0.00s Real=0.00s
[2025-09-23T16:02:21.645+0800][info][gc,marking  ] GC(100) Concurrent Mark 482.087ms
[2025-09-23T16:02:21.645+0800][info][gc,marking  ] GC(100) Concurrent Rebuild Remembered Sets and Scrub Regions
[2025-09-23T16:02:22.005+0800][info][gc,marking  ] GC(100) Concurrent Rebuild Remembered Sets and Scrub Regions 360.081ms
[2025-09-23T16:02:22.005+0800][info][gc,start    ] GC(100) Pause Cleanup
[2025-09-23T16:02:22.005+0800][info][gc          ] GC(100) Pause Cleanup 2657M->2657M(4544M) 0.126ms
[2025-09-23T16:02:22.005+0800][info][gc,cpu      ] GC(100) User=0.01s Sys=0.00s Real=0.00s
[2025-09-23T16:02:22.005+0800][info][gc,marking  ] GC(100) Concurrent Clear Claimed Marks
[2025-09-23T16:02:22.005+0800][info][gc,marking  ] GC(100) Concurrent Clear Claimed Marks 0.052ms
[2025-09-23T16:02:22.005+0800][info][gc,marking  ] GC(100) Concurrent Cleanup for Next Mark
[2025-09-23T16:02:22.008+0800][info][gc,marking  ] GC(100) Concurrent Cleanup for Next Mark 3.342ms
[2025-09-23T16:02:22.008+0800][info][gc          ] GC(100) Concurrent Mark Cycle 877.324ms
[2025-09-23T16:02:24.648+0800][info][gc,start    ] GC(101) Pause Young (Prepare Mixed) (G1 Evacuation Pause)
[2025-09-23T16:02:24.648+0800][info][gc,task     ] GC(101) Using 8 workers of 8 for evacuation
[2025-09-23T16:02:24.729+0800][info][gc,phases   ] GC(101)   Pre Evacuate Collection Set: 0.1ms
[2025-09-23T16:02:24.729+0800][info][gc,phases   ] GC(101)   Merge Heap Roots: 1.5ms
[2025-09-23T16:02:24.729+0800][info][gc,phases   ] GC(101)   Evacuate Collection Set: 78.0ms
[2025-09-23T16:02:24.729+0800][info][gc,phases   ] GC(101)   Post Evacuate Collection Set: 0.7ms
[2025-09-23T16:02:24.729+0800][info][gc,phases   ] GC(101)   Other: 0.0ms
[2025-09-23T16:02:24.729+0800][info][gc,heap     ] GC(101) Eden regions: 116->0(116)
[2025-09-23T16:02:24.729+0800][info][gc,heap     ] GC(101) Survivor regions: 9->9(16)
[2025-09-23T16:02:24.729+0800][info][gc,heap     ] GC(101) Old regions: 129->129
[2025-09-23T16:02:24.729+0800][info][gc,heap     ] GC(101) Humongous regions: 6->6
[2025-09-23T16:02:24.729+0800][info][gc,metaspace] GC(101) Metaspace: 31390K(31936K)->31390K(31936K) NonClass: 26871K(27200K)->26871K(27200K) Class: 4519K(4736K)->4519K(4736K)
[2025-09-23T16:02:24.729+0800][info][gc          ] GC(101) Pause Young (Prepare Mixed) (G1 Evacuation Pause) 4152M->2293M(4544M) 80.491ms
[2025-09-23T16:02:24.729+0800][info][gc,cpu      ] GC(101) User=0.64s Sys=0.00s Real=0.08s
[2025-09-23T16:02:27.878+0800][info][gc,start    ] GC(102) Pause Young (Mixed) (G1 Evacuation Pause)
[2025-09-23T16:02:27.878+0800][info][gc,task     ] GC(102) Using 8 workers of 8 for evacuation
[2025-09-23T16:02:27.964+0800][info][gc,phases   ] GC(102)   Pre Evacuate Collection Set: 0.1ms
[2025-09-23T16:02:27.964+0800][info][gc,phases   ] GC(102)   Merge Heap Roots: 1.1ms
[2025-09-23T16:02:27.964+0800][info][gc,phases   ] GC(102)   Evacuate Collection Set: 84.3ms
[2025-09-23T16:02:27.964+0800][info][gc,phases   ] GC(102)   Post Evacuate Collection Set: 0.8ms
[2025-09-23T16:02:27.964+0800][info][gc,phases   ] GC(102)   Other: 0.0ms
[2025-09-23T16:02:27.964+0800][info][gc,heap     ] GC(102) Eden regions: 116->0(116)
[2025-09-23T16:02:27.964+0800][info][gc,heap     ] GC(102) Survivor regions: 9->9(16)
[2025-09-23T16:02:27.964+0800][info][gc,heap     ] GC(102) Old regions: 129->129
[2025-09-23T16:02:27.964+0800][info][gc,heap     ] GC(102) Humongous regions: 6->6
[2025-09-23T16:02:27.964+0800][info][gc,metaspace] GC(102) Metaspace: 31390K(31936K)->31390K(31936K) NonClass: 26871K(27200K)->26871K(27200K) Class: 4519K(4736K)->4519K(4736K)
[2025-09-23T16:02:27.964+0800][info][gc          ] GC(102) Pause Young (Mixed) (G1 Evacuation Pause) 4149M->2299M(4544M) 86.460ms
[2025-09-23T16:02:27.964+0800][info][gc,cpu      ] GC(102) User=0.68s Sys=0.00s Real=0.09s
[2025-09-23T16:02:31.096+0800][info][gc,start    ] GC(103) Pause Young (Concurrent Start) (G1 Evacuation Pause)
[2025-09-23T16:02:31.096+0800][info][gc,task     ] GC(103) Using 8 workers of 8 for evacuation
[2025-09-23T16:02:31.178+0800][info][gc,phases   ] GC(103)   Pre Evacuate Collection Set: 0.1ms
[2025-09-23T16:02:31.178+0800][info][gc,phases   ] GC(103)   Merge Heap Roots: 1.3ms
[2025-09-23T16:02:31.178+0800][info][gc,phases   ] GC(103)   Evacuate Collection Set: 80.2ms
[2025-09-23T16:02:31.178+0800][info][gc,phases   ] GC(103)   Post Evacuate Collection Set: 0.8ms
[2025-09-23T16:02:31.178+0800][info][gc,phases   ] GC(103)   Other: 0.0ms
[2025-09-23T16:02:31.178+0800][info][gc,heap     ] GC(103) Eden regions: 116->0(115)
[2025-09-23T16:02:31.178+0800][info][gc,heap     ] GC(103) Survivor regions: 9->9(16)
[2025-09-23T16:02:31.178+0800][info][gc,heap     ] GC(103) Old regions: 129->130
[2025-09-23T16:02:31.178+0800][info][gc,heap     ] GC(103) Humongous regions: 6->6
[2025-09-23T16:02:31.178+0800][info][gc,metaspace] GC(103) Metaspace: 31390K(31936K)->31390K(31936K) NonClass: 26871K(27200K)->26871K(27200K) Class: 4519K(4736K)->4519K(4736K)
[2025-09-23T16:02:31.178+0800][info][gc          ] GC(103) Pause Young (Concurrent Start) (G1 Evacuation Pause) 4155M->2312M(4544M) 82.592ms
[2025-09-23T16:02:31.178+0800][info][gc,cpu      ] GC(103) User=0.65s Sys=0.00s Real=0.08s
[2025-09-23T16:02:31.178+0800][info][gc          ] GC(104) Concurrent Mark Cycle
[2025-09-23T16:02:31.178+0800][info][gc,marking  ] GC(104) Concurrent Scan Root Regions
[2025-09-23T16:02:31.212+0800][info][gc,marking  ] GC(104) Concurrent Scan Root Regions 33.665ms
[2025-09-23T16:02:31.212+0800][info][gc,marking  ] GC(104) Concurrent Mark
[2025-09-23T16:02:31.212+0800][info][gc,marking  ] GC(104) Concurrent Mark From Roots
[2025-09-23T16:02:31.212+0800][info][gc,task     ] GC(104) Using 2 workers of 2 for marking
[2025-09-23T16:02:31.746+0800][info][gc,marking  ] GC(104) Concurrent Mark From Roots 534.385ms
[2025-09-23T16:02:31.747+0800][info][gc,marking  ] GC(104) Concurrent Preclean
[2025-09-23T16:02:31.747+0800][info][gc,marking  ] GC(104) Concurrent Preclean 0.088ms
[2025-09-23T16:02:31.747+0800][info][gc,start    ] GC(104) Pause Remark
[2025-09-23T16:02:31.748+0800][info][gc          ] GC(104) Pause Remark 2561M->2561M(4544M) 1.187ms
[2025-09-23T16:02:31.748+0800][info][gc,cpu      ] GC(104) User=0.01s Sys=0.00s Real=0.00s
[2025-09-23T16:02:31.748+0800][info][gc,marking  ] GC(104) Concurrent Mark 535.885ms
[2025-09-23T16:02:31.748+0800][info][gc,marking  ] GC(104) Concurrent Rebuild Remembered Sets and Scrub Regions
[2025-09-23T16:02:32.126+0800][info][gc,marking  ] GC(104) Concurrent Rebuild Remembered Sets and Scrub Regions 378.219ms
[2025-09-23T16:02:32.126+0800][info][gc,start    ] GC(104) Pause Cleanup
[2025-09-23T16:02:32.126+0800][info][gc          ] GC(104) Pause Cleanup 2725M->2725M(4544M) 0.124ms
[2025-09-23T16:02:32.126+0800][info][gc,cpu      ] GC(104) User=0.00s Sys=0.00s Real=0.00s
[2025-09-23T16:02:32.127+0800][info][gc,marking  ] GC(104) Concurrent Clear Claimed Marks
[2025-09-23T16:02:32.127+0800][info][gc,marking  ] GC(104) Concurrent Clear Claimed Marks 0.047ms
[2025-09-23T16:02:32.127+0800][info][gc,marking  ] GC(104) Concurrent Cleanup for Next Mark
[2025-09-23T16:02:32.130+0800][info][gc,marking  ] GC(104) Concurrent Cleanup for Next Mark 3.295ms
[2025-09-23T16:02:32.130+0800][info][gc          ] GC(104) Concurrent Mark Cycle 951.549ms
[2025-09-23T16:02:34.558+0800][info][gc,start    ] GC(105) Pause Young (Prepare Mixed) (G1 Evacuation Pause)
[2025-09-23T16:02:34.558+0800][info][gc,task     ] GC(105) Using 8 workers of 8 for evacuation
[2025-09-23T16:02:34.639+0800][info][gc,phases   ] GC(105)   Pre Evacuate Collection Set: 0.1ms
[2025-09-23T16:02:34.639+0800][info][gc,phases   ] GC(105)   Merge Heap Roots: 1.5ms
[2025-09-23T16:02:34.639+0800][info][gc,phases   ] GC(105)   Evacuate Collection Set: 79.0ms
[2025-09-23T16:02:34.639+0800][info][gc,phases   ] GC(105)   Post Evacuate Collection Set: 0.8ms
[2025-09-23T16:02:34.639+0800][info][gc,phases   ] GC(105)   Other: 0.0ms
[2025-09-23T16:02:34.639+0800][info][gc,heap     ] GC(105) Eden regions: 115->0(115)
[2025-09-23T16:02:34.639+0800][info][gc,heap     ] GC(105) Survivor regions: 9->9(16)
[2025-09-23T16:02:34.639+0800][info][gc,heap     ] GC(105) Old regions: 130->130
[2025-09-23T16:02:34.639+0800][info][gc,heap     ] GC(105) Humongous regions: 6->6
[2025-09-23T16:02:34.639+0800][info][gc,metaspace] GC(105) Metaspace: 31390K(31936K)->31390K(31936K) NonClass: 26871K(27200K)->26871K(27200K) Class: 4519K(4736K)->4519K(4736K)
[2025-09-23T16:02:34.639+0800][info][gc          ] GC(105) Pause Young (Prepare Mixed) (G1 Evacuation Pause) 4152M->2314M(4544M) 81.490ms
[2025-09-23T16:02:34.639+0800][info][gc,cpu      ] GC(105) User=0.64s Sys=0.00s Real=0.08s
[2025-09-23T16:02:37.745+0800][info][gc,start    ] GC(106) Pause Young (Mixed) (G1 Evacuation Pause)
[2025-09-23T16:02:37.745+0800][info][gc,task     ] GC(106) Using 8 workers of 8 for evacuation
[2025-09-23T16:02:37.831+0800][info][gc,phases   ] GC(106)   Pre Evacuate Collection Set: 0.1ms
[2025-09-23T16:02:37.831+0800][info][gc,phases   ] GC(106)   Merge Heap Roots: 1.2ms
[2025-09-23T16:02:37.831+0800][info][gc,phases   ] GC(106)   Evacuate Collection Set: 84.0ms
[2025-09-23T16:02:37.831+0800][info][gc,phases   ] GC(106)   Post Evacuate Collection Set: 0.8ms
[2025-09-23T16:02:37.831+0800][info][gc,phases   ] GC(106)   Other: 0.0ms
[2025-09-23T16:02:37.831+0800][info][gc,heap     ] GC(106) Eden regions: 115->0(115)
[2025-09-23T16:02:37.831+0800][info][gc,heap     ] GC(106) Survivor regions: 9->9(16)
[2025-09-23T16:02:37.831+0800][info][gc,heap     ] GC(106) Old regions: 130->130
[2025-09-23T16:02:37.831+0800][info][gc,heap     ] GC(106) Humongous regions: 6->6
[2025-09-23T16:02:37.831+0800][info][gc,metaspace] GC(106) Metaspace: 31390K(31936K)->31390K(31936K) NonClass: 26871K(27200K)->26871K(27200K) Class: 4519K(4736K)->4519K(4736K)
[2025-09-23T16:02:37.831+0800][info][gc          ] GC(106) Pause Young (Mixed) (G1 Evacuation Pause) 4154M->2311M(4544M) 86.319ms
[2025-09-23T16:02:37.831+0800][info][gc,cpu      ] GC(106) User=0.69s Sys=0.00s Real=0.08s
[2025-09-23T16:02:40.941+0800][info][gc,start    ] GC(107) Pause Young (Concurrent Start) (G1 Evacuation Pause)
[2025-09-23T16:02:40.941+0800][info][gc,task     ] GC(107) Using 8 workers of 8 for evacuation
[2025-09-23T16:02:41.023+0800][info][gc,phases   ] GC(107)   Pre Evacuate Collection Set: 0.1ms
[2025-09-23T16:02:41.023+0800][info][gc,phases   ] GC(107)   Merge Heap Roots: 1.4ms
[2025-09-23T16:02:41.023+0800][info][gc,phases   ] GC(107)   Evacuate Collection Set: 79.4ms
[2025-09-23T16:02:41.023+0800][info][gc,phases   ] GC(107)   Post Evacuate Collection Set: 0.8ms
[2025-09-23T16:02:41.023+0800][info][gc,phases   ] GC(107)   Other: 0.0ms
[2025-09-23T16:02:41.023+0800][info][gc,heap     ] GC(107) Eden regions: 115->0(113)
[2025-09-23T16:02:41.023+0800][info][gc,heap     ] GC(107) Survivor regions: 9->10(16)
[2025-09-23T16:02:41.023+0800][info][gc,heap     ] GC(107) Old regions: 130->130
[2025-09-23T16:02:41.023+0800][info][gc,heap     ] GC(107) Humongous regions: 6->6
[2025-09-23T16:02:41.023+0800][info][gc,metaspace] GC(107) Metaspace: 31390K(31936K)->31390K(31936K) NonClass: 26871K(27200K)->26871K(27200K) Class: 4519K(4736K)->4519K(4736K)
[2025-09-23T16:02:41.023+0800][info][gc          ] GC(107) Pause Young (Concurrent Start) (G1 Evacuation Pause) 4151M->2320M(4544M) 81.859ms
[2025-09-23T16:02:41.023+0800][info][gc,cpu      ] GC(107) User=0.65s Sys=0.00s Real=0.09s
[2025-09-23T16:02:41.023+0800][info][gc          ] GC(108) Concurrent Mark Cycle
[2025-09-23T16:02:41.023+0800][info][gc,marking  ] GC(108) Concurrent Scan Root Regions
[2025-09-23T16:02:41.060+0800][info][gc,marking  ] GC(108) Concurrent Scan Root Regions 37.320ms
[2025-09-23T16:02:41.060+0800][info][gc,marking  ] GC(108) Concurrent Mark
[2025-09-23T16:02:41.060+0800][info][gc,marking  ] GC(108) Concurrent Mark From Roots
[2025-09-23T16:02:41.060+0800][info][gc,task     ] GC(108) Using 2 workers of 2 for marking
[2025-09-23T16:02:41.674+0800][info][gc,marking  ] GC(108) Concurrent Mark From Roots 613.436ms
[2025-09-23T16:02:41.674+0800][info][gc,marking  ] GC(108) Concurrent Preclean
[2025-09-23T16:02:41.674+0800][info][gc,marking  ] GC(108) Concurrent Preclean 0.074ms
[2025-09-23T16:02:41.674+0800][info][gc,start    ] GC(108) Pause Remark
[2025-09-23T16:02:41.675+0800][info][gc          ] GC(108) Pause Remark 2597M->2597M(4544M) 1.175ms
[2025-09-23T16:02:41.675+0800][info][gc,cpu      ] GC(108) User=0.00s Sys=0.00s Real=0.01s
[2025-09-23T16:02:41.675+0800][info][gc,marking  ] GC(108) Concurrent Mark 614.900ms
[2025-09-23T16:02:41.675+0800][info][gc,marking  ] GC(108) Concurrent Rebuild Remembered Sets and Scrub Regions
[2025-09-23T16:02:42.071+0800][info][gc,marking  ] GC(108) Concurrent Rebuild Remembered Sets and Scrub Regions 395.246ms
[2025-09-23T16:02:42.071+0800][info][gc,start    ] GC(108) Pause Cleanup
[2025-09-23T16:02:42.071+0800][info][gc          ] GC(108) Pause Cleanup 2766M->2766M(4544M) 0.124ms
[2025-09-23T16:02:42.071+0800][info][gc,cpu      ] GC(108) User=0.00s Sys=0.00s Real=0.00s
[2025-09-23T16:02:42.071+0800][info][gc,marking  ] GC(108) Concurrent Clear Claimed Marks
[2025-09-23T16:02:42.071+0800][info][gc,marking  ] GC(108) Concurrent Clear Claimed Marks 0.046ms
[2025-09-23T16:02:42.071+0800][info][gc,marking  ] GC(108) Concurrent Cleanup for Next Mark
[2025-09-23T16:02:42.074+0800][info][gc,marking  ] GC(108) Concurrent Cleanup for Next Mark 3.295ms
[2025-09-23T16:02:42.074+0800][info][gc          ] GC(108) Concurrent Mark Cycle 1051.229ms
[2025-09-23T16:02:44.401+0800][info][gc,start    ] GC(109) Pause Young (Prepare Mixed) (G1 Evacuation Pause)
[2025-09-23T16:02:44.401+0800][info][gc,task     ] GC(109) Using 8 workers of 8 for evacuation
[2025-09-23T16:02:44.486+0800][info][gc,phases   ] GC(109)   Pre Evacuate Collection Set: 0.1ms
[2025-09-23T16:02:44.486+0800][info][gc,phases   ] GC(109)   Merge Heap Roots: 1.4ms
[2025-09-23T16:02:44.486+0800][info][gc,phases   ] GC(109)   Evacuate Collection Set: 82.8ms
[2025-09-23T16:02:44.486+0800][info][gc,phases   ] GC(109)   Post Evacuate Collection Set: 0.8ms
[2025-09-23T16:02:44.486+0800][info][gc,phases   ] GC(109)   Other: 0.0ms
[2025-09-23T16:02:44.486+0800][info][gc,heap     ] GC(109) Eden regions: 113->0(114)
[2025-09-23T16:02:44.486+0800][info][gc,heap     ] GC(109) Survivor regions: 10->9(16)
[2025-09-23T16:02:44.486+0800][info][gc,heap     ] GC(109) Old regions: 130->131
[2025-09-23T16:02:44.486+0800][info][gc,heap     ] GC(109) Humongous regions: 6->6
[2025-09-23T16:02:44.486+0800][info][gc,metaspace] GC(109) Metaspace: 31390K(31936K)->31390K(31936K) NonClass: 26871K(27200K)->26871K(27200K) Class: 4519K(4736K)->4519K(4736K)
[2025-09-23T16:02:44.486+0800][info][gc          ] GC(109) Pause Young (Prepare Mixed) (G1 Evacuation Pause) 4128M->2323M(4544M) 85.302ms
[2025-09-23T16:02:44.486+0800][info][gc,cpu      ] GC(109) User=0.67s Sys=0.00s Real=0.09s
[2025-09-23T16:02:47.539+0800][info][gc,start    ] GC(110) Pause Young (Mixed) (G1 Evacuation Pause)
[2025-09-23T16:02:47.539+0800][info][gc,task     ] GC(110) Using 8 workers of 8 for evacuation
[2025-09-23T16:02:47.677+0800][info][gc,phases   ] GC(110)   Pre Evacuate Collection Set: 0.1ms
[2025-09-23T16:02:47.677+0800][info][gc,phases   ] GC(110)   Merge Heap Roots: 1.3ms
[2025-09-23T16:02:47.677+0800][info][gc,phases   ] GC(110)   Evacuate Collection Set: 84.2ms
[2025-09-23T16:02:47.677+0800][info][gc,phases   ] GC(110)   Post Evacuate Collection Set: 52.5ms
[2025-09-23T16:02:47.677+0800][info][gc,phases   ] GC(110)   Other: 0.1ms
[2025-09-23T16:02:47.677+0800][info][gc,heap     ] GC(110) Eden regions: 114->0(162)
[2025-09-23T16:02:47.677+0800][info][gc,heap     ] GC(110) Survivor regions: 9->9(16)
[2025-09-23T16:02:47.677+0800][info][gc,heap     ] GC(110) Old regions: 131->131
[2025-09-23T16:02:47.677+0800][info][gc,heap     ] GC(110) Humongous regions: 6->6
[2025-09-23T16:02:47.677+0800][info][gc,metaspace] GC(110) Metaspace: 31390K(31936K)->31390K(31936K) NonClass: 26871K(27200K)->26871K(27200K) Class: 4519K(4736K)->4519K(4736K)
[2025-09-23T16:02:47.677+0800][info][gc          ] GC(110) Pause Young (Mixed) (G1 Evacuation Pause) 4147M->2325M(5360M) 138.307ms
[2025-09-23T16:02:47.677+0800][info][gc,cpu      ] GC(110) User=0.72s Sys=0.36s Real=0.14s
[2025-09-23T16:02:52.009+0800][info][gc,start    ] GC(111) Pause Young (Normal) (G1 Evacuation Pause)
[2025-09-23T16:02:52.009+0800][info][gc,task     ] GC(111) Using 8 workers of 8 for evacuation
[2025-09-23T16:02:52.094+0800][info][gc,phases   ] GC(111)   Pre Evacuate Collection Set: 0.1ms
[2025-09-23T16:02:52.094+0800][info][gc,phases   ] GC(111)   Merge Heap Roots: 1.4ms
[2025-09-23T16:02:52.094+0800][info][gc,phases   ] GC(111)   Evacuate Collection Set: 82.1ms
[2025-09-23T16:02:52.094+0800][info][gc,phases   ] GC(111)   Post Evacuate Collection Set: 0.9ms
[2025-09-23T16:02:52.094+0800][info][gc,phases   ] GC(111)   Other: 0.1ms
[2025-09-23T16:02:52.094+0800][info][gc,heap     ] GC(111) Eden regions: 162->0(161)
[2025-09-23T16:02:52.094+0800][info][gc,heap     ] GC(111) Survivor regions: 9->9(22)
[2025-09-23T16:02:52.094+0800][info][gc,heap     ] GC(111) Old regions: 131->132
[2025-09-23T16:02:52.094+0800][info][gc,heap     ] GC(111) Humongous regions: 6->6
[2025-09-23T16:02:52.094+0800][info][gc,metaspace] GC(111) Metaspace: 31390K(31936K)->31390K(31936K) NonClass: 26871K(27200K)->26871K(27200K) Class: 4519K(4736K)->4519K(4736K)
[2025-09-23T16:02:52.094+0800][info][gc          ] GC(111) Pause Young (Normal) (G1 Evacuation Pause) 4917M->2339M(5360M) 84.717ms
[2025-09-23T16:02:52.094+0800][info][gc,cpu      ] GC(111) User=0.65s Sys=0.01s Real=0.08s
[2025-09-23T16:02:56.369+0800][info][gc,start    ] GC(112) Pause Young (Normal) (G1 Evacuation Pause)
[2025-09-23T16:02:56.369+0800][info][gc,task     ] GC(112) Using 8 workers of 8 for evacuation
[2025-09-23T16:02:56.453+0800][info][gc,phases   ] GC(112)   Pre Evacuate Collection Set: 0.1ms
[2025-09-23T16:02:56.453+0800][info][gc,phases   ] GC(112)   Merge Heap Roots: 1.5ms
[2025-09-23T16:02:56.453+0800][info][gc,phases   ] GC(112)   Evacuate Collection Set: 81.8ms
[2025-09-23T16:02:56.453+0800][info][gc,phases   ] GC(112)   Post Evacuate Collection Set: 0.9ms
[2025-09-23T16:02:56.453+0800][info][gc,phases   ] GC(112)   Other: 0.0ms
[2025-09-23T16:02:56.453+0800][info][gc,heap     ] GC(112) Eden regions: 161->0(160)
[2025-09-23T16:02:56.453+0800][info][gc,heap     ] GC(112) Survivor regions: 9->9(22)
[2025-09-23T16:02:56.453+0800][info][gc,heap     ] GC(112) Old regions: 132->133
[2025-09-23T16:02:56.453+0800][info][gc,heap     ] GC(112) Humongous regions: 6->6
[2025-09-23T16:02:56.453+0800][info][gc,metaspace] GC(112) Metaspace: 31390K(31936K)->31390K(31936K) NonClass: 26871K(27200K)->26871K(27200K) Class: 4519K(4736K)->4519K(4736K)
[2025-09-23T16:02:56.453+0800][info][gc          ] GC(112) Pause Young (Normal) (G1 Evacuation Pause) 4915M->2348M(5360M) 84.419ms
[2025-09-23T16:02:56.453+0800][info][gc,cpu      ] GC(112) User=0.66s Sys=0.00s Real=0.08s
[2025-09-23T16:03:00.688+0800][info][gc,start    ] GC(113) Pause Young (Concurrent Start) (G1 Evacuation Pause)
[2025-09-23T16:03:00.688+0800][info][gc,task     ] GC(113) Using 8 workers of 8 for evacuation
[2025-09-23T16:03:00.772+0800][info][gc,phases   ] GC(113)   Pre Evacuate Collection Set: 0.1ms
[2025-09-23T16:03:00.772+0800][info][gc,phases   ] GC(113)   Merge Heap Roots: 1.4ms
[2025-09-23T16:03:00.772+0800][info][gc,phases   ] GC(113)   Evacuate Collection Set: 81.1ms
[2025-09-23T16:03:00.772+0800][info][gc,phases   ] GC(113)   Post Evacuate Collection Set: 0.8ms
[2025-09-23T16:03:00.772+0800][info][gc,phases   ] GC(113)   Other: 0.3ms
[2025-09-23T16:03:00.772+0800][info][gc,heap     ] GC(113) Eden regions: 160->0(159)
[2025-09-23T16:03:00.772+0800][info][gc,heap     ] GC(113) Survivor regions: 9->9(22)
[2025-09-23T16:03:00.772+0800][info][gc,heap     ] GC(113) Old regions: 133->134
[2025-09-23T16:03:00.772+0800][info][gc,heap     ] GC(113) Humongous regions: 6->6
[2025-09-23T16:03:00.772+0800][info][gc,metaspace] GC(113) Metaspace: 31390K(31936K)->31390K(31936K) NonClass: 26871K(27200K)->26871K(27200K) Class: 4519K(4736K)->4519K(4736K)
[2025-09-23T16:03:00.772+0800][info][gc          ] GC(113) Pause Young (Concurrent Start) (G1 Evacuation Pause) 4908M->2359M(5360M) 83.839ms
[2025-09-23T16:03:00.772+0800][info][gc,cpu      ] GC(113) User=0.66s Sys=0.00s Real=0.08s
[2025-09-23T16:03:00.772+0800][info][gc          ] GC(114) Concurrent Mark Cycle
[2025-09-23T16:03:00.772+0800][info][gc,marking  ] GC(114) Concurrent Scan Root Regions
[2025-09-23T16:03:00.802+0800][info][gc,marking  ] GC(114) Concurrent Scan Root Regions 30.004ms
[2025-09-23T16:03:00.802+0800][info][gc,marking  ] GC(114) Concurrent Mark
[2025-09-23T16:03:00.802+0800][info][gc,marking  ] GC(114) Concurrent Mark From Roots
[2025-09-23T16:03:00.802+0800][info][gc,task     ] GC(114) Using 2 workers of 2 for marking
[2025-09-23T16:03:01.422+0800][info][gc,marking  ] GC(114) Concurrent Mark From Roots 620.244ms
[2025-09-23T16:03:01.422+0800][info][gc,marking  ] GC(114) Concurrent Preclean
[2025-09-23T16:03:01.422+0800][info][gc,marking  ] GC(114) Concurrent Preclean 0.090ms
[2025-09-23T16:03:01.422+0800][info][gc,start    ] GC(114) Pause Remark
[2025-09-23T16:03:01.424+0800][info][gc          ] GC(114) Pause Remark 2644M->2644M(5360M) 1.191ms
[2025-09-23T16:03:01.424+0800][info][gc,cpu      ] GC(114) User=0.00s Sys=0.00s Real=0.01s
[2025-09-23T16:03:01.424+0800][info][gc,marking  ] GC(114) Concurrent Mark 621.724ms
[2025-09-23T16:03:01.424+0800][info][gc,marking  ] GC(114) Concurrent Rebuild Remembered Sets and Scrub Regions
[2025-09-23T16:03:01.864+0800][info][gc,marking  ] GC(114) Concurrent Rebuild Remembered Sets and Scrub Regions 440.480ms
[2025-09-23T16:03:01.864+0800][info][gc,start    ] GC(114) Pause Cleanup
[2025-09-23T16:03:01.864+0800][info][gc          ] GC(114) Pause Cleanup 2836M->2836M(5360M) 0.115ms
[2025-09-23T16:03:01.864+0800][info][gc,cpu      ] GC(114) User=0.00s Sys=0.00s Real=0.00s
[2025-09-23T16:03:01.864+0800][info][gc,marking  ] GC(114) Concurrent Clear Claimed Marks
[2025-09-23T16:03:01.864+0800][info][gc,marking  ] GC(114) Concurrent Clear Claimed Marks 0.080ms
[2025-09-23T16:03:01.864+0800][info][gc,marking  ] GC(114) Concurrent Cleanup for Next Mark
[2025-09-23T16:03:01.869+0800][info][gc,marking  ] GC(114) Concurrent Cleanup for Next Mark 4.171ms
[2025-09-23T16:03:01.869+0800][info][gc          ] GC(114) Concurrent Mark Cycle 1096.894ms
[2025-09-23T16:03:05.345+0800][info][gc,start    ] GC(115) Pause Young (Prepare Mixed) (G1 Evacuation Pause)
[2025-09-23T16:03:05.345+0800][info][gc,task     ] GC(115) Using 8 workers of 8 for evacuation
[2025-09-23T16:03:05.429+0800][info][gc,phases   ] GC(115)   Pre Evacuate Collection Set: 0.1ms
[2025-09-23T16:03:05.429+0800][info][gc,phases   ] GC(115)   Merge Heap Roots: 1.8ms
[2025-09-23T16:03:05.429+0800][info][gc,phases   ] GC(115)   Evacuate Collection Set: 81.2ms
[2025-09-23T16:03:05.429+0800][info][gc,phases   ] GC(115)   Post Evacuate Collection Set: 0.9ms
[2025-09-23T16:03:05.429+0800][info][gc,phases   ] GC(115)   Other: 0.0ms
[2025-09-23T16:03:05.429+0800][info][gc,heap     ] GC(115) Eden regions: 159->0(161)
[2025-09-23T16:03:05.429+0800][info][gc,heap     ] GC(115) Survivor regions: 9->8(21)
[2025-09-23T16:03:05.429+0800][info][gc,heap     ] GC(115) Old regions: 134->134
[2025-09-23T16:03:05.429+0800][info][gc,heap     ] GC(115) Humongous regions: 6->6
[2025-09-23T16:03:05.429+0800][info][gc,metaspace] GC(115) Metaspace: 31401K(31936K)->31401K(31936K) NonClass: 26881K(27200K)->26881K(27200K) Class: 4520K(4736K)->4520K(4736K)
[2025-09-23T16:03:05.429+0800][info][gc          ] GC(115) Pause Young (Prepare Mixed) (G1 Evacuation Pause) 4903M->2366M(5360M) 84.143ms
[2025-09-23T16:03:05.429+0800][info][gc,cpu      ] GC(115) User=0.66s Sys=0.00s Real=0.08s
[2025-09-23T16:03:09.796+0800][info][gc,start    ] GC(116) Pause Young (Mixed) (G1 Evacuation Pause)
[2025-09-23T16:03:09.796+0800][info][gc,task     ] GC(116) Using 8 workers of 8 for evacuation
[2025-09-23T16:03:09.958+0800][info][gc,phases   ] GC(116)   Pre Evacuate Collection Set: 0.1ms
[2025-09-23T16:03:09.958+0800][info][gc,phases   ] GC(116)   Merge Heap Roots: 2.1ms
[2025-09-23T16:03:09.958+0800][info][gc,phases   ] GC(116)   Evacuate Collection Set: 158.9ms
[2025-09-23T16:03:09.958+0800][info][gc,phases   ] GC(116)   Post Evacuate Collection Set: 1.0ms
[2025-09-23T16:03:09.958+0800][info][gc,phases   ] GC(116)   Other: 0.0ms
[2025-09-23T16:03:09.958+0800][info][gc,heap     ] GC(116) Eden regions: 161->0(144)
[2025-09-23T16:03:09.958+0800][info][gc,heap     ] GC(116) Survivor regions: 8->12(22)
[2025-09-23T16:03:09.958+0800][info][gc,heap     ] GC(116) Old regions: 134->134
[2025-09-23T16:03:09.958+0800][info][gc,heap     ] GC(116) Humongous regions: 15->15
[2025-09-23T16:03:09.958+0800][info][gc,metaspace] GC(116) Metaspace: 31401K(31936K)->31401K(31936K) NonClass: 26881K(27200K)->26881K(27200K) Class: 4520K(4736K)->4520K(4736K)
[2025-09-23T16:03:09.958+0800][info][gc          ] GC(116) Pause Young (Mixed) (G1 Evacuation Pause) 5086M->2565M(5360M) 162.201ms
[2025-09-23T16:03:09.958+0800][info][gc,cpu      ] GC(116) User=1.29s Sys=0.00s Real=0.16s
[2025-09-23T16:03:13.805+0800][info][gc,start    ] GC(117) Pause Young (Concurrent Start) (G1 Evacuation Pause)
[2025-09-23T16:03:13.805+0800][info][gc,task     ] GC(117) Using 8 workers of 8 for evacuation
[2025-09-23T16:03:13.960+0800][info][gc,phases   ] GC(117)   Pre Evacuate Collection Set: 0.1ms
[2025-09-23T16:03:13.960+0800][info][gc,phases   ] GC(117)   Merge Heap Roots: 2.0ms
[2025-09-23T16:03:13.960+0800][info][gc,phases   ] GC(117)   Evacuate Collection Set: 152.0ms
[2025-09-23T16:03:13.960+0800][info][gc,phases   ] GC(117)   Post Evacuate Collection Set: 0.9ms
[2025-09-23T16:03:13.960+0800][info][gc,phases   ] GC(117)   Other: 0.0ms
[2025-09-23T16:03:13.960+0800][info][gc,heap     ] GC(117) Eden regions: 144->0(143)
[2025-09-23T16:03:13.960+0800][info][gc,heap     ] GC(117) Survivor regions: 12->12(20)
[2025-09-23T16:03:13.960+0800][info][gc,heap     ] GC(117) Old regions: 134->135
[2025-09-23T16:03:13.960+0800][info][gc,heap     ] GC(117) Humongous regions: 15->15
[2025-09-23T16:03:13.960+0800][info][gc,metaspace] GC(117) Metaspace: 31401K(31936K)->31401K(31936K) NonClass: 26881K(27200K)->26881K(27200K) Class: 4520K(4736K)->4520K(4736K)
[2025-09-23T16:03:13.960+0800][info][gc          ] GC(117) Pause Young (Concurrent Start) (G1 Evacuation Pause) 4869M->2585M(5360M) 155.202ms
[2025-09-23T16:03:13.960+0800][info][gc,cpu      ] GC(117) User=1.24s Sys=0.00s Real=0.15s
[2025-09-23T16:03:13.960+0800][info][gc          ] GC(118) Concurrent Mark Cycle
[2025-09-23T16:03:13.960+0800][info][gc,marking  ] GC(118) Concurrent Scan Root Regions
[2025-09-23T16:03:14.064+0800][info][gc,marking  ] GC(118) Concurrent Scan Root Regions 103.892ms
[2025-09-23T16:03:14.064+0800][info][gc,marking  ] GC(118) Concurrent Mark
[2025-09-23T16:03:14.064+0800][info][gc,marking  ] GC(118) Concurrent Mark From Roots
[2025-09-23T16:03:14.064+0800][info][gc,task     ] GC(118) Using 2 workers of 2 for marking
[2025-09-23T16:03:14.740+0800][info][gc,marking  ] GC(118) Concurrent Mark From Roots 675.576ms
[2025-09-23T16:03:14.740+0800][info][gc,marking  ] GC(118) Concurrent Preclean
[2025-09-23T16:03:14.740+0800][info][gc,marking  ] GC(118) Concurrent Preclean 0.101ms
[2025-09-23T16:03:14.740+0800][info][gc,start    ] GC(118) Pause Remark
[2025-09-23T16:03:14.741+0800][info][gc          ] GC(118) Pause Remark 2937M->2841M(5360M) 1.208ms
[2025-09-23T16:03:14.741+0800][info][gc,cpu      ] GC(118) User=0.01s Sys=0.00s Real=0.00s
[2025-09-23T16:03:14.741+0800][info][gc,marking  ] GC(118) Concurrent Mark 677.094ms
[2025-09-23T16:03:14.741+0800][info][gc,marking  ] GC(118) Concurrent Rebuild Remembered Sets and Scrub Regions
[2025-09-23T16:03:15.352+0800][info][gc,marking  ] GC(118) Concurrent Rebuild Remembered Sets and Scrub Regions 610.480ms
[2025-09-23T16:03:15.352+0800][info][gc,start    ] GC(118) Pause Cleanup
[2025-09-23T16:03:15.352+0800][info][gc          ] GC(118) Pause Cleanup 3109M->3109M(5360M) 0.131ms
[2025-09-23T16:03:15.352+0800][info][gc,cpu      ] GC(118) User=0.00s Sys=0.00s Real=0.00s
[2025-09-23T16:03:15.352+0800][info][gc,marking  ] GC(118) Concurrent Clear Claimed Marks
[2025-09-23T16:03:15.352+0800][info][gc,marking  ] GC(118) Concurrent Clear Claimed Marks 0.060ms
[2025-09-23T16:03:15.352+0800][info][gc,marking  ] GC(118) Concurrent Cleanup for Next Mark
[2025-09-23T16:03:15.357+0800][info][gc,marking  ] GC(118) Concurrent Cleanup for Next Mark 4.418ms
[2025-09-23T16:03:15.357+0800][info][gc          ] GC(118) Concurrent Mark Cycle 1396.418ms
[2025-09-23T16:03:18.179+0800][info][gc,start    ] GC(119) Pause Young (Prepare Mixed) (G1 Evacuation Pause)
[2025-09-23T16:03:18.179+0800][info][gc,task     ] GC(119) Using 8 workers of 8 for evacuation
[2025-09-23T16:03:18.278+0800][info][gc,phases   ] GC(119)   Pre Evacuate Collection Set: 0.1ms
[2025-09-23T16:03:18.278+0800][info][gc,phases   ] GC(119)   Merge Heap Roots: 1.7ms
[2025-09-23T16:03:18.278+0800][info][gc,phases   ] GC(119)   Evacuate Collection Set: 96.1ms
[2025-09-23T16:03:18.278+0800][info][gc,phases   ] GC(119)   Post Evacuate Collection Set: 0.9ms
[2025-09-23T16:03:18.278+0800][info][gc,phases   ] GC(119)   Other: 0.1ms
[2025-09-23T16:03:18.278+0800][info][gc,heap     ] GC(119) Eden regions: 143->0(148)
[2025-09-23T16:03:18.278+0800][info][gc,heap     ] GC(119) Survivor regions: 12->12(20)
[2025-09-23T16:03:18.278+0800][info][gc,heap     ] GC(119) Old regions: 135->136
[2025-09-23T16:03:18.278+0800][info][gc,heap     ] GC(119) Humongous regions: 9->9
[2025-09-23T16:03:18.278+0800][info][gc,metaspace] GC(119) Metaspace: 31401K(31936K)->31401K(31936K) NonClass: 26881K(27200K)->26881K(27200K) Class: 4520K(4736K)->4520K(4736K)
[2025-09-23T16:03:18.278+0800][info][gc          ] GC(119) Pause Young (Prepare Mixed) (G1 Evacuation Pause) 4777M->2491M(5360M) 98.989ms
[2025-09-23T16:03:18.278+0800][info][gc,cpu      ] GC(119) User=0.79s Sys=0.00s Real=0.10s
[2025-09-23T16:03:22.156+0800][info][gc,start    ] GC(120) Pause Young (Mixed) (G1 Evacuation Pause)
[2025-09-23T16:03:22.156+0800][info][gc,task     ] GC(120) Using 8 workers of 8 for evacuation
[2025-09-23T16:03:22.257+0800][info][gc,phases   ] GC(120)   Pre Evacuate Collection Set: 0.1ms
[2025-09-23T16:03:22.257+0800][info][gc,phases   ] GC(120)   Merge Heap Roots: 1.5ms
[2025-09-23T16:03:22.257+0800][info][gc,phases   ] GC(120)   Evacuate Collection Set: 98.6ms
[2025-09-23T16:03:22.257+0800][info][gc,phases   ] GC(120)   Post Evacuate Collection Set: 0.8ms
[2025-09-23T16:03:22.257+0800][info][gc,phases   ] GC(120)   Other: 0.1ms
[2025-09-23T16:03:22.257+0800][info][gc,heap     ] GC(120) Eden regions: 148->0(151)
[2025-09-23T16:03:22.257+0800][info][gc,heap     ] GC(120) Survivor regions: 12->11(20)
[2025-09-23T16:03:22.257+0800][info][gc,heap     ] GC(120) Old regions: 136->135
[2025-09-23T16:03:22.257+0800][info][gc,heap     ] GC(120) Humongous regions: 9->9
[2025-09-23T16:03:22.257+0800][info][gc,metaspace] GC(120) Metaspace: 31401K(31936K)->31401K(31936K) NonClass: 26881K(27200K)->26881K(27200K) Class: 4520K(4736K)->4520K(4736K)
[2025-09-23T16:03:22.257+0800][info][gc          ] GC(120) Pause Young (Mixed) (G1 Evacuation Pause) 4859M->2471M(5360M) 101.110ms
[2025-09-23T16:03:22.257+0800][info][gc,cpu      ] GC(120) User=0.80s Sys=0.00s Real=0.10s
[2025-09-23T16:03:26.260+0800][info][gc,start    ] GC(121) Pause Young (Concurrent Start) (G1 Evacuation Pause)
[2025-09-23T16:03:26.260+0800][info][gc,task     ] GC(121) Using 8 workers of 8 for evacuation
[2025-09-23T16:03:26.350+0800][info][gc,phases   ] GC(121)   Pre Evacuate Collection Set: 0.1ms
[2025-09-23T16:03:26.350+0800][info][gc,phases   ] GC(121)   Merge Heap Roots: 1.1ms
[2025-09-23T16:03:26.350+0800][info][gc,phases   ] GC(121)   Evacuate Collection Set: 88.0ms
[2025-09-23T16:03:26.350+0800][info][gc,phases   ] GC(121)   Post Evacuate Collection Set: 0.7ms
[2025-09-23T16:03:26.350+0800][info][gc,phases   ] GC(121)   Other: 0.0ms
[2025-09-23T16:03:26.350+0800][info][gc,heap     ] GC(121) Eden regions: 151->0(150)
[2025-09-23T16:03:26.350+0800][info][gc,heap     ] GC(121) Survivor regions: 11->11(21)
[2025-09-23T16:03:26.350+0800][info][gc,heap     ] GC(121) Old regions: 135->136
[2025-09-23T16:03:26.350+0800][info][gc,heap     ] GC(121) Humongous regions: 9->9
[2025-09-23T16:03:26.350+0800][info][gc,metaspace] GC(121) Metaspace: 31401K(31936K)->31401K(31936K) NonClass: 26881K(27200K)->26881K(27200K) Class: 4520K(4736K)->4520K(4736K)
[2025-09-23T16:03:26.350+0800][info][gc          ] GC(121) Pause Young (Concurrent Start) (G1 Evacuation Pause) 4887M->2481M(5360M) 90.128ms
[2025-09-23T16:03:26.350+0800][info][gc,cpu      ] GC(121) User=0.72s Sys=0.00s Real=0.09s
[2025-09-23T16:03:26.350+0800][info][gc          ] GC(122) Concurrent Mark Cycle
[2025-09-23T16:03:26.351+0800][info][gc,marking  ] GC(122) Concurrent Scan Root Regions
[2025-09-23T16:03:26.461+0800][info][gc,marking  ] GC(122) Concurrent Scan Root Regions 110.141ms
[2025-09-23T16:03:26.461+0800][info][gc,marking  ] GC(122) Concurrent Mark
[2025-09-23T16:03:26.461+0800][info][gc,marking  ] GC(122) Concurrent Mark From Roots
[2025-09-23T16:03:26.461+0800][info][gc,task     ] GC(122) Using 2 workers of 2 for marking
[2025-09-23T16:03:27.160+0800][info][gc,marking  ] GC(122) Concurrent Mark From Roots 699.628ms
[2025-09-23T16:03:27.161+0800][info][gc,marking  ] GC(122) Concurrent Preclean
[2025-09-23T16:03:27.161+0800][info][gc,marking  ] GC(122) Concurrent Preclean 0.103ms
[2025-09-23T16:03:27.161+0800][info][gc,start    ] GC(122) Pause Remark
[2025-09-23T16:03:27.163+0800][info][gc          ] GC(122) Pause Remark 2817M->2817M(5360M) 2.206ms
[2025-09-23T16:03:27.163+0800][info][gc,cpu      ] GC(122) User=0.01s Sys=0.00s Real=0.01s
[2025-09-23T16:03:27.163+0800][info][gc,marking  ] GC(122) Concurrent Mark 702.419ms
[2025-09-23T16:03:27.163+0800][info][gc,marking  ] GC(122) Concurrent Rebuild Remembered Sets and Scrub Regions
[2025-09-23T16:03:27.743+0800][info][gc,marking  ] GC(122) Concurrent Rebuild Remembered Sets and Scrub Regions 580.014ms
[2025-09-23T16:03:27.743+0800][info][gc,start    ] GC(122) Pause Cleanup
[2025-09-23T16:03:27.743+0800][info][gc          ] GC(122) Pause Cleanup 3047M->3047M(5360M) 0.144ms
[2025-09-23T16:03:27.743+0800][info][gc,cpu      ] GC(122) User=0.00s Sys=0.00s Real=0.00s
[2025-09-23T16:03:27.743+0800][info][gc,marking  ] GC(122) Concurrent Clear Claimed Marks
[2025-09-23T16:03:27.744+0800][info][gc,marking  ] GC(122) Concurrent Clear Claimed Marks 0.047ms
[2025-09-23T16:03:27.744+0800][info][gc,marking  ] GC(122) Concurrent Cleanup for Next Mark
[2025-09-23T16:03:27.748+0800][info][gc,marking  ] GC(122) Concurrent Cleanup for Next Mark 4.963ms
[2025-09-23T16:03:27.749+0800][info][gc          ] GC(122) Concurrent Mark Cycle 1398.061ms
[2025-09-23T16:03:30.941+0800][info][gc,start    ] GC(123) Pause Young (Prepare Mixed) (G1 Evacuation Pause)
[2025-09-23T16:03:30.941+0800][info][gc,task     ] GC(123) Using 8 workers of 8 for evacuation
[2025-09-23T16:03:31.033+0800][info][gc,phases   ] GC(123)   Pre Evacuate Collection Set: 0.1ms
[2025-09-23T16:03:31.033+0800][info][gc,phases   ] GC(123)   Merge Heap Roots: 1.5ms
[2025-09-23T16:03:31.033+0800][info][gc,phases   ] GC(123)   Evacuate Collection Set: 89.4ms
[2025-09-23T16:03:31.033+0800][info][gc,phases   ] GC(123)   Post Evacuate Collection Set: 0.9ms
[2025-09-23T16:03:31.033+0800][info][gc,phases   ] GC(123)   Other: 0.0ms
[2025-09-23T16:03:31.033+0800][info][gc,heap     ] GC(123) Eden regions: 150->0(150)
[2025-09-23T16:03:31.033+0800][info][gc,heap     ] GC(123) Survivor regions: 11->11(21)
[2025-09-23T16:03:31.033+0800][info][gc,heap     ] GC(123) Old regions: 136->136
[2025-09-23T16:03:31.033+0800][info][gc,heap     ] GC(123) Humongous regions: 9->9
[2025-09-23T16:03:31.033+0800][info][gc,metaspace] GC(123) Metaspace: 31401K(31936K)->31401K(31936K) NonClass: 26881K(27200K)->26881K(27200K) Class: 4520K(4736K)->4520K(4736K)
[2025-09-23T16:03:31.033+0800][info][gc          ] GC(123) Pause Young (Prepare Mixed) (G1 Evacuation Pause) 4881M->2485M(5360M) 92.002ms
[2025-09-23T16:03:31.033+0800][info][gc,cpu      ] GC(123) User=0.71s Sys=0.00s Real=0.09s
[2025-09-23T16:03:35.136+0800][info][gc,start    ] GC(124) Pause Young (Mixed) (G1 Evacuation Pause)
[2025-09-23T16:03:35.136+0800][info][gc,task     ] GC(124) Using 8 workers of 8 for evacuation
[2025-09-23T16:03:35.234+0800][info][gc,phases   ] GC(124)   Pre Evacuate Collection Set: 0.1ms
[2025-09-23T16:03:35.234+0800][info][gc,phases   ] GC(124)   Merge Heap Roots: 1.5ms
[2025-09-23T16:03:35.234+0800][info][gc,phases   ] GC(124)   Evacuate Collection Set: 96.3ms
[2025-09-23T16:03:35.234+0800][info][gc,phases   ] GC(124)   Post Evacuate Collection Set: 0.8ms
[2025-09-23T16:03:35.234+0800][info][gc,phases   ] GC(124)   Other: 0.0ms
[2025-09-23T16:03:35.234+0800][info][gc,heap     ] GC(124) Eden regions: 150->0(150)
[2025-09-23T16:03:35.234+0800][info][gc,heap     ] GC(124) Survivor regions: 11->11(21)
[2025-09-23T16:03:35.234+0800][info][gc,heap     ] GC(124) Old regions: 136->136
[2025-09-23T16:03:35.234+0800][info][gc,heap     ] GC(124) Humongous regions: 9->9
[2025-09-23T16:03:35.234+0800][info][gc,metaspace] GC(124) Metaspace: 31401K(31936K)->31401K(31936K) NonClass: 26881K(27200K)->26881K(27200K) Class: 4520K(4736K)->4520K(4736K)
[2025-09-23T16:03:35.234+0800][info][gc          ] GC(124) Pause Young (Mixed) (G1 Evacuation Pause) 4885M->2480M(5360M) 98.823ms
[2025-09-23T16:03:35.234+0800][info][gc,cpu      ] GC(124) User=0.78s Sys=0.00s Real=0.09s
[2025-09-23T16:03:39.336+0800][info][gc,start    ] GC(125) Pause Young (Concurrent Start) (G1 Evacuation Pause)
[2025-09-23T16:03:39.336+0800][info][gc,task     ] GC(125) Using 8 workers of 8 for evacuation
[2025-09-23T16:03:39.424+0800][info][gc,phases   ] GC(125)   Pre Evacuate Collection Set: 0.1ms
[2025-09-23T16:03:39.424+0800][info][gc,phases   ] GC(125)   Merge Heap Roots: 1.0ms
[2025-09-23T16:03:39.424+0800][info][gc,phases   ] GC(125)   Evacuate Collection Set: 85.6ms
[2025-09-23T16:03:39.424+0800][info][gc,phases   ] GC(125)   Post Evacuate Collection Set: 0.7ms
[2025-09-23T16:03:39.424+0800][info][gc,phases   ] GC(125)   Other: 0.0ms
[2025-09-23T16:03:39.424+0800][info][gc,heap     ] GC(125) Eden regions: 150->0(150)
[2025-09-23T16:03:39.424+0800][info][gc,heap     ] GC(125) Survivor regions: 11->11(21)
[2025-09-23T16:03:39.424+0800][info][gc,heap     ] GC(125) Old regions: 136->136
[2025-09-23T16:03:39.424+0800][info][gc,heap     ] GC(125) Humongous regions: 9->9
[2025-09-23T16:03:39.424+0800][info][gc,metaspace] GC(125) Metaspace: 31401K(31936K)->31401K(31936K) NonClass: 26881K(27200K)->26881K(27200K) Class: 4520K(4736K)->4520K(4736K)
[2025-09-23T16:03:39.424+0800][info][gc          ] GC(125) Pause Young (Concurrent Start) (G1 Evacuation Pause) 4880M->2482M(5360M) 87.689ms
[2025-09-23T16:03:39.424+0800][info][gc,cpu      ] GC(125) User=0.70s Sys=0.00s Real=0.09s
[2025-09-23T16:03:39.424+0800][info][gc          ] GC(126) Concurrent Mark Cycle
[2025-09-23T16:03:39.424+0800][info][gc,marking  ] GC(126) Concurrent Scan Root Regions
[2025-09-23T16:03:39.541+0800][info][gc,marking  ] GC(126) Concurrent Scan Root Regions 117.228ms
[2025-09-23T16:03:39.541+0800][info][gc,marking  ] GC(126) Concurrent Mark
[2025-09-23T16:03:39.541+0800][info][gc,marking  ] GC(126) Concurrent Mark From Roots
[2025-09-23T16:03:39.541+0800][info][gc,task     ] GC(126) Using 2 workers of 2 for marking
[2025-09-23T16:03:40.282+0800][info][gc,marking  ] GC(126) Concurrent Mark From Roots 740.704ms
[2025-09-23T16:03:40.282+0800][info][gc,marking  ] GC(126) Concurrent Preclean
[2025-09-23T16:03:40.282+0800][info][gc,marking  ] GC(126) Concurrent Preclean 0.094ms
[2025-09-23T16:03:40.282+0800][info][gc,start    ] GC(126) Pause Remark
[2025-09-23T16:03:40.283+0800][info][gc          ] GC(126) Pause Remark 2846M->2846M(5360M) 0.861ms
[2025-09-23T16:03:40.283+0800][info][gc,cpu      ] GC(126) User=0.00s Sys=0.00s Real=0.01s
[2025-09-23T16:03:40.283+0800][info][gc,marking  ] GC(126) Concurrent Mark 741.866ms
[2025-09-23T16:03:40.283+0800][info][gc,marking  ] GC(126) Concurrent Rebuild Remembered Sets and Scrub Regions
[2025-09-23T16:03:40.868+0800][info][gc,marking  ] GC(126) Concurrent Rebuild Remembered Sets and Scrub Regions 584.413ms
[2025-09-23T16:03:40.868+0800][info][gc,start    ] GC(126) Pause Cleanup
[2025-09-23T16:03:40.868+0800][info][gc          ] GC(126) Pause Cleanup 3086M->3086M(5360M) 0.124ms
[2025-09-23T16:03:40.868+0800][info][gc,cpu      ] GC(126) User=0.00s Sys=0.00s Real=0.00s
[2025-09-23T16:03:40.868+0800][info][gc,marking  ] GC(126) Concurrent Clear Claimed Marks
[2025-09-23T16:03:40.868+0800][info][gc,marking  ] GC(126) Concurrent Clear Claimed Marks 0.065ms
[2025-09-23T16:03:40.868+0800][info][gc,marking  ] GC(126) Concurrent Cleanup for Next Mark
[2025-09-23T16:03:40.872+0800][info][gc,marking  ] GC(126) Concurrent Cleanup for Next Mark 4.552ms
[2025-09-23T16:03:40.873+0800][info][gc          ] GC(126) Concurrent Mark Cycle 1448.565ms
[2025-09-23T16:03:43.982+0800][info][gc,start    ] GC(127) Pause Young (Prepare Mixed) (G1 Evacuation Pause)
[2025-09-23T16:03:43.982+0800][info][gc,task     ] GC(127) Using 8 workers of 8 for evacuation
[2025-09-23T16:03:44.071+0800][info][gc,phases   ] GC(127)   Pre Evacuate Collection Set: 0.1ms
[2025-09-23T16:03:44.071+0800][info][gc,phases   ] GC(127)   Merge Heap Roots: 1.4ms
[2025-09-23T16:03:44.071+0800][info][gc,phases   ] GC(127)   Evacuate Collection Set: 86.3ms
[2025-09-23T16:03:44.071+0800][info][gc,phases   ] GC(127)   Post Evacuate Collection Set: 0.9ms
[2025-09-23T16:03:44.071+0800][info][gc,phases   ] GC(127)   Other: 0.0ms
[2025-09-23T16:03:44.071+0800][info][gc,heap     ] GC(127) Eden regions: 150->0(149)
[2025-09-23T16:03:44.071+0800][info][gc,heap     ] GC(127) Survivor regions: 11->11(21)
[2025-09-23T16:03:44.071+0800][info][gc,heap     ] GC(127) Old regions: 136->137
[2025-09-23T16:03:44.071+0800][info][gc,heap     ] GC(127) Humongous regions: 9->9
[2025-09-23T16:03:44.071+0800][info][gc,metaspace] GC(127) Metaspace: 31401K(31936K)->31401K(31936K) NonClass: 26881K(27200K)->26881K(27200K) Class: 4520K(4736K)->4520K(4736K)
[2025-09-23T16:03:44.071+0800][info][gc          ] GC(127) Pause Young (Prepare Mixed) (G1 Evacuation Pause) 4882M->2486M(5360M) 88.912ms
[2025-09-23T16:03:44.071+0800][info][gc,cpu      ] GC(127) User=0.70s Sys=0.00s Real=0.09s
[2025-09-23T16:03:48.146+0800][info][gc,start    ] GC(128) Pause Young (Mixed) (G1 Evacuation Pause)
[2025-09-23T16:03:48.146+0800][info][gc,task     ] GC(128) Using 8 workers of 8 for evacuation
[2025-09-23T16:03:48.245+0800][info][gc,phases   ] GC(128)   Pre Evacuate Collection Set: 0.1ms
[2025-09-23T16:03:48.245+0800][info][gc,phases   ] GC(128)   Merge Heap Roots: 1.6ms
[2025-09-23T16:03:48.245+0800][info][gc,phases   ] GC(128)   Evacuate Collection Set: 96.3ms
[2025-09-23T16:03:48.245+0800][info][gc,phases   ] GC(128)   Post Evacuate Collection Set: 0.7ms
[2025-09-23T16:03:48.245+0800][info][gc,phases   ] GC(128)   Other: 0.1ms
[2025-09-23T16:03:48.245+0800][info][gc,heap     ] GC(128) Eden regions: 149->0(152)
[2025-09-23T16:03:48.245+0800][info][gc,heap     ] GC(128) Survivor regions: 11->10(20)
[2025-09-23T16:03:48.245+0800][info][gc,heap     ] GC(128) Old regions: 137->136
[2025-09-23T16:03:48.245+0800][info][gc,heap     ] GC(128) Humongous regions: 9->9
[2025-09-23T16:03:48.245+0800][info][gc,metaspace] GC(128) Metaspace: 31401K(31936K)->31401K(31936K) NonClass: 26881K(27200K)->26881K(27200K) Class: 4520K(4736K)->4520K(4736K)
[2025-09-23T16:03:48.245+0800][info][gc          ] GC(128) Pause Young (Mixed) (G1 Evacuation Pause) 4870M->2470M(5360M) 98.828ms
[2025-09-23T16:03:48.245+0800][info][gc,cpu      ] GC(128) User=0.77s Sys=0.00s Real=0.10s
[2025-09-23T16:03:52.387+0800][info][gc,start    ] GC(129) Pause Young (Concurrent Start) (G1 Evacuation Pause)
[2025-09-23T16:03:52.387+0800][info][gc,task     ] GC(129) Using 8 workers of 8 for evacuation
[2025-09-23T16:03:52.474+0800][info][gc,phases   ] GC(129)   Pre Evacuate Collection Set: 0.2ms
[2025-09-23T16:03:52.474+0800][info][gc,phases   ] GC(129)   Merge Heap Roots: 1.1ms
[2025-09-23T16:03:52.474+0800][info][gc,phases   ] GC(129)   Evacuate Collection Set: 85.4ms
[2025-09-23T16:03:52.474+0800][info][gc,phases   ] GC(129)   Post Evacuate Collection Set: 0.7ms
[2025-09-23T16:03:52.474+0800][info][gc,phases   ] GC(129)   Other: 0.0ms
[2025-09-23T16:03:52.474+0800][info][gc,heap     ] GC(129) Eden regions: 152->0(152)
[2025-09-23T16:03:52.474+0800][info][gc,heap     ] GC(129) Survivor regions: 10->10(21)
[2025-09-23T16:03:52.474+0800][info][gc,heap     ] GC(129) Old regions: 136->136
[2025-09-23T16:03:52.474+0800][info][gc,heap     ] GC(129) Humongous regions: 9->9
[2025-09-23T16:03:52.474+0800][info][gc,metaspace] GC(129) Metaspace: 31401K(31936K)->31401K(31936K) NonClass: 26881K(27200K)->26881K(27200K) Class: 4520K(4736K)->4520K(4736K)
[2025-09-23T16:03:52.474+0800][info][gc          ] GC(129) Pause Young (Concurrent Start) (G1 Evacuation Pause) 4902M->2480M(5360M) 87.542ms
[2025-09-23T16:03:52.474+0800][info][gc,cpu      ] GC(129) User=0.67s Sys=0.00s Real=0.08s
[2025-09-23T16:03:52.474+0800][info][gc          ] GC(130) Concurrent Mark Cycle
[2025-09-23T16:03:52.474+0800][info][gc,marking  ] GC(130) Concurrent Scan Root Regions
[2025-09-23T16:03:52.577+0800][info][gc,marking  ] GC(130) Concurrent Scan Root Regions 102.931ms
[2025-09-23T16:03:52.577+0800][info][gc,marking  ] GC(130) Concurrent Mark
[2025-09-23T16:03:52.577+0800][info][gc,marking  ] GC(130) Concurrent Mark From Roots
[2025-09-23T16:03:52.577+0800][info][gc,task     ] GC(130) Using 2 workers of 2 for marking
[2025-09-23T16:03:53.335+0800][info][gc,marking  ] GC(130) Concurrent Mark From Roots 757.589ms
[2025-09-23T16:03:53.335+0800][info][gc,marking  ] GC(130) Concurrent Preclean
[2025-09-23T16:03:53.335+0800][info][gc,marking  ] GC(130) Concurrent Preclean 0.105ms
[2025-09-23T16:03:53.335+0800][info][gc,start    ] GC(130) Pause Remark
[2025-09-23T16:03:53.336+0800][info][gc          ] GC(130) Pause Remark 2844M->2844M(5360M) 0.880ms
[2025-09-23T16:03:53.336+0800][info][gc,cpu      ] GC(130) User=0.00s Sys=0.00s Real=0.00s
[2025-09-23T16:03:53.336+0800][info][gc,marking  ] GC(130) Concurrent Mark 758.771ms
[2025-09-23T16:03:53.336+0800][info][gc,marking  ] GC(130) Concurrent Rebuild Remembered Sets and Scrub Regions
[2025-09-23T16:03:53.906+0800][info][gc,marking  ] GC(130) Concurrent Rebuild Remembered Sets and Scrub Regions 570.028ms
[2025-09-23T16:03:53.906+0800][info][gc,start    ] GC(130) Pause Cleanup
[2025-09-23T16:03:53.906+0800][info][gc          ] GC(130) Pause Cleanup 3068M->3068M(5360M) 0.127ms
[2025-09-23T16:03:53.906+0800][info][gc,cpu      ] GC(130) User=0.00s Sys=0.00s Real=0.00s
[2025-09-23T16:03:53.906+0800][info][gc,marking  ] GC(130) Concurrent Clear Claimed Marks
[2025-09-23T16:03:53.906+0800][info][gc,marking  ] GC(130) Concurrent Clear Claimed Marks 0.050ms
[2025-09-23T16:03:53.906+0800][info][gc,marking  ] GC(130) Concurrent Cleanup for Next Mark
[2025-09-23T16:03:53.911+0800][info][gc,marking  ] GC(130) Concurrent Cleanup for Next Mark 4.234ms
[2025-09-23T16:03:53.911+0800][info][gc          ] GC(130) Concurrent Mark Cycle 1436.456ms
[2025-09-23T16:03:57.058+0800][info][gc,start    ] GC(131) Pause Young (Prepare Mixed) (G1 Evacuation Pause)
[2025-09-23T16:03:57.058+0800][info][gc,task     ] GC(131) Using 8 workers of 8 for evacuation
[2025-09-23T16:03:57.144+0800][info][gc,phases   ] GC(131)   Pre Evacuate Collection Set: 0.1ms
[2025-09-23T16:03:57.144+0800][info][gc,phases   ] GC(131)   Merge Heap Roots: 1.5ms
[2025-09-23T16:03:57.144+0800][info][gc,phases   ] GC(131)   Evacuate Collection Set: 84.1ms
[2025-09-23T16:03:57.144+0800][info][gc,phases   ] GC(131)   Post Evacuate Collection Set: 0.8ms
[2025-09-23T16:03:57.144+0800][info][gc,phases   ] GC(131)   Other: 0.0ms
[2025-09-23T16:03:57.144+0800][info][gc,heap     ] GC(131) Eden regions: 152->0(151)
[2025-09-23T16:03:57.144+0800][info][gc,heap     ] GC(131) Survivor regions: 10->10(21)
[2025-09-23T16:03:57.144+0800][info][gc,heap     ] GC(131) Old regions: 136->137
[2025-09-23T16:03:57.144+0800][info][gc,heap     ] GC(131) Humongous regions: 9->9
[2025-09-23T16:03:57.144+0800][info][gc,metaspace] GC(131) Metaspace: 31401K(31936K)->31401K(31936K) NonClass: 26881K(27200K)->26881K(27200K) Class: 4520K(4736K)->4520K(4736K)
[2025-09-23T16:03:57.144+0800][info][gc          ] GC(131) Pause Young (Prepare Mixed) (G1 Evacuation Pause) 4912M->2484M(5360M) 86.706ms
[2025-09-23T16:03:57.144+0800][info][gc,cpu      ] GC(131) User=0.68s Sys=0.00s Real=0.09s
[2025-09-23T16:04:01.244+0800][info][gc,start    ] GC(132) Pause Young (Mixed) (G1 Evacuation Pause)
[2025-09-23T16:04:01.244+0800][info][gc,task     ] GC(132) Using 8 workers of 8 for evacuation
[2025-09-23T16:04:01.333+0800][info][gc,phases   ] GC(132)   Pre Evacuate Collection Set: 0.1ms
[2025-09-23T16:04:01.333+0800][info][gc,phases   ] GC(132)   Merge Heap Roots: 1.2ms
[2025-09-23T16:04:01.333+0800][info][gc,phases   ] GC(132)   Evacuate Collection Set: 86.8ms
[2025-09-23T16:04:01.333+0800][info][gc,phases   ] GC(132)   Post Evacuate Collection Set: 0.7ms
[2025-09-23T16:04:01.333+0800][info][gc,phases   ] GC(132)   Other: 0.0ms
[2025-09-23T16:04:01.333+0800][info][gc,heap     ] GC(132) Eden regions: 151->0(153)
[2025-09-23T16:04:01.333+0800][info][gc,heap     ] GC(132) Survivor regions: 10->9(21)
[2025-09-23T16:04:01.333+0800][info][gc,heap     ] GC(132) Old regions: 137->137
[2025-09-23T16:04:01.333+0800][info][gc,heap     ] GC(132) Humongous regions: 9->9
[2025-09-23T16:04:01.333+0800][info][gc,metaspace] GC(132) Metaspace: 31401K(31936K)->31401K(31936K) NonClass: 26881K(27200K)->26881K(27200K) Class: 4520K(4736K)->4520K(4736K)
[2025-09-23T16:04:01.333+0800][info][gc          ] GC(132) Pause Young (Mixed) (G1 Evacuation Pause) 4900M->2471M(5360M) 89.018ms
[2025-09-23T16:04:01.333+0800][info][gc,cpu      ] GC(132) User=0.71s Sys=0.00s Real=0.08s
[2025-09-23T16:04:05.474+0800][info][gc,start    ] GC(133) Pause Young (Concurrent Start) (G1 Evacuation Pause)
[2025-09-23T16:04:05.474+0800][info][gc,task     ] GC(133) Using 8 workers of 8 for evacuation
[2025-09-23T16:04:05.557+0800][info][gc,phases   ] GC(133)   Pre Evacuate Collection Set: 0.1ms
[2025-09-23T16:04:05.557+0800][info][gc,phases   ] GC(133)   Merge Heap Roots: 1.0ms
[2025-09-23T16:04:05.557+0800][info][gc,phases   ] GC(133)   Evacuate Collection Set: 81.7ms
[2025-09-23T16:04:05.557+0800][info][gc,phases   ] GC(133)   Post Evacuate Collection Set: 0.7ms
[2025-09-23T16:04:05.557+0800][info][gc,phases   ] GC(133)   Other: 0.1ms
[2025-09-23T16:04:05.557+0800][info][gc,heap     ] GC(133) Eden regions: 153->0(152)
[2025-09-23T16:04:05.557+0800][info][gc,heap     ] GC(133) Survivor regions: 9->9(21)
[2025-09-23T16:04:05.557+0800][info][gc,heap     ] GC(133) Old regions: 137->138
[2025-09-23T16:04:05.557+0800][info][gc,heap     ] GC(133) Humongous regions: 9->9
[2025-09-23T16:04:05.557+0800][info][gc,metaspace] GC(133) Metaspace: 31401K(31936K)->31401K(31936K) NonClass: 26881K(27200K)->26881K(27200K) Class: 4520K(4736K)->4520K(4736K)
[2025-09-23T16:04:05.557+0800][info][gc          ] GC(133) Pause Young (Concurrent Start) (G1 Evacuation Pause) 4919M->2482M(5360M) 83.723ms
[2025-09-23T16:04:05.557+0800][info][gc,cpu      ] GC(133) User=0.66s Sys=0.00s Real=0.09s
[2025-09-23T16:04:05.557+0800][info][gc          ] GC(134) Concurrent Mark Cycle
[2025-09-23T16:04:05.557+0800][info][gc,marking  ] GC(134) Concurrent Scan Root Regions
[2025-09-23T16:04:05.662+0800][info][gc,marking  ] GC(134) Concurrent Scan Root Regions 104.369ms
[2025-09-23T16:04:05.662+0800][info][gc,marking  ] GC(134) Concurrent Mark
[2025-09-23T16:04:05.662+0800][info][gc,marking  ] GC(134) Concurrent Mark From Roots
[2025-09-23T16:04:05.662+0800][info][gc,task     ] GC(134) Using 2 workers of 2 for marking
[2025-09-23T16:04:06.446+0800][info][gc,marking  ] GC(134) Concurrent Mark From Roots 784.548ms
[2025-09-23T16:04:06.446+0800][info][gc,marking  ] GC(134) Concurrent Preclean
[2025-09-23T16:04:06.447+0800][info][gc,marking  ] GC(134) Concurrent Preclean 0.095ms
[2025-09-23T16:04:06.447+0800][info][gc,start    ] GC(134) Pause Remark
[2025-09-23T16:04:06.448+0800][info][gc          ] GC(134) Pause Remark 2872M->2872M(5360M) 0.905ms
[2025-09-23T16:04:06.448+0800][info][gc,cpu      ] GC(134) User=0.00s Sys=0.01s Real=0.00s
[2025-09-23T16:04:06.448+0800][info][gc,marking  ] GC(134) Concurrent Mark 785.756ms
[2025-09-23T16:04:06.448+0800][info][gc,marking  ] GC(134) Concurrent Rebuild Remembered Sets and Scrub Regions
[2025-09-23T16:04:07.035+0800][info][gc,marking  ] GC(134) Concurrent Rebuild Remembered Sets and Scrub Regions 587.167ms
[2025-09-23T16:04:07.035+0800][info][gc,start    ] GC(134) Pause Cleanup
[2025-09-23T16:04:07.035+0800][info][gc          ] GC(134) Pause Cleanup 3106M->3106M(5360M) 0.118ms
[2025-09-23T16:04:07.035+0800][info][gc,cpu      ] GC(134) User=0.00s Sys=0.00s Real=0.00s
[2025-09-23T16:04:07.035+0800][info][gc,marking  ] GC(134) Concurrent Clear Claimed Marks
[2025-09-23T16:04:07.035+0800][info][gc,marking  ] GC(134) Concurrent Clear Claimed Marks 0.051ms
[2025-09-23T16:04:07.035+0800][info][gc,marking  ] GC(134) Concurrent Cleanup for Next Mark
[2025-09-23T16:04:07.040+0800][info][gc,marking  ] GC(134) Concurrent Cleanup for Next Mark 5.302ms
[2025-09-23T16:04:07.041+0800][info][gc          ] GC(134) Concurrent Mark Cycle 1483.088ms
[2025-09-23T16:04:10.123+0800][info][gc,start    ] GC(135) Pause Young (Prepare Mixed) (G1 Evacuation Pause)
[2025-09-23T16:04:10.123+0800][info][gc,task     ] GC(135) Using 8 workers of 8 for evacuation
[2025-09-23T16:04:10.205+0800][info][gc,phases   ] GC(135)   Pre Evacuate Collection Set: 0.1ms
[2025-09-23T16:04:10.205+0800][info][gc,phases   ] GC(135)   Merge Heap Roots: 1.4ms
[2025-09-23T16:04:10.205+0800][info][gc,phases   ] GC(135)   Evacuate Collection Set: 80.1ms
[2025-09-23T16:04:10.205+0800][info][gc,phases   ] GC(135)   Post Evacuate Collection Set: 0.8ms
[2025-09-23T16:04:10.205+0800][info][gc,phases   ] GC(135)   Other: 0.0ms
[2025-09-23T16:04:10.205+0800][info][gc,heap     ] GC(135) Eden regions: 152->0(152)
[2025-09-23T16:04:10.205+0800][info][gc,heap     ] GC(135) Survivor regions: 9->9(21)
[2025-09-23T16:04:10.205+0800][info][gc,heap     ] GC(135) Old regions: 138->138
[2025-09-23T16:04:10.205+0800][info][gc,heap     ] GC(135) Humongous regions: 9->9
[2025-09-23T16:04:10.205+0800][info][gc,metaspace] GC(135) Metaspace: 31401K(31936K)->31401K(31936K) NonClass: 26881K(27200K)->26881K(27200K) Class: 4520K(4736K)->4520K(4736K)
[2025-09-23T16:04:10.205+0800][info][gc          ] GC(135) Pause Young (Prepare Mixed) (G1 Evacuation Pause) 4914M->2490M(5360M) 82.597ms
[2025-09-23T16:04:10.205+0800][info][gc,cpu      ] GC(135) User=0.65s Sys=0.00s Real=0.08s
[2025-09-23T16:04:14.331+0800][info][gc,start    ] GC(136) Pause Young (Mixed) (G1 Evacuation Pause)
[2025-09-23T16:04:14.331+0800][info][gc,task     ] GC(136) Using 8 workers of 8 for evacuation
[2025-09-23T16:04:14.419+0800][info][gc,phases   ] GC(136)   Pre Evacuate Collection Set: 0.1ms
[2025-09-23T16:04:14.419+0800][info][gc,phases   ] GC(136)   Merge Heap Roots: 1.5ms
[2025-09-23T16:04:14.419+0800][info][gc,phases   ] GC(136)   Evacuate Collection Set: 85.6ms
[2025-09-23T16:04:14.419+0800][info][gc,phases   ] GC(136)   Post Evacuate Collection Set: 0.8ms
[2025-09-23T16:04:14.419+0800][info][gc,phases   ] GC(136)   Other: 0.0ms
[2025-09-23T16:04:14.419+0800][info][gc,heap     ] GC(136) Eden regions: 152->0(156)
[2025-09-23T16:04:14.419+0800][info][gc,heap     ] GC(136) Survivor regions: 9->5(21)
[2025-09-23T16:04:14.419+0800][info][gc,heap     ] GC(136) Old regions: 138->142
[2025-09-23T16:04:14.419+0800][info][gc,heap     ] GC(136) Humongous regions: 9->9
[2025-09-23T16:04:14.419+0800][info][gc,metaspace] GC(136) Metaspace: 31401K(31936K)->31401K(31936K) NonClass: 26881K(27200K)->26881K(27200K) Class: 4520K(4736K)->4520K(4736K)
[2025-09-23T16:04:14.419+0800][info][gc          ] GC(136) Pause Young (Mixed) (G1 Evacuation Pause) 4922M->2478M(5360M) 88.104ms
[2025-09-23T16:04:14.419+0800][info][gc,cpu      ] GC(136) User=0.70s Sys=0.00s Real=0.09s
[2025-09-23T16:04:18.613+0800][info][gc,start    ] GC(137) Pause Young (Concurrent Start) (G1 Evacuation Pause)
[2025-09-23T16:04:18.613+0800][info][gc,task     ] GC(137) Using 8 workers of 8 for evacuation
[2025-09-23T16:04:18.677+0800][info][gc,phases   ] GC(137)   Pre Evacuate Collection Set: 0.1ms
[2025-09-23T16:04:18.677+0800][info][gc,phases   ] GC(137)   Merge Heap Roots: 1.3ms
[2025-09-23T16:04:18.677+0800][info][gc,phases   ] GC(137)   Evacuate Collection Set: 61.5ms
[2025-09-23T16:04:18.677+0800][info][gc,phases   ] GC(137)   Post Evacuate Collection Set: 0.7ms
[2025-09-23T16:04:18.677+0800][info][gc,phases   ] GC(137)   Other: 0.1ms
[2025-09-23T16:04:18.677+0800][info][gc,heap     ] GC(137) Eden regions: 156->0(156)
[2025-09-23T16:04:18.677+0800][info][gc,heap     ] GC(137) Survivor regions: 5->5(21)
[2025-09-23T16:04:18.677+0800][info][gc,heap     ] GC(137) Old regions: 142->142
[2025-09-23T16:04:18.677+0800][info][gc,heap     ] GC(137) Humongous regions: 9->9
[2025-09-23T16:04:18.677+0800][info][gc,metaspace] GC(137) Metaspace: 31401K(31936K)->31401K(31936K) NonClass: 26881K(27200K)->26881K(27200K) Class: 4520K(4736K)->4520K(4736K)
[2025-09-23T16:04:18.677+0800][info][gc          ] GC(137) Pause Young (Concurrent Start) (G1 Evacuation Pause) 4974M->2486M(5360M) 63.778ms
[2025-09-23T16:04:18.677+0800][info][gc,cpu      ] GC(137) User=0.50s Sys=0.00s Real=0.07s
[2025-09-23T16:04:18.677+0800][info][gc          ] GC(138) Concurrent Mark Cycle
[2025-09-23T16:04:18.677+0800][info][gc,marking  ] GC(138) Concurrent Scan Root Regions
[2025-09-23T16:04:18.694+0800][info][gc,marking  ] GC(138) Concurrent Scan Root Regions 17.551ms
[2025-09-23T16:04:18.694+0800][info][gc,marking  ] GC(138) Concurrent Mark
[2025-09-23T16:04:18.694+0800][info][gc,marking  ] GC(138) Concurrent Mark From Roots
[2025-09-23T16:04:18.694+0800][info][gc,task     ] GC(138) Using 2 workers of 2 for marking
[2025-09-23T16:04:19.532+0800][info][gc,marking  ] GC(138) Concurrent Mark From Roots 837.315ms
[2025-09-23T16:04:19.532+0800][info][gc,marking  ] GC(138) Concurrent Preclean
[2025-09-23T16:04:19.532+0800][info][gc,marking  ] GC(138) Concurrent Preclean 0.093ms
[2025-09-23T16:04:19.532+0800][info][gc,start    ] GC(138) Pause Remark
[2025-09-23T16:04:19.533+0800][info][gc          ] GC(138) Pause Remark 2860M->2860M(5360M) 0.869ms
[2025-09-23T16:04:19.533+0800][info][gc,cpu      ] GC(138) User=0.00s Sys=0.00s Real=0.00s
[2025-09-23T16:04:19.533+0800][info][gc,marking  ] GC(138) Concurrent Mark 838.498ms
[2025-09-23T16:04:19.533+0800][info][gc,marking  ] GC(138) Concurrent Rebuild Remembered Sets and Scrub Regions
[2025-09-23T16:04:20.225+0800][info][gc,marking  ] GC(138) Concurrent Rebuild Remembered Sets and Scrub Regions 692.348ms
[2025-09-23T16:04:20.225+0800][info][gc,start    ] GC(138) Pause Cleanup
[2025-09-23T16:04:20.226+0800][info][gc          ] GC(138) Pause Cleanup 3142M->3142M(5360M) 0.124ms
[2025-09-23T16:04:20.226+0800][info][gc,cpu      ] GC(138) User=0.00s Sys=0.00s Real=0.00s
[2025-09-23T16:04:20.226+0800][info][gc,marking  ] GC(138) Concurrent Clear Claimed Marks
[2025-09-23T16:04:20.226+0800][info][gc,marking  ] GC(138) Concurrent Clear Claimed Marks 0.050ms
[2025-09-23T16:04:20.226+0800][info][gc,marking  ] GC(138) Concurrent Cleanup for Next Mark
[2025-09-23T16:04:20.230+0800][info][gc,marking  ] GC(138) Concurrent Cleanup for Next Mark 4.690ms
[2025-09-23T16:04:20.230+0800][info][gc          ] GC(138) Concurrent Mark Cycle 1553.583ms
[2025-09-23T16:04:23.359+0800][info][gc,start    ] GC(139) Pause Young (Prepare Mixed) (G1 Evacuation Pause)
[2025-09-23T16:04:23.359+0800][info][gc,task     ] GC(139) Using 8 workers of 8 for evacuation
[2025-09-23T16:04:23.422+0800][info][gc,phases   ] GC(139)   Pre Evacuate Collection Set: 0.1ms
[2025-09-23T16:04:23.422+0800][info][gc,phases   ] GC(139)   Merge Heap Roots: 1.5ms
[2025-09-23T16:04:23.422+0800][info][gc,phases   ] GC(139)   Evacuate Collection Set: 60.5ms
[2025-09-23T16:04:23.422+0800][info][gc,phases   ] GC(139)   Post Evacuate Collection Set: 0.8ms
[2025-09-23T16:04:23.422+0800][info][gc,phases   ] GC(139)   Other: 0.0ms
[2025-09-23T16:04:23.422+0800][info][gc,heap     ] GC(139) Eden regions: 156->0(155)
[2025-09-23T16:04:23.422+0800][info][gc,heap     ] GC(139) Survivor regions: 5->5(21)
[2025-09-23T16:04:23.422+0800][info][gc,heap     ] GC(139) Old regions: 142->143
[2025-09-23T16:04:23.422+0800][info][gc,heap     ] GC(139) Humongous regions: 9->9
[2025-09-23T16:04:23.422+0800][info][gc,metaspace] GC(139) Metaspace: 31401K(31936K)->31401K(31936K) NonClass: 26881K(27200K)->26881K(27200K) Class: 4520K(4736K)->4520K(4736K)
[2025-09-23T16:04:23.422+0800][info][gc          ] GC(139) Pause Young (Prepare Mixed) (G1 Evacuation Pause) 4982M->2492M(5360M) 63.157ms
[2025-09-23T16:04:23.422+0800][info][gc,cpu      ] GC(139) User=0.49s Sys=0.00s Real=0.06s
[2025-09-23T16:04:27.621+0800][info][gc,start    ] GC(140) Pause Young (Mixed) (G1 Evacuation Pause)
[2025-09-23T16:04:27.621+0800][info][gc,task     ] GC(140) Using 8 workers of 8 for evacuation
[2025-09-23T16:04:27.698+0800][info][gc,phases   ] GC(140)   Pre Evacuate Collection Set: 0.1ms
[2025-09-23T16:04:27.698+0800][info][gc,phases   ] GC(140)   Merge Heap Roots: 1.9ms
[2025-09-23T16:04:27.698+0800][info][gc,phases   ] GC(140)   Evacuate Collection Set: 73.5ms
[2025-09-23T16:04:27.698+0800][info][gc,phases   ] GC(140)   Post Evacuate Collection Set: 0.8ms
[2025-09-23T16:04:27.698+0800][info][gc,phases   ] GC(140)   Other: 0.0ms
[2025-09-23T16:04:27.698+0800][info][gc,heap     ] GC(140) Eden regions: 155->0(155)
[2025-09-23T16:04:27.698+0800][info][gc,heap     ] GC(140) Survivor regions: 5->5(20)
[2025-09-23T16:04:27.698+0800][info][gc,heap     ] GC(140) Old regions: 143->143
[2025-09-23T16:04:27.698+0800][info][gc,heap     ] GC(140) Humongous regions: 9->9
[2025-09-23T16:04:27.698+0800][info][gc,metaspace] GC(140) Metaspace: 31401K(31936K)->31401K(31936K) NonClass: 26881K(27200K)->26881K(27200K) Class: 4520K(4736K)->4520K(4736K)
[2025-09-23T16:04:27.698+0800][info][gc          ] GC(140) Pause Young (Mixed) (G1 Evacuation Pause) 4972M->2484M(5360M) 76.429ms
[2025-09-23T16:04:27.698+0800][info][gc,cpu      ] GC(140) User=0.61s Sys=0.00s Real=0.08s
[2025-09-23T16:04:31.849+0800][info][gc,start    ] GC(141) Pause Young (Concurrent Start) (G1 Evacuation Pause)
[2025-09-23T16:04:31.849+0800][info][gc,task     ] GC(141) Using 8 workers of 8 for evacuation
[2025-09-23T16:04:31.909+0800][info][gc,phases   ] GC(141)   Pre Evacuate Collection Set: 0.1ms
[2025-09-23T16:04:31.909+0800][info][gc,phases   ] GC(141)   Merge Heap Roots: 1.0ms
[2025-09-23T16:04:31.909+0800][info][gc,phases   ] GC(141)   Evacuate Collection Set: 57.5ms
[2025-09-23T16:04:31.909+0800][info][gc,phases   ] GC(141)   Post Evacuate Collection Set: 0.7ms
[2025-09-23T16:04:31.909+0800][info][gc,phases   ] GC(141)   Other: 0.0ms
[2025-09-23T16:04:31.909+0800][info][gc,heap     ] GC(141) Eden regions: 155->0(157)
[2025-09-23T16:04:31.909+0800][info][gc,heap     ] GC(141) Survivor regions: 5->4(20)
[2025-09-23T16:04:31.909+0800][info][gc,heap     ] GC(141) Old regions: 143->143
[2025-09-23T16:04:31.909+0800][info][gc,heap     ] GC(141) Humongous regions: 9->9
[2025-09-23T16:04:31.909+0800][info][gc,metaspace] GC(141) Metaspace: 31401K(31936K)->31401K(31936K) NonClass: 26881K(27200K)->26881K(27200K) Class: 4520K(4736K)->4520K(4736K)
[2025-09-23T16:04:31.909+0800][info][gc          ] GC(141) Pause Young (Concurrent Start) (G1 Evacuation Pause) 4964M->2485M(5360M) 59.513ms
[2025-09-23T16:04:31.909+0800][info][gc,cpu      ] GC(141) User=0.46s Sys=0.00s Real=0.06s
[2025-09-23T16:04:31.909+0800][info][gc          ] GC(142) Concurrent Mark Cycle
[2025-09-23T16:04:31.909+0800][info][gc,marking  ] GC(142) Concurrent Scan Root Regions
[2025-09-23T16:04:31.925+0800][info][gc,marking  ] GC(142) Concurrent Scan Root Regions 16.362ms
[2025-09-23T16:04:31.925+0800][info][gc,marking  ] GC(142) Concurrent Mark
[2025-09-23T16:04:31.925+0800][info][gc,marking  ] GC(142) Concurrent Mark From Roots
[2025-09-23T16:04:31.925+0800][info][gc,task     ] GC(142) Using 2 workers of 2 for marking
[2025-09-23T16:04:32.833+0800][info][gc,marking  ] GC(142) Concurrent Mark From Roots 907.710ms
[2025-09-23T16:04:32.833+0800][info][gc,marking  ] GC(142) Concurrent Preclean
[2025-09-23T16:04:32.833+0800][info][gc,marking  ] GC(142) Concurrent Preclean 0.110ms
[2025-09-23T16:04:32.833+0800][info][gc,start    ] GC(142) Pause Remark
[2025-09-23T16:04:32.834+0800][info][gc          ] GC(142) Pause Remark 2885M->2885M(5360M) 0.902ms
[2025-09-23T16:04:32.834+0800][info][gc,cpu      ] GC(142) User=0.00s Sys=0.00s Real=0.00s
[2025-09-23T16:04:32.834+0800][info][gc,marking  ] GC(142) Concurrent Mark 909.171ms
[2025-09-23T16:04:32.834+0800][info][gc,marking  ] GC(142) Concurrent Rebuild Remembered Sets and Scrub Regions
[2025-09-23T16:04:33.518+0800][info][gc,marking  ] GC(142) Concurrent Rebuild Remembered Sets and Scrub Regions 683.658ms
[2025-09-23T16:04:33.518+0800][info][gc,start    ] GC(142) Pause Cleanup
[2025-09-23T16:04:33.518+0800][info][gc          ] GC(142) Pause Cleanup 3173M->3173M(5360M) 0.119ms
[2025-09-23T16:04:33.518+0800][info][gc,cpu      ] GC(142) User=0.00s Sys=0.00s Real=0.00s
[2025-09-23T16:04:33.518+0800][info][gc,marking  ] GC(142) Concurrent Clear Claimed Marks
[2025-09-23T16:04:33.518+0800][info][gc,marking  ] GC(142) Concurrent Clear Claimed Marks 0.059ms
[2025-09-23T16:04:33.518+0800][info][gc,marking  ] GC(142) Concurrent Cleanup for Next Mark
[2025-09-23T16:04:33.523+0800][info][gc,marking  ] GC(142) Concurrent Cleanup for Next Mark 4.418ms
[2025-09-23T16:04:33.523+0800][info][gc          ] GC(142) Concurrent Mark Cycle 1614.100ms
[2025-09-23T16:04:36.591+0800][info][gc,start    ] GC(143) Pause Young (Prepare Mixed) (G1 Evacuation Pause)
[2025-09-23T16:04:36.591+0800][info][gc,task     ] GC(143) Using 8 workers of 8 for evacuation
[2025-09-23T16:04:36.649+0800][info][gc,phases   ] GC(143)   Pre Evacuate Collection Set: 0.1ms
[2025-09-23T16:04:36.649+0800][info][gc,phases   ] GC(143)   Merge Heap Roots: 1.2ms
[2025-09-23T16:04:36.649+0800][info][gc,phases   ] GC(143)   Evacuate Collection Set: 56.4ms
[2025-09-23T16:04:36.649+0800][info][gc,phases   ] GC(143)   Post Evacuate Collection Set: 0.8ms
[2025-09-23T16:04:36.649+0800][info][gc,phases   ] GC(143)   Other: 0.0ms
[2025-09-23T16:04:36.649+0800][info][gc,heap     ] GC(143) Eden regions: 157->0(157)
[2025-09-23T16:04:36.649+0800][info][gc,heap     ] GC(143) Survivor regions: 4->4(21)
[2025-09-23T16:04:36.650+0800][info][gc,heap     ] GC(143) Old regions: 143->143
[2025-09-23T16:04:36.650+0800][info][gc,heap     ] GC(143) Humongous regions: 9->9
[2025-09-23T16:04:36.650+0800][info][gc,metaspace] GC(143) Metaspace: 31401K(31936K)->31401K(31936K) NonClass: 26881K(27200K)->26881K(27200K) Class: 4520K(4736K)->4520K(4736K)
[2025-09-23T16:04:36.650+0800][info][gc          ] GC(143) Pause Young (Prepare Mixed) (G1 Evacuation Pause) 4997M->2490M(5360M) 58.659ms
[2025-09-23T16:04:36.650+0800][info][gc,cpu      ] GC(143) User=0.46s Sys=0.00s Real=0.06s
[2025-09-23T16:04:40.874+0800][info][gc,start    ] GC(144) Pause Young (Mixed) (G1 Evacuation Pause)
[2025-09-23T16:04:40.874+0800][info][gc,task     ] GC(144) Using 8 workers of 8 for evacuation
[2025-09-23T16:04:40.942+0800][info][gc,phases   ] GC(144)   Pre Evacuate Collection Set: 0.1ms
[2025-09-23T16:04:40.942+0800][info][gc,phases   ] GC(144)   Merge Heap Roots: 1.5ms
[2025-09-23T16:04:40.942+0800][info][gc,phases   ] GC(144)   Evacuate Collection Set: 65.9ms
[2025-09-23T16:04:40.942+0800][info][gc,phases   ] GC(144)   Post Evacuate Collection Set: 0.7ms
[2025-09-23T16:04:40.942+0800][info][gc,phases   ] GC(144)   Other: 0.0ms
[2025-09-23T16:04:40.942+0800][info][gc,heap     ] GC(144) Eden regions: 157->0(157)
[2025-09-23T16:04:40.942+0800][info][gc,heap     ] GC(144) Survivor regions: 4->4(21)
[2025-09-23T16:04:40.942+0800][info][gc,heap     ] GC(144) Old regions: 143->143
[2025-09-23T16:04:40.942+0800][info][gc,heap     ] GC(144) Humongous regions: 9->9
[2025-09-23T16:04:40.942+0800][info][gc,metaspace] GC(144) Metaspace: 31401K(31936K)->31401K(31936K) NonClass: 26881K(27200K)->26881K(27200K) Class: 4520K(4736K)->4520K(4736K)
[2025-09-23T16:04:40.942+0800][info][gc          ] GC(144) Pause Young (Mixed) (G1 Evacuation Pause) 5002M->2477M(5360M) 68.390ms
[2025-09-23T16:04:40.942+0800][info][gc,cpu      ] GC(144) User=0.54s Sys=0.00s Real=0.07s
[2025-09-23T16:04:45.136+0800][info][gc,start    ] GC(145) Pause Young (Concurrent Start) (GCLocker Initiated GC)
[2025-09-23T16:04:45.136+0800][info][gc,task     ] GC(145) Using 8 workers of 8 for evacuation
[2025-09-23T16:04:45.191+0800][info][gc,phases   ] GC(145)   Pre Evacuate Collection Set: 0.1ms
[2025-09-23T16:04:45.191+0800][info][gc,phases   ] GC(145)   Merge Heap Roots: 1.0ms
[2025-09-23T16:04:45.191+0800][info][gc,phases   ] GC(145)   Evacuate Collection Set: 53.0ms
[2025-09-23T16:04:45.191+0800][info][gc,phases   ] GC(145)   Post Evacuate Collection Set: 0.7ms
[2025-09-23T16:04:45.191+0800][info][gc,phases   ] GC(145)   Other: 0.0ms
[2025-09-23T16:04:45.191+0800][info][gc,heap     ] GC(145) Eden regions: 157->0(157)
[2025-09-23T16:04:45.191+0800][info][gc,heap     ] GC(145) Survivor regions: 4->4(21)
[2025-09-23T16:04:45.191+0800][info][gc,heap     ] GC(145) Old regions: 143->143
[2025-09-23T16:04:45.191+0800][info][gc,heap     ] GC(145) Humongous regions: 9->9
[2025-09-23T16:04:45.191+0800][info][gc,metaspace] GC(145) Metaspace: 31401K(31936K)->31401K(31936K) NonClass: 26881K(27200K)->26881K(27200K) Class: 4520K(4736K)->4520K(4736K)
[2025-09-23T16:04:45.191+0800][info][gc          ] GC(145) Pause Young (Concurrent Start) (GCLocker Initiated GC) 4989M->2482M(5360M) 55.076ms
[2025-09-23T16:04:45.191+0800][info][gc,cpu      ] GC(145) User=0.43s Sys=0.00s Real=0.05s
[2025-09-23T16:04:45.191+0800][info][gc          ] GC(146) Concurrent Mark Cycle
[2025-09-23T16:04:45.191+0800][info][gc,marking  ] GC(146) Concurrent Scan Root Regions
[2025-09-23T16:04:45.206+0800][info][gc,marking  ] GC(146) Concurrent Scan Root Regions 14.599ms
[2025-09-23T16:04:45.206+0800][info][gc,marking  ] GC(146) Concurrent Mark
[2025-09-23T16:04:45.206+0800][info][gc,marking  ] GC(146) Concurrent Mark From Roots
[2025-09-23T16:04:45.206+0800][info][gc,task     ] GC(146) Using 2 workers of 2 for marking
[2025-09-23T16:04:46.117+0800][info][gc,marking  ] GC(146) Concurrent Mark From Roots 910.893ms
[2025-09-23T16:04:46.117+0800][info][gc,marking  ] GC(146) Concurrent Preclean
[2025-09-23T16:04:46.117+0800][info][gc,marking  ] GC(146) Concurrent Preclean 0.417ms
[2025-09-23T16:04:46.117+0800][info][gc,start    ] GC(146) Pause Remark
[2025-09-23T16:04:46.118+0800][info][gc          ] GC(146) Pause Remark 2873M->2873M(5360M) 0.877ms
[2025-09-23T16:04:46.118+0800][info][gc,cpu      ] GC(146) User=0.01s Sys=0.00s Real=0.00s
[2025-09-23T16:04:46.118+0800][info][gc,marking  ] GC(146) Concurrent Mark 912.407ms
[2025-09-23T16:04:46.118+0800][info][gc,marking  ] GC(146) Concurrent Rebuild Remembered Sets and Scrub Regions
[2025-09-23T16:04:46.772+0800][info][gc,marking  ] GC(146) Concurrent Rebuild Remembered Sets and Scrub Regions 654.464ms
[2025-09-23T16:04:46.773+0800][info][gc,start    ] GC(146) Pause Cleanup
[2025-09-23T16:04:46.773+0800][info][gc          ] GC(146) Pause Cleanup 3154M->3154M(5360M) 0.107ms
[2025-09-23T16:04:46.773+0800][info][gc,cpu      ] GC(146) User=0.00s Sys=0.00s Real=0.00s
[2025-09-23T16:04:46.773+0800][info][gc,marking  ] GC(146) Concurrent Clear Claimed Marks
[2025-09-23T16:04:46.773+0800][info][gc,marking  ] GC(146) Concurrent Clear Claimed Marks 0.048ms
[2025-09-23T16:04:46.773+0800][info][gc,marking  ] GC(146) Concurrent Cleanup for Next Mark
[2025-09-23T16:04:46.777+0800][info][gc,marking  ] GC(146) Concurrent Cleanup for Next Mark 4.254ms
[2025-09-23T16:04:46.777+0800][info][gc          ] GC(146) Concurrent Mark Cycle 1586.178ms
[2025-09-23T16:04:49.875+0800][info][gc,start    ] GC(147) Pause Young (Prepare Mixed) (G1 Evacuation Pause)
[2025-09-23T16:04:49.876+0800][info][gc,task     ] GC(147) Using 8 workers of 8 for evacuation
[2025-09-23T16:04:49.931+0800][info][gc,phases   ] GC(147)   Pre Evacuate Collection Set: 0.1ms
[2025-09-23T16:04:49.931+0800][info][gc,phases   ] GC(147)   Merge Heap Roots: 1.6ms
[2025-09-23T16:04:49.931+0800][info][gc,phases   ] GC(147)   Evacuate Collection Set: 52.7ms
[2025-09-23T16:04:49.931+0800][info][gc,phases   ] GC(147)   Post Evacuate Collection Set: 0.9ms
[2025-09-23T16:04:49.931+0800][info][gc,phases   ] GC(147)   Other: 0.1ms
[2025-09-23T16:04:49.931+0800][info][gc,heap     ] GC(147) Eden regions: 157->0(156)
[2025-09-23T16:04:49.931+0800][info][gc,heap     ] GC(147) Survivor regions: 4->4(21)
[2025-09-23T16:04:49.931+0800][info][gc,heap     ] GC(147) Old regions: 143->144
[2025-09-23T16:04:49.931+0800][info][gc,heap     ] GC(147) Humongous regions: 9->9
[2025-09-23T16:04:49.931+0800][info][gc,metaspace] GC(147) Metaspace: 31401K(31936K)->31401K(31936K) NonClass: 26881K(27200K)->26881K(27200K) Class: 4520K(4736K)->4520K(4736K)
[2025-09-23T16:04:49.931+0800][info][gc          ] GC(147) Pause Young (Prepare Mixed) (G1 Evacuation Pause) 4994M->2486M(5360M) 55.445ms
[2025-09-23T16:04:49.931+0800][info][gc,cpu      ] GC(147) User=0.43s Sys=0.00s Real=0.05s
[2025-09-23T16:04:54.091+0800][info][gc,start    ] GC(148) Pause Young (Mixed) (GCLocker Initiated GC)
[2025-09-23T16:04:54.091+0800][info][gc,task     ] GC(148) Using 8 workers of 8 for evacuation
[2025-09-23T16:04:54.164+0800][info][gc,phases   ] GC(148)   Pre Evacuate Collection Set: 0.1ms
[2025-09-23T16:04:54.164+0800][info][gc,phases   ] GC(148)   Merge Heap Roots: 2.5ms
[2025-09-23T16:04:54.164+0800][info][gc,phases   ] GC(148)   Evacuate Collection Set: 69.7ms
[2025-09-23T16:04:54.164+0800][info][gc,phases   ] GC(148)   Post Evacuate Collection Set: 0.7ms
[2025-09-23T16:04:54.164+0800][info][gc,phases   ] GC(148)   Other: 0.0ms
[2025-09-23T16:04:54.164+0800][info][gc,heap     ] GC(148) Eden regions: 156->0(157)
[2025-09-23T16:04:54.164+0800][info][gc,heap     ] GC(148) Survivor regions: 4->4(20)
[2025-09-23T16:04:54.164+0800][info][gc,heap     ] GC(148) Old regions: 144->143
[2025-09-23T16:04:54.164+0800][info][gc,heap     ] GC(148) Humongous regions: 9->9
[2025-09-23T16:04:54.165+0800][info][gc,metaspace] GC(148) Metaspace: 31401K(31936K)->31401K(31936K) NonClass: 26881K(27200K)->26881K(27200K) Class: 4520K(4736K)->4520K(4736K)
[2025-09-23T16:04:54.165+0800][info][gc          ] GC(148) Pause Young (Mixed) (GCLocker Initiated GC) 4982M->2478M(5360M) 73.220ms
[2025-09-23T16:04:54.165+0800][info][gc,cpu      ] GC(148) User=0.58s Sys=0.00s Real=0.08s
[2025-09-23T16:04:58.333+0800][info][gc,start    ] GC(149) Pause Young (Concurrent Start) (G1 Evacuation Pause)
[2025-09-23T16:04:58.333+0800][info][gc,task     ] GC(149) Using 8 workers of 8 for evacuation
[2025-09-23T16:04:58.385+0800][info][gc,phases   ] GC(149)   Pre Evacuate Collection Set: 0.1ms
[2025-09-23T16:04:58.385+0800][info][gc,phases   ] GC(149)   Merge Heap Roots: 0.9ms
[2025-09-23T16:04:58.385+0800][info][gc,phases   ] GC(149)   Evacuate Collection Set: 49.9ms
[2025-09-23T16:04:58.385+0800][info][gc,phases   ] GC(149)   Post Evacuate Collection Set: 0.7ms
[2025-09-23T16:04:58.385+0800][info][gc,phases   ] GC(149)   Other: 0.0ms
[2025-09-23T16:04:58.385+0800][info][gc,heap     ] GC(149) Eden regions: 157->0(158)
[2025-09-23T16:04:58.385+0800][info][gc,heap     ] GC(149) Survivor regions: 4->3(21)
[2025-09-23T16:04:58.385+0800][info][gc,heap     ] GC(149) Old regions: 143->144
[2025-09-23T16:04:58.385+0800][info][gc,heap     ] GC(149) Humongous regions: 9->9
[2025-09-23T16:04:58.385+0800][info][gc,metaspace] GC(149) Metaspace: 31401K(31936K)->31401K(31936K) NonClass: 26881K(27200K)->26881K(27200K) Class: 4520K(4736K)->4520K(4736K)
[2025-09-23T16:04:58.385+0800][info][gc          ] GC(149) Pause Young (Concurrent Start) (G1 Evacuation Pause) 4990M->2481M(5360M) 51.825ms
[2025-09-23T16:04:58.385+0800][info][gc,cpu      ] GC(149) User=0.40s Sys=0.00s Real=0.06s
[2025-09-23T16:04:58.385+0800][info][gc          ] GC(150) Concurrent Mark Cycle
[2025-09-23T16:04:58.385+0800][info][gc,marking  ] GC(150) Concurrent Scan Root Regions
[2025-09-23T16:04:58.398+0800][info][gc,marking  ] GC(150) Concurrent Scan Root Regions 12.893ms
[2025-09-23T16:04:58.398+0800][info][gc,marking  ] GC(150) Concurrent Mark
[2025-09-23T16:04:58.398+0800][info][gc,marking  ] GC(150) Concurrent Mark From Roots
[2025-09-23T16:04:58.398+0800][info][gc,task     ] GC(150) Using 2 workers of 2 for marking
[2025-09-23T16:04:59.297+0800][info][gc,marking  ] GC(150) Concurrent Mark From Roots 899.019ms
[2025-09-23T16:04:59.297+0800][info][gc,marking  ] GC(150) Concurrent Preclean
[2025-09-23T16:04:59.297+0800][info][gc,marking  ] GC(150) Concurrent Preclean 0.088ms
[2025-09-23T16:04:59.297+0800][info][gc,start    ] GC(150) Pause Remark
[2025-09-23T16:04:59.298+0800][info][gc          ] GC(150) Pause Remark 2871M->2871M(5360M) 0.864ms
[2025-09-23T16:04:59.298+0800][info][gc,cpu      ] GC(150) User=0.00s Sys=0.00s Real=0.00s
[2025-09-23T16:04:59.298+0800][info][gc,marking  ] GC(150) Concurrent Mark 900.166ms
[2025-09-23T16:04:59.298+0800][info][gc,marking  ] GC(150) Concurrent Rebuild Remembered Sets and Scrub Regions
[2025-09-23T16:04:59.924+0800][info][gc,marking  ] GC(150) Concurrent Rebuild Remembered Sets and Scrub Regions 625.517ms
[2025-09-23T16:04:59.924+0800][info][gc,start    ] GC(150) Pause Cleanup
[2025-09-23T16:04:59.924+0800][info][gc          ] GC(150) Pause Cleanup 3127M->3127M(5360M) 0.124ms
[2025-09-23T16:04:59.924+0800][info][gc,cpu      ] GC(150) User=0.00s Sys=0.00s Real=0.00s
[2025-09-23T16:04:59.924+0800][info][gc,marking  ] GC(150) Concurrent Clear Claimed Marks
[2025-09-23T16:04:59.924+0800][info][gc,marking  ] GC(150) Concurrent Clear Claimed Marks 0.052ms
[2025-09-23T16:04:59.924+0800][info][gc,marking  ] GC(150) Concurrent Cleanup for Next Mark
[2025-09-23T16:04:59.930+0800][info][gc,marking  ] GC(150) Concurrent Cleanup for Next Mark 5.988ms
[2025-09-23T16:04:59.930+0800][info][gc          ] GC(150) Concurrent Mark Cycle 1544.979ms
[2025-09-23T16:05:03.111+0800][info][gc,start    ] GC(151) Pause Young (Prepare Mixed) (G1 Evacuation Pause)
[2025-09-23T16:05:03.111+0800][info][gc,task     ] GC(151) Using 8 workers of 8 for evacuation
[2025-09-23T16:05:03.162+0800][info][gc,phases   ] GC(151)   Pre Evacuate Collection Set: 0.1ms
[2025-09-23T16:05:03.162+0800][info][gc,phases   ] GC(151)   Merge Heap Roots: 1.2ms
[2025-09-23T16:05:03.162+0800][info][gc,phases   ] GC(151)   Evacuate Collection Set: 49.1ms
[2025-09-23T16:05:03.162+0800][info][gc,phases   ] GC(151)   Post Evacuate Collection Set: 0.8ms
[2025-09-23T16:05:03.162+0800][info][gc,phases   ] GC(151)   Other: 0.0ms
[2025-09-23T16:05:03.162+0800][info][gc,heap     ] GC(151) Eden regions: 158->0(158)
[2025-09-23T16:05:03.162+0800][info][gc,heap     ] GC(151) Survivor regions: 3->3(21)
[2025-09-23T16:05:03.162+0800][info][gc,heap     ] GC(151) Old regions: 144->144
[2025-09-23T16:05:03.162+0800][info][gc,heap     ] GC(151) Humongous regions: 9->9
[2025-09-23T16:05:03.162+0800][info][gc,metaspace] GC(151) Metaspace: 31401K(31936K)->31401K(31936K) NonClass: 26881K(27200K)->26881K(27200K) Class: 4520K(4736K)->4520K(4736K)
[2025-09-23T16:05:03.162+0800][info][gc          ] GC(151) Pause Young (Prepare Mixed) (G1 Evacuation Pause) 5009M->2483M(5360M) 51.313ms
[2025-09-23T16:05:03.162+0800][info][gc,cpu      ] GC(151) User=0.39s Sys=0.00s Real=0.05s
[2025-09-23T16:05:07.375+0800][info][gc,start    ] GC(152) Pause Young (Mixed) (G1 Evacuation Pause)
[2025-09-23T16:05:07.375+0800][info][gc,task     ] GC(152) Using 8 workers of 8 for evacuation
[2025-09-23T16:05:07.441+0800][info][gc,phases   ] GC(152)   Pre Evacuate Collection Set: 0.1ms
[2025-09-23T16:05:07.441+0800][info][gc,phases   ] GC(152)   Merge Heap Roots: 1.6ms
[2025-09-23T16:05:07.441+0800][info][gc,phases   ] GC(152)   Evacuate Collection Set: 64.3ms
[2025-09-23T16:05:07.441+0800][info][gc,phases   ] GC(152)   Post Evacuate Collection Set: 0.7ms
[2025-09-23T16:05:07.441+0800][info][gc,phases   ] GC(152)   Other: 0.0ms
[2025-09-23T16:05:07.441+0800][info][gc,heap     ] GC(152) Eden regions: 158->0(158)
[2025-09-23T16:05:07.441+0800][info][gc,heap     ] GC(152) Survivor regions: 3->3(21)
[2025-09-23T16:05:07.441+0800][info][gc,heap     ] GC(152) Old regions: 144->144
[2025-09-23T16:05:07.441+0800][info][gc,heap     ] GC(152) Humongous regions: 9->9
[2025-09-23T16:05:07.441+0800][info][gc,metaspace] GC(152) Metaspace: 31401K(31936K)->31401K(31936K) NonClass: 26881K(27200K)->26881K(27200K) Class: 4520K(4736K)->4520K(4736K)
[2025-09-23T16:05:07.441+0800][info][gc          ] GC(152) Pause Young (Mixed) (G1 Evacuation Pause) 5011M->2476M(5360M) 66.756ms
[2025-09-23T16:05:07.441+0800][info][gc,cpu      ] GC(152) User=0.53s Sys=0.00s Real=0.07s
[2025-09-23T16:05:11.643+0800][info][gc,start    ] GC(153) Pause Young (Concurrent Start) (G1 Evacuation Pause)
[2025-09-23T16:05:11.643+0800][info][gc,task     ] GC(153) Using 8 workers of 8 for evacuation
[2025-09-23T16:05:11.690+0800][info][gc,phases   ] GC(153)   Pre Evacuate Collection Set: 0.1ms
[2025-09-23T16:05:11.690+0800][info][gc,phases   ] GC(153)   Merge Heap Roots: 0.8ms
[2025-09-23T16:05:11.690+0800][info][gc,phases   ] GC(153)   Evacuate Collection Set: 45.6ms
[2025-09-23T16:05:11.690+0800][info][gc,phases   ] GC(153)   Post Evacuate Collection Set: 0.6ms
[2025-09-23T16:05:11.690+0800][info][gc,phases   ] GC(153)   Other: 0.0ms
[2025-09-23T16:05:11.691+0800][info][gc,heap     ] GC(153) Eden regions: 158->0(158)
[2025-09-23T16:05:11.691+0800][info][gc,heap     ] GC(153) Survivor regions: 3->3(21)
[2025-09-23T16:05:11.691+0800][info][gc,heap     ] GC(153) Old regions: 144->144
[2025-09-23T16:05:11.691+0800][info][gc,heap     ] GC(153) Humongous regions: 9->9
[2025-09-23T16:05:11.691+0800][info][gc,metaspace] GC(153) Metaspace: 31401K(31936K)->31401K(31936K) NonClass: 26881K(27200K)->26881K(27200K) Class: 4520K(4736K)->4520K(4736K)
[2025-09-23T16:05:11.691+0800][info][gc          ] GC(153) Pause Young (Concurrent Start) (G1 Evacuation Pause) 5004M->2481M(5360M) 47.302ms
[2025-09-23T16:05:11.691+0800][info][gc,cpu      ] GC(153) User=0.37s Sys=0.00s Real=0.04s
[2025-09-23T16:05:11.691+0800][info][gc          ] GC(154) Concurrent Mark Cycle
[2025-09-23T16:05:11.691+0800][info][gc,marking  ] GC(154) Concurrent Scan Root Regions
[2025-09-23T16:05:11.705+0800][info][gc,marking  ] GC(154) Concurrent Scan Root Regions 14.488ms
[2025-09-23T16:05:11.705+0800][info][gc,marking  ] GC(154) Concurrent Mark
[2025-09-23T16:05:11.705+0800][info][gc,marking  ] GC(154) Concurrent Mark From Roots
[2025-09-23T16:05:11.705+0800][info][gc,task     ] GC(154) Using 2 workers of 2 for marking
[2025-09-23T16:05:12.637+0800][info][gc,marking  ] GC(154) Concurrent Mark From Roots 931.822ms
[2025-09-23T16:05:12.637+0800][info][gc,marking  ] GC(154) Concurrent Preclean
[2025-09-23T16:05:12.637+0800][info][gc,marking  ] GC(154) Concurrent Preclean 0.103ms
[2025-09-23T16:05:12.637+0800][info][gc,start    ] GC(154) Pause Remark
[2025-09-23T16:05:12.638+0800][info][gc          ] GC(154) Pause Remark 2897M->2897M(5360M) 0.894ms
[2025-09-23T16:05:12.638+0800][info][gc,cpu      ] GC(154) User=0.01s Sys=0.00s Real=0.00s
[2025-09-23T16:05:12.638+0800][info][gc,marking  ] GC(154) Concurrent Mark 933.048ms
[2025-09-23T16:05:12.638+0800][info][gc,marking  ] GC(154) Concurrent Rebuild Remembered Sets and Scrub Regions
[2025-09-23T16:05:13.217+0800][info][gc,marking  ] GC(154) Concurrent Rebuild Remembered Sets and Scrub Regions 578.857ms
[2025-09-23T16:05:13.217+0800][info][gc,start    ] GC(154) Pause Cleanup
[2025-09-23T16:05:13.217+0800][info][gc          ] GC(154) Pause Cleanup 3137M->3137M(5360M) 0.111ms
[2025-09-23T16:05:13.217+0800][info][gc,cpu      ] GC(154) User=0.00s Sys=0.00s Real=0.00s
[2025-09-23T16:05:13.217+0800][info][gc,marking  ] GC(154) Concurrent Clear Claimed Marks
[2025-09-23T16:05:13.217+0800][info][gc,marking  ] GC(154) Concurrent Clear Claimed Marks 0.051ms
[2025-09-23T16:05:13.217+0800][info][gc,marking  ] GC(154) Concurrent Cleanup for Next Mark
[2025-09-23T16:05:13.222+0800][info][gc,marking  ] GC(154) Concurrent Cleanup for Next Mark 4.794ms
[2025-09-23T16:05:13.222+0800][info][gc          ] GC(154) Concurrent Mark Cycle 1531.675ms
[2025-09-23T16:05:16.328+0800][info][gc,start    ] GC(155) Pause Young (Prepare Mixed) (G1 Evacuation Pause)
[2025-09-23T16:05:16.328+0800][info][gc,task     ] GC(155) Using 8 workers of 8 for evacuation
[2025-09-23T16:05:16.375+0800][info][gc,phases   ] GC(155)   Pre Evacuate Collection Set: 0.1ms
[2025-09-23T16:05:16.375+0800][info][gc,phases   ] GC(155)   Merge Heap Roots: 1.2ms
[2025-09-23T16:05:16.375+0800][info][gc,phases   ] GC(155)   Evacuate Collection Set: 45.2ms
[2025-09-23T16:05:16.375+0800][info][gc,phases   ] GC(155)   Post Evacuate Collection Set: 0.7ms
[2025-09-23T16:05:16.375+0800][info][gc,phases   ] GC(155)   Other: 0.0ms
[2025-09-23T16:05:16.375+0800][info][gc,heap     ] GC(155) Eden regions: 158->0(158)
[2025-09-23T16:05:16.375+0800][info][gc,heap     ] GC(155) Survivor regions: 3->3(21)
[2025-09-23T16:05:16.375+0800][info][gc,heap     ] GC(155) Old regions: 144->144
[2025-09-23T16:05:16.375+0800][info][gc,heap     ] GC(155) Humongous regions: 9->9
[2025-09-23T16:05:16.375+0800][info][gc,metaspace] GC(155) Metaspace: 31401K(31936K)->31401K(31936K) NonClass: 26881K(27200K)->26881K(27200K) Class: 4520K(4736K)->4520K(4736K)
[2025-09-23T16:05:16.375+0800][info][gc          ] GC(155) Pause Young (Prepare Mixed) (G1 Evacuation Pause) 5009M->2483M(5360M) 47.359ms
[2025-09-23T16:05:16.375+0800][info][gc,cpu      ] GC(155) User=0.37s Sys=0.00s Real=0.05s
[2025-09-23T16:05:20.543+0800][info][gc,start    ] GC(156) Pause Young (Mixed) (G1 Evacuation Pause)
[2025-09-23T16:05:20.543+0800][info][gc,task     ] GC(156) Using 8 workers of 8 for evacuation
[2025-09-23T16:05:20.604+0800][info][gc,phases   ] GC(156)   Pre Evacuate Collection Set: 0.1ms
[2025-09-23T16:05:20.604+0800][info][gc,phases   ] GC(156)   Merge Heap Roots: 1.4ms
[2025-09-23T16:05:20.604+0800][info][gc,phases   ] GC(156)   Evacuate Collection Set: 58.9ms
[2025-09-23T16:05:20.604+0800][info][gc,phases   ] GC(156)   Post Evacuate Collection Set: 0.6ms
[2025-09-23T16:05:20.604+0800][info][gc,phases   ] GC(156)   Other: 0.1ms
[2025-09-23T16:05:20.604+0800][info][gc,heap     ] GC(156) Eden regions: 158->0(158)
[2025-09-23T16:05:20.604+0800][info][gc,heap     ] GC(156) Survivor regions: 3->3(21)
[2025-09-23T16:05:20.604+0800][info][gc,heap     ] GC(156) Old regions: 144->144
[2025-09-23T16:05:20.604+0800][info][gc,heap     ] GC(156) Humongous regions: 9->9
[2025-09-23T16:05:20.604+0800][info][gc,metaspace] GC(156) Metaspace: 31401K(31936K)->31401K(31936K) NonClass: 26881K(27200K)->26881K(27200K) Class: 4520K(4736K)->4520K(4736K)
[2025-09-23T16:05:20.604+0800][info][gc          ] GC(156) Pause Young (Mixed) (G1 Evacuation Pause) 5011M->2478M(5360M) 61.222ms
[2025-09-23T16:05:20.604+0800][info][gc,cpu      ] GC(156) User=0.48s Sys=0.00s Real=0.07s
[2025-09-23T16:05:24.744+0800][info][gc,start    ] GC(157) Pause Young (Concurrent Start) (G1 Evacuation Pause)
[2025-09-23T16:05:24.745+0800][info][gc,task     ] GC(157) Using 8 workers of 8 for evacuation
[2025-09-23T16:05:24.789+0800][info][gc,phases   ] GC(157)   Pre Evacuate Collection Set: 0.1ms
[2025-09-23T16:05:24.789+0800][info][gc,phases   ] GC(157)   Merge Heap Roots: 0.8ms
[2025-09-23T16:05:24.789+0800][info][gc,phases   ] GC(157)   Evacuate Collection Set: 42.4ms
[2025-09-23T16:05:24.789+0800][info][gc,phases   ] GC(157)   Post Evacuate Collection Set: 0.6ms
[2025-09-23T16:05:24.789+0800][info][gc,phases   ] GC(157)   Other: 0.0ms
[2025-09-23T16:05:24.789+0800][info][gc,heap     ] GC(157) Eden regions: 158->0(158)
[2025-09-23T16:05:24.789+0800][info][gc,heap     ] GC(157) Survivor regions: 3->3(21)
[2025-09-23T16:05:24.789+0800][info][gc,heap     ] GC(157) Old regions: 144->144
[2025-09-23T16:05:24.789+0800][info][gc,heap     ] GC(157) Humongous regions: 9->9
[2025-09-23T16:05:24.789+0800][info][gc,metaspace] GC(157) Metaspace: 31401K(31936K)->31401K(31936K) NonClass: 26881K(27200K)->26881K(27200K) Class: 4520K(4736K)->4520K(4736K)
[2025-09-23T16:05:24.789+0800][info][gc          ] GC(157) Pause Young (Concurrent Start) (G1 Evacuation Pause) 5006M->2480M(5360M) 44.210ms
[2025-09-23T16:05:24.789+0800][info][gc          ] GC(158) Concurrent Mark Cycle
[2025-09-23T16:05:24.789+0800][info][gc,cpu      ] GC(157) User=0.35s Sys=0.00s Real=0.04s
[2025-09-23T16:05:24.789+0800][info][gc,marking  ] GC(158) Concurrent Scan Root Regions
[2025-09-23T16:05:24.800+0800][info][gc,marking  ] GC(158) Concurrent Scan Root Regions 10.846ms
[2025-09-23T16:05:24.800+0800][info][gc,marking  ] GC(158) Concurrent Mark
[2025-09-23T16:05:24.800+0800][info][gc,marking  ] GC(158) Concurrent Mark From Roots
[2025-09-23T16:05:24.800+0800][info][gc,task     ] GC(158) Using 2 workers of 2 for marking
[2025-09-23T16:05:25.757+0800][info][gc,marking  ] GC(158) Concurrent Mark From Roots 957.659ms
[2025-09-23T16:05:25.757+0800][info][gc,marking  ] GC(158) Concurrent Preclean
[2025-09-23T16:05:25.757+0800][info][gc,marking  ] GC(158) Concurrent Preclean 0.096ms
[2025-09-23T16:05:25.758+0800][info][gc,start    ] GC(158) Pause Remark
[2025-09-23T16:05:25.758+0800][info][gc          ] GC(158) Pause Remark 2896M->2896M(5360M) 0.888ms
[2025-09-23T16:05:25.758+0800][info][gc,cpu      ] GC(158) User=0.01s Sys=0.00s Real=0.00s
[2025-09-23T16:05:25.758+0800][info][gc,marking  ] GC(158) Concurrent Mark 958.865ms
[2025-09-23T16:05:25.759+0800][info][gc,marking  ] GC(158) Concurrent Rebuild Remembered Sets and Scrub Regions
[2025-09-23T16:05:26.328+0800][info][gc,marking  ] GC(158) Concurrent Rebuild Remembered Sets and Scrub Regions 569.676ms
[2025-09-23T16:05:26.328+0800][info][gc,start    ] GC(158) Pause Cleanup
[2025-09-23T16:05:26.328+0800][info][gc          ] GC(158) Pause Cleanup 3126M->3126M(5360M) 0.112ms
[2025-09-23T16:05:26.328+0800][info][gc,cpu      ] GC(158) User=0.00s Sys=0.00s Real=0.00s
[2025-09-23T16:05:26.328+0800][info][gc,marking  ] GC(158) Concurrent Clear Claimed Marks
[2025-09-23T16:05:26.329+0800][info][gc,marking  ] GC(158) Concurrent Clear Claimed Marks 0.050ms
[2025-09-23T16:05:26.329+0800][info][gc,marking  ] GC(158) Concurrent Cleanup for Next Mark
[2025-09-23T16:05:26.333+0800][info][gc,marking  ] GC(158) Concurrent Cleanup for Next Mark 4.036ms
[2025-09-23T16:05:26.333+0800][info][gc          ] GC(158) Concurrent Mark Cycle 1543.915ms
[2025-09-23T16:05:29.471+0800][info][gc,start    ] GC(159) Pause Young (Prepare Mixed) (G1 Evacuation Pause)
[2025-09-23T16:05:29.471+0800][info][gc,task     ] GC(159) Using 8 workers of 8 for evacuation
[2025-09-23T16:05:29.516+0800][info][gc,phases   ] GC(159)   Pre Evacuate Collection Set: 0.1ms
[2025-09-23T16:05:29.516+0800][info][gc,phases   ] GC(159)   Merge Heap Roots: 1.3ms
[2025-09-23T16:05:29.516+0800][info][gc,phases   ] GC(159)   Evacuate Collection Set: 41.6ms
[2025-09-23T16:05:29.516+0800][info][gc,phases   ] GC(159)   Post Evacuate Collection Set: 0.7ms
[2025-09-23T16:05:29.516+0800][info][gc,phases   ] GC(159)   Other: 0.3ms
[2025-09-23T16:05:29.516+0800][info][gc,heap     ] GC(159) Eden regions: 158->0(158)
[2025-09-23T16:05:29.516+0800][info][gc,heap     ] GC(159) Survivor regions: 3->3(21)
[2025-09-23T16:05:29.516+0800][info][gc,heap     ] GC(159) Old regions: 144->144
[2025-09-23T16:05:29.516+0800][info][gc,heap     ] GC(159) Humongous regions: 9->9
[2025-09-23T16:05:29.516+0800][info][gc,metaspace] GC(159) Metaspace: 31401K(31936K)->31401K(31936K) NonClass: 26881K(27200K)->26881K(27200K) Class: 4520K(4736K)->4520K(4736K)
[2025-09-23T16:05:29.516+0800][info][gc          ] GC(159) Pause Young (Prepare Mixed) (G1 Evacuation Pause) 5008M->2481M(5360M) 44.177ms
[2025-09-23T16:05:29.516+0800][info][gc,cpu      ] GC(159) User=0.34s Sys=0.00s Real=0.05s
[2025-09-23T16:05:33.675+0800][info][gc,start    ] GC(160) Pause Young (Mixed) (G1 Evacuation Pause)
[2025-09-23T16:05:33.675+0800][info][gc,task     ] GC(160) Using 8 workers of 8 for evacuation
[2025-09-23T16:05:33.733+0800][info][gc,phases   ] GC(160)   Pre Evacuate Collection Set: 0.1ms
[2025-09-23T16:05:33.733+0800][info][gc,phases   ] GC(160)   Merge Heap Roots: 1.5ms
[2025-09-23T16:05:33.733+0800][info][gc,phases   ] GC(160)   Evacuate Collection Set: 55.9ms
[2025-09-23T16:05:33.733+0800][info][gc,phases   ] GC(160)   Post Evacuate Collection Set: 0.6ms
[2025-09-23T16:05:33.733+0800][info][gc,phases   ] GC(160)   Other: 0.0ms
[2025-09-23T16:05:33.733+0800][info][gc,heap     ] GC(160) Eden regions: 158->0(158)
[2025-09-23T16:05:33.733+0800][info][gc,heap     ] GC(160) Survivor regions: 3->3(21)
[2025-09-23T16:05:33.733+0800][info][gc,heap     ] GC(160) Old regions: 144->144
[2025-09-23T16:05:33.733+0800][info][gc,heap     ] GC(160) Humongous regions: 9->9
[2025-09-23T16:05:33.733+0800][info][gc,metaspace] GC(160) Metaspace: 31401K(31936K)->31401K(31936K) NonClass: 26881K(27200K)->26881K(27200K) Class: 4520K(4736K)->4520K(4736K)
[2025-09-23T16:05:33.733+0800][info][gc          ] GC(160) Pause Young (Mixed) (G1 Evacuation Pause) 5009M->2476M(5360M) 58.201ms
[2025-09-23T16:05:33.733+0800][info][gc,cpu      ] GC(160) User=0.46s Sys=0.00s Real=0.05s
[2025-09-23T16:05:37.893+0800][info][gc,start    ] GC(161) Pause Young (Concurrent Start) (G1 Evacuation Pause)
[2025-09-23T16:05:37.893+0800][info][gc,task     ] GC(161) Using 8 workers of 8 for evacuation
[2025-09-23T16:05:37.935+0800][info][gc,phases   ] GC(161)   Pre Evacuate Collection Set: 0.1ms
[2025-09-23T16:05:37.935+0800][info][gc,phases   ] GC(161)   Merge Heap Roots: 0.7ms
[2025-09-23T16:05:37.935+0800][info][gc,phases   ] GC(161)   Evacuate Collection Set: 40.1ms
[2025-09-23T16:05:37.935+0800][info][gc,phases   ] GC(161)   Post Evacuate Collection Set: 0.6ms
[2025-09-23T16:05:37.935+0800][info][gc,phases   ] GC(161)   Other: 0.0ms
[2025-09-23T16:05:37.935+0800][info][gc,heap     ] GC(161) Eden regions: 158->0(160)
[2025-09-23T16:05:37.935+0800][info][gc,heap     ] GC(161) Survivor regions: 3->2(21)
[2025-09-23T16:05:37.935+0800][info][gc,heap     ] GC(161) Old regions: 144->144
[2025-09-23T16:05:37.935+0800][info][gc,heap     ] GC(161) Humongous regions: 9->9
[2025-09-23T16:05:37.935+0800][info][gc,metaspace] GC(161) Metaspace: 31401K(31936K)->31401K(31936K) NonClass: 26881K(27200K)->26881K(27200K) Class: 4520K(4736K)->4520K(4736K)
[2025-09-23T16:05:37.935+0800][info][gc          ] GC(161) Pause Young (Concurrent Start) (G1 Evacuation Pause) 5004M->2479M(5360M) 41.738ms
[2025-09-23T16:05:37.935+0800][info][gc,cpu      ] GC(161) User=0.30s Sys=0.00s Real=0.04s
[2025-09-23T16:05:37.935+0800][info][gc          ] GC(162) Concurrent Mark Cycle
[2025-09-23T16:05:37.935+0800][info][gc,marking  ] GC(162) Concurrent Scan Root Regions
[2025-09-23T16:05:37.946+0800][info][gc,marking  ] GC(162) Concurrent Scan Root Regions 11.488ms
[2025-09-23T16:05:37.946+0800][info][gc,marking  ] GC(162) Concurrent Mark
[2025-09-23T16:05:37.946+0800][info][gc,marking  ] GC(162) Concurrent Mark From Roots
[2025-09-23T16:05:37.946+0800][info][gc,task     ] GC(162) Using 2 workers of 2 for marking
[2025-09-23T16:05:38.886+0800][info][gc,marking  ] GC(162) Concurrent Mark From Roots 939.393ms
[2025-09-23T16:05:38.886+0800][info][gc,marking  ] GC(162) Concurrent Preclean
[2025-09-23T16:05:38.886+0800][info][gc,marking  ] GC(162) Concurrent Preclean 0.113ms
[2025-09-23T16:05:38.886+0800][info][gc,start    ] GC(162) Pause Remark
[2025-09-23T16:05:38.887+0800][info][gc          ] GC(162) Pause Remark 2885M->2885M(5360M) 0.892ms
[2025-09-23T16:05:38.887+0800][info][gc,cpu      ] GC(162) User=0.01s Sys=0.00s Real=0.00s
[2025-09-23T16:05:38.887+0800][info][gc,marking  ] GC(162) Concurrent Mark 940.618ms
[2025-09-23T16:05:38.887+0800][info][gc,marking  ] GC(162) Concurrent Rebuild Remembered Sets and Scrub Regions
[2025-09-23T16:05:39.417+0800][info][gc,marking  ] GC(162) Concurrent Rebuild Remembered Sets and Scrub Regions 529.570ms
[2025-09-23T16:05:39.417+0800][info][gc,start    ] GC(162) Pause Cleanup
[2025-09-23T16:05:39.417+0800][info][gc          ] GC(162) Pause Cleanup 3109M->3109M(5360M) 0.115ms
[2025-09-23T16:05:39.417+0800][info][gc,cpu      ] GC(162) User=0.00s Sys=0.00s Real=0.00s
[2025-09-23T16:05:39.417+0800][info][gc,marking  ] GC(162) Concurrent Clear Claimed Marks
[2025-09-23T16:05:39.417+0800][info][gc,marking  ] GC(162) Concurrent Clear Claimed Marks 0.058ms
[2025-09-23T16:05:39.417+0800][info][gc,marking  ] GC(162) Concurrent Cleanup for Next Mark
[2025-09-23T16:05:39.422+0800][info][gc,marking  ] GC(162) Concurrent Cleanup for Next Mark 5.075ms
[2025-09-23T16:05:39.422+0800][info][gc          ] GC(162) Concurrent Mark Cycle 1487.260ms
[2025-09-23T16:05:42.616+0800][info][gc,start    ] GC(163) Pause Young (Prepare Mixed) (G1 Evacuation Pause)
[2025-09-23T16:05:42.616+0800][info][gc,task     ] GC(163) Using 8 workers of 8 for evacuation
[2025-09-23T16:05:42.656+0800][info][gc,phases   ] GC(163)   Pre Evacuate Collection Set: 0.1ms
[2025-09-23T16:05:42.656+0800][info][gc,phases   ] GC(163)   Merge Heap Roots: 1.2ms
[2025-09-23T16:05:42.656+0800][info][gc,phases   ] GC(163)   Evacuate Collection Set: 38.0ms
[2025-09-23T16:05:42.656+0800][info][gc,phases   ] GC(163)   Post Evacuate Collection Set: 0.7ms
[2025-09-23T16:05:42.656+0800][info][gc,phases   ] GC(163)   Other: 0.0ms
[2025-09-23T16:05:42.656+0800][info][gc,heap     ] GC(163) Eden regions: 160->0(159)
[2025-09-23T16:05:42.656+0800][info][gc,heap     ] GC(163) Survivor regions: 2->2(21)
[2025-09-23T16:05:42.656+0800][info][gc,heap     ] GC(163) Old regions: 144->145
[2025-09-23T16:05:42.656+0800][info][gc,heap     ] GC(163) Humongous regions: 9->9
[2025-09-23T16:05:42.656+0800][info][gc,metaspace] GC(163) Metaspace: 31401K(31936K)->31401K(31936K) NonClass: 26881K(27200K)->26881K(27200K) Class: 4520K(4736K)->4520K(4736K)
[2025-09-23T16:05:42.656+0800][info][gc          ] GC(163) Pause Young (Prepare Mixed) (G1 Evacuation Pause) 5039M->2479M(5360M) 40.145ms
[2025-09-23T16:05:42.656+0800][info][gc,cpu      ] GC(163) User=0.31s Sys=0.00s Real=0.04s
[2025-09-23T16:05:46.823+0800][info][gc,start    ] GC(164) Pause Young (Mixed) (G1 Evacuation Pause)
[2025-09-23T16:05:46.823+0800][info][gc,task     ] GC(164) Using 8 workers of 8 for evacuation
[2025-09-23T16:05:46.877+0800][info][gc,phases   ] GC(164)   Pre Evacuate Collection Set: 0.1ms
[2025-09-23T16:05:46.877+0800][info][gc,phases   ] GC(164)   Merge Heap Roots: 1.6ms
[2025-09-23T16:05:46.877+0800][info][gc,phases   ] GC(164)   Evacuate Collection Set: 51.7ms
[2025-09-23T16:05:46.877+0800][info][gc,phases   ] GC(164)   Post Evacuate Collection Set: 0.6ms
[2025-09-23T16:05:46.877+0800][info][gc,phases   ] GC(164)   Other: 0.1ms
[2025-09-23T16:05:46.877+0800][info][gc,heap     ] GC(164) Eden regions: 159->0(160)
[2025-09-23T16:05:46.877+0800][info][gc,heap     ] GC(164) Survivor regions: 2->2(21)
[2025-09-23T16:05:46.877+0800][info][gc,heap     ] GC(164) Old regions: 145->144
[2025-09-23T16:05:46.877+0800][info][gc,heap     ] GC(164) Humongous regions: 9->9
[2025-09-23T16:05:46.877+0800][info][gc,metaspace] GC(164) Metaspace: 31401K(31936K)->31401K(31936K) NonClass: 26881K(27200K)->26881K(27200K) Class: 4520K(4736K)->4520K(4736K)
[2025-09-23T16:05:46.877+0800][info][gc          ] GC(164) Pause Young (Mixed) (G1 Evacuation Pause) 5023M->2474M(5360M) 54.174ms
[2025-09-23T16:05:46.877+0800][info][gc,cpu      ] GC(164) User=0.43s Sys=0.00s Real=0.06s
[2025-09-23T16:05:51.043+0800][info][gc,start    ] GC(165) Pause Young (Concurrent Start) (G1 Evacuation Pause)
[2025-09-23T16:05:51.043+0800][info][gc,task     ] GC(165) Using 8 workers of 8 for evacuation
[2025-09-23T16:05:51.079+0800][info][gc,phases   ] GC(165)   Pre Evacuate Collection Set: 0.1ms
[2025-09-23T16:05:51.079+0800][info][gc,phases   ] GC(165)   Merge Heap Roots: 0.7ms
[2025-09-23T16:05:51.079+0800][info][gc,phases   ] GC(165)   Evacuate Collection Set: 35.3ms
[2025-09-23T16:05:51.079+0800][info][gc,phases   ] GC(165)   Post Evacuate Collection Set: 0.6ms
[2025-09-23T16:05:51.079+0800][info][gc,phases   ] GC(165)   Other: 0.1ms
[2025-09-23T16:05:51.079+0800][info][gc,heap     ] GC(165) Eden regions: 160->0(159)
[2025-09-23T16:05:51.079+0800][info][gc,heap     ] GC(165) Survivor regions: 2->2(21)
[2025-09-23T16:05:51.079+0800][info][gc,heap     ] GC(165) Old regions: 144->145
[2025-09-23T16:05:51.079+0800][info][gc,heap     ] GC(165) Humongous regions: 9->9
[2025-09-23T16:05:51.079+0800][info][gc,metaspace] GC(165) Metaspace: 31401K(31936K)->31401K(31936K) NonClass: 26881K(27200K)->26881K(27200K) Class: 4520K(4736K)->4520K(4736K)
[2025-09-23T16:05:51.079+0800][info][gc          ] GC(165) Pause Young (Concurrent Start) (G1 Evacuation Pause) 5034M->2478M(5360M) 36.773ms
[2025-09-23T16:05:51.080+0800][info][gc,cpu      ] GC(165) User=0.26s Sys=0.03s Real=0.04s
[2025-09-23T16:05:51.080+0800][info][gc          ] GC(166) Concurrent Mark Cycle
[2025-09-23T16:05:51.080+0800][info][gc,marking  ] GC(166) Concurrent Scan Root Regions
[2025-09-23T16:05:51.088+0800][info][gc,marking  ] GC(166) Concurrent Scan Root Regions 8.399ms
[2025-09-23T16:05:51.088+0800][info][gc,marking  ] GC(166) Concurrent Mark
[2025-09-23T16:05:51.088+0800][info][gc,marking  ] GC(166) Concurrent Mark From Roots
[2025-09-23T16:05:51.088+0800][info][gc,task     ] GC(166) Using 2 workers of 2 for marking
[2025-09-23T16:05:52.043+0800][info][gc,marking  ] GC(166) Concurrent Mark From Roots 954.735ms
[2025-09-23T16:05:52.043+0800][info][gc,marking  ] GC(166) Concurrent Preclean
[2025-09-23T16:05:52.043+0800][info][gc,marking  ] GC(166) Concurrent Preclean 0.101ms
[2025-09-23T16:05:52.043+0800][info][gc,start    ] GC(166) Pause Remark
[2025-09-23T16:05:52.044+0800][info][gc          ] GC(166) Pause Remark 2891M->2891M(5360M) 0.891ms
[2025-09-23T16:05:52.044+0800][info][gc,cpu      ] GC(166) User=0.01s Sys=0.00s Real=0.00s
[2025-09-23T16:05:52.044+0800][info][gc,marking  ] GC(166) Concurrent Mark 955.933ms
[2025-09-23T16:05:52.044+0800][info][gc,marking  ] GC(166) Concurrent Rebuild Remembered Sets and Scrub Regions
[2025-09-23T16:05:52.560+0800][info][gc,marking  ] GC(166) Concurrent Rebuild Remembered Sets and Scrub Regions 516.318ms
[2025-09-23T16:05:52.560+0800][info][gc,start    ] GC(166) Pause Cleanup
[2025-09-23T16:05:52.560+0800][info][gc          ] GC(166) Pause Cleanup 3093M->3093M(5360M) 0.108ms
[2025-09-23T16:05:52.561+0800][info][gc,cpu      ] GC(166) User=0.00s Sys=0.00s Real=0.00s
[2025-09-23T16:05:52.561+0800][info][gc,marking  ] GC(166) Concurrent Clear Claimed Marks
[2025-09-23T16:05:52.561+0800][info][gc,marking  ] GC(166) Concurrent Clear Claimed Marks 0.061ms
[2025-09-23T16:05:52.561+0800][info][gc,marking  ] GC(166) Concurrent Cleanup for Next Mark
[2025-09-23T16:05:52.566+0800][info][gc,marking  ] GC(166) Concurrent Cleanup for Next Mark 5.649ms
[2025-09-23T16:05:52.566+0800][info][gc          ] GC(166) Concurrent Mark Cycle 1486.789ms
[2025-09-23T16:05:55.732+0800][info][gc,start    ] GC(167) Pause Young (Prepare Mixed) (G1 Evacuation Pause)
[2025-09-23T16:05:55.732+0800][info][gc,task     ] GC(167) Using 8 workers of 8 for evacuation
[2025-09-23T16:05:55.769+0800][info][gc,phases   ] GC(167)   Pre Evacuate Collection Set: 0.1ms
[2025-09-23T16:05:55.769+0800][info][gc,phases   ] GC(167)   Merge Heap Roots: 1.0ms
[2025-09-23T16:05:55.769+0800][info][gc,phases   ] GC(167)   Evacuate Collection Set: 34.9ms
[2025-09-23T16:05:55.769+0800][info][gc,phases   ] GC(167)   Post Evacuate Collection Set: 0.7ms
[2025-09-23T16:05:55.769+0800][info][gc,phases   ] GC(167)   Other: 0.1ms
[2025-09-23T16:05:55.769+0800][info][gc,heap     ] GC(167) Eden regions: 159->0(159)
[2025-09-23T16:05:55.769+0800][info][gc,heap     ] GC(167) Survivor regions: 2->2(21)
[2025-09-23T16:05:55.769+0800][info][gc,heap     ] GC(167) Old regions: 145->145
[2025-09-23T16:05:55.769+0800][info][gc,heap     ] GC(167) Humongous regions: 9->9
[2025-09-23T16:05:55.769+0800][info][gc,metaspace] GC(167) Metaspace: 31401K(31936K)->31401K(31936K) NonClass: 26881K(27200K)->26881K(27200K) Class: 4520K(4736K)->4520K(4736K)
[2025-09-23T16:05:55.769+0800][info][gc          ] GC(167) Pause Young (Prepare Mixed) (G1 Evacuation Pause) 5022M->2478M(5360M) 36.892ms
[2025-09-23T16:05:55.769+0800][info][gc,cpu      ] GC(167) User=0.29s Sys=0.00s Real=0.04s
[2025-09-23T16:05:59.903+0800][info][gc,start    ] GC(168) Pause Young (Mixed) (G1 Evacuation Pause)
[2025-09-23T16:05:59.903+0800][info][gc,task     ] GC(168) Using 8 workers of 8 for evacuation
[2025-09-23T16:05:59.960+0800][info][gc,phases   ] GC(168)   Pre Evacuate Collection Set: 0.1ms
[2025-09-23T16:05:59.960+0800][info][gc,phases   ] GC(168)   Merge Heap Roots: 2.4ms
[2025-09-23T16:05:59.960+0800][info][gc,phases   ] GC(168)   Evacuate Collection Set: 53.1ms
[2025-09-23T16:05:59.960+0800][info][gc,phases   ] GC(168)   Post Evacuate Collection Set: 0.6ms
[2025-09-23T16:05:59.960+0800][info][gc,phases   ] GC(168)   Other: 0.0ms
[2025-09-23T16:05:59.960+0800][info][gc,heap     ] GC(168) Eden regions: 159->0(159)
[2025-09-23T16:05:59.960+0800][info][gc,heap     ] GC(168) Survivor regions: 2->2(21)
[2025-09-23T16:05:59.960+0800][info][gc,heap     ] GC(168) Old regions: 145->145
[2025-09-23T16:05:59.960+0800][info][gc,heap     ] GC(168) Humongous regions: 9->9
[2025-09-23T16:05:59.960+0800][info][gc,metaspace] GC(168) Metaspace: 31401K(31936K)->31401K(31936K) NonClass: 26881K(27200K)->26881K(27200K) Class: 4520K(4736K)->4520K(4736K)
[2025-09-23T16:05:59.960+0800][info][gc          ] GC(168) Pause Young (Mixed) (G1 Evacuation Pause) 5022M->2474M(5360M) 56.326ms
[2025-09-23T16:05:59.960+0800][info][gc,cpu      ] GC(168) User=0.44s Sys=0.00s Real=0.05s
[2025-09-23T16:06:04.087+0800][info][gc,start    ] GC(169) Pause Young (Concurrent Start) (G1 Evacuation Pause)
[2025-09-23T16:06:04.087+0800][info][gc,task     ] GC(169) Using 8 workers of 8 for evacuation
[2025-09-23T16:06:04.121+0800][info][gc,phases   ] GC(169)   Pre Evacuate Collection Set: 0.1ms
[2025-09-23T16:06:04.121+0800][info][gc,phases   ] GC(169)   Merge Heap Roots: 0.6ms
[2025-09-23T16:06:04.121+0800][info][gc,phases   ] GC(169)   Evacuate Collection Set: 32.3ms
[2025-09-23T16:06:04.121+0800][info][gc,phases   ] GC(169)   Post Evacuate Collection Set: 0.5ms
[2025-09-23T16:06:04.121+0800][info][gc,phases   ] GC(169)   Other: 0.0ms
[2025-09-23T16:06:04.121+0800][info][gc,heap     ] GC(169) Eden regions: 159->0(159)
[2025-09-23T16:06:04.121+0800][info][gc,heap     ] GC(169) Survivor regions: 2->2(21)
[2025-09-23T16:06:04.121+0800][info][gc,heap     ] GC(169) Old regions: 145->145
[2025-09-23T16:06:04.121+0800][info][gc,heap     ] GC(169) Humongous regions: 9->9
[2025-09-23T16:06:04.121+0800][info][gc,metaspace] GC(169) Metaspace: 31401K(31936K)->31401K(31936K) NonClass: 26881K(27200K)->26881K(27200K) Class: 4520K(4736K)->4520K(4736K)
[2025-09-23T16:06:04.121+0800][info][gc          ] GC(169) Pause Young (Concurrent Start) (G1 Evacuation Pause) 5018M->2478M(5360M) 33.736ms
[2025-09-23T16:06:04.121+0800][info][gc,cpu      ] GC(169) User=0.27s Sys=0.00s Real=0.03s
[2025-09-23T16:06:04.121+0800][info][gc          ] GC(170) Concurrent Mark Cycle
[2025-09-23T16:06:04.121+0800][info][gc,marking  ] GC(170) Concurrent Scan Root Regions
[2025-09-23T16:06:04.130+0800][info][gc,marking  ] GC(170) Concurrent Scan Root Regions 9.315ms
[2025-09-23T16:06:04.130+0800][info][gc,marking  ] GC(170) Concurrent Mark
[2025-09-23T16:06:04.130+0800][info][gc,marking  ] GC(170) Concurrent Mark From Roots
[2025-09-23T16:06:04.130+0800][info][gc,task     ] GC(170) Using 2 workers of 2 for marking
[2025-09-23T16:06:05.147+0800][info][gc,marking  ] GC(170) Concurrent Mark From Roots 1017.119ms
[2025-09-23T16:06:05.147+0800][info][gc,marking  ] GC(170) Concurrent Preclean
[2025-09-23T16:06:05.148+0800][info][gc,marking  ] GC(170) Concurrent Preclean 0.097ms
[2025-09-23T16:06:05.148+0800][info][gc,start    ] GC(170) Pause Remark
[2025-09-23T16:06:05.149+0800][info][gc          ] GC(170) Pause Remark 2906M->2906M(5360M) 0.911ms
[2025-09-23T16:06:05.149+0800][info][gc,cpu      ] GC(170) User=0.00s Sys=0.00s Real=0.00s
[2025-09-23T16:06:05.149+0800][info][gc,marking  ] GC(170) Concurrent Mark 1018.356ms
[2025-09-23T16:06:05.149+0800][info][gc,marking  ] GC(170) Concurrent Rebuild Remembered Sets and Scrub Regions
[2025-09-23T16:06:05.629+0800][info][gc,marking  ] GC(170) Concurrent Rebuild Remembered Sets and Scrub Regions 480.557ms
[2025-09-23T16:06:05.629+0800][info][gc,start    ] GC(170) Pause Cleanup
[2025-09-23T16:06:05.629+0800][info][gc          ] GC(170) Pause Cleanup 3114M->3114M(5360M) 0.107ms
[2025-09-23T16:06:05.629+0800][info][gc,cpu      ] GC(170) User=0.00s Sys=0.00s Real=0.00s
[2025-09-23T16:06:05.630+0800][info][gc,marking  ] GC(170) Concurrent Clear Claimed Marks
[2025-09-23T16:06:05.630+0800][info][gc,marking  ] GC(170) Concurrent Clear Claimed Marks 0.060ms
[2025-09-23T16:06:05.630+0800][info][gc,marking  ] GC(170) Concurrent Cleanup for Next Mark
[2025-09-23T16:06:05.634+0800][info][gc,marking  ] GC(170) Concurrent Cleanup for Next Mark 4.629ms
[2025-09-23T16:06:05.634+0800][info][gc          ] GC(170) Concurrent Mark Cycle 1513.337ms
[2025-09-23T16:06:08.745+0800][info][gc,start    ] GC(171) Pause Young (Prepare Mixed) (G1 Evacuation Pause)
[2025-09-23T16:06:08.745+0800][info][gc,task     ] GC(171) Using 8 workers of 8 for evacuation
[2025-09-23T16:06:08.779+0800][info][gc,phases   ] GC(171)   Pre Evacuate Collection Set: 0.1ms
[2025-09-23T16:06:08.779+0800][info][gc,phases   ] GC(171)   Merge Heap Roots: 0.9ms
[2025-09-23T16:06:08.779+0800][info][gc,phases   ] GC(171)   Evacuate Collection Set: 31.9ms
[2025-09-23T16:06:08.779+0800][info][gc,phases   ] GC(171)   Post Evacuate Collection Set: 0.6ms
[2025-09-23T16:06:08.779+0800][info][gc,phases   ] GC(171)   Other: 0.3ms
[2025-09-23T16:06:08.779+0800][info][gc,heap     ] GC(171) Eden regions: 159->0(159)
[2025-09-23T16:06:08.779+0800][info][gc,heap     ] GC(171) Survivor regions: 2->2(21)
[2025-09-23T16:06:08.779+0800][info][gc,heap     ] GC(171) Old regions: 145->145
[2025-09-23T16:06:08.779+0800][info][gc,heap     ] GC(171) Humongous regions: 9->9
[2025-09-23T16:06:08.779+0800][info][gc,metaspace] GC(171) Metaspace: 31401K(31936K)->31401K(31936K) NonClass: 26881K(27200K)->26881K(27200K) Class: 4520K(4736K)->4520K(4736K)
[2025-09-23T16:06:08.779+0800][info][gc          ] GC(171) Pause Young (Prepare Mixed) (G1 Evacuation Pause) 5022M->2478M(5360M) 33.982ms
[2025-09-23T16:06:08.779+0800][info][gc,cpu      ] GC(171) User=0.27s Sys=0.00s Real=0.03s
[2025-09-23T16:06:12.903+0800][info][gc,start    ] GC(172) Pause Young (Mixed) (G1 Evacuation Pause)
[2025-09-23T16:06:12.903+0800][info][gc,task     ] GC(172) Using 8 workers of 8 for evacuation
[2025-09-23T16:06:12.955+0800][info][gc,phases   ] GC(172)   Pre Evacuate Collection Set: 0.1ms
[2025-09-23T16:06:12.955+0800][info][gc,phases   ] GC(172)   Merge Heap Roots: 1.4ms
[2025-09-23T16:06:12.955+0800][info][gc,phases   ] GC(172)   Evacuate Collection Set: 49.6ms
[2025-09-23T16:06:12.955+0800][info][gc,phases   ] GC(172)   Post Evacuate Collection Set: 0.5ms
[2025-09-23T16:06:12.955+0800][info][gc,phases   ] GC(172)   Other: 0.0ms
[2025-09-23T16:06:12.955+0800][info][gc,heap     ] GC(172) Eden regions: 159->0(159)
[2025-09-23T16:06:12.955+0800][info][gc,heap     ] GC(172) Survivor regions: 2->2(21)
[2025-09-23T16:06:12.955+0800][info][gc,heap     ] GC(172) Old regions: 145->145
[2025-09-23T16:06:12.955+0800][info][gc,heap     ] GC(172) Humongous regions: 9->9
[2025-09-23T16:06:12.955+0800][info][gc,metaspace] GC(172) Metaspace: 31401K(31936K)->31401K(31936K) NonClass: 26881K(27200K)->26881K(27200K) Class: 4520K(4736K)->4520K(4736K)
[2025-09-23T16:06:12.955+0800][info][gc          ] GC(172) Pause Young (Mixed) (G1 Evacuation Pause) 5022M->2474M(5360M) 51.782ms
[2025-09-23T16:06:12.955+0800][info][gc,cpu      ] GC(172) User=0.41s Sys=0.00s Real=0.04s
[2025-09-23T16:06:17.080+0800][info][gc,start    ] GC(173) Pause Young (Concurrent Start) (G1 Evacuation Pause)
[2025-09-23T16:06:17.080+0800][info][gc,task     ] GC(173) Using 8 workers of 8 for evacuation
[2025-09-23T16:06:17.110+0800][info][gc,phases   ] GC(173)   Pre Evacuate Collection Set: 0.1ms
[2025-09-23T16:06:17.111+0800][info][gc,phases   ] GC(173)   Merge Heap Roots: 0.6ms
[2025-09-23T16:06:17.111+0800][info][gc,phases   ] GC(173)   Evacuate Collection Set: 29.5ms
[2025-09-23T16:06:17.111+0800][info][gc,phases   ] GC(173)   Post Evacuate Collection Set: 0.5ms
[2025-09-23T16:06:17.111+0800][info][gc,phases   ] GC(173)   Other: 0.0ms
[2025-09-23T16:06:17.111+0800][info][gc,heap     ] GC(173) Eden regions: 159->0(159)
[2025-09-23T16:06:17.111+0800][info][gc,heap     ] GC(173) Survivor regions: 2->2(21)
[2025-09-23T16:06:17.111+0800][info][gc,heap     ] GC(173) Old regions: 145->145
[2025-09-23T16:06:17.111+0800][info][gc,heap     ] GC(173) Humongous regions: 9->9
[2025-09-23T16:06:17.111+0800][info][gc,metaspace] GC(173) Metaspace: 31401K(31936K)->31401K(31936K) NonClass: 26881K(27200K)->26881K(27200K) Class: 4520K(4736K)->4520K(4736K)
[2025-09-23T16:06:17.111+0800][info][gc          ] GC(173) Pause Young (Concurrent Start) (G1 Evacuation Pause) 5018M->2478M(5360M) 30.854ms
[2025-09-23T16:06:17.111+0800][info][gc          ] GC(174) Concurrent Mark Cycle
[2025-09-23T16:06:17.111+0800][info][gc,cpu      ] GC(173) User=0.24s Sys=0.00s Real=0.03s
[2025-09-23T16:06:17.111+0800][info][gc,marking  ] GC(174) Concurrent Scan Root Regions
[2025-09-23T16:06:17.118+0800][info][gc,marking  ] GC(174) Concurrent Scan Root Regions 7.199ms
[2025-09-23T16:06:17.118+0800][info][gc,marking  ] GC(174) Concurrent Mark
[2025-09-23T16:06:17.118+0800][info][gc,marking  ] GC(174) Concurrent Mark From Roots
[2025-09-23T16:06:17.118+0800][info][gc,task     ] GC(174) Using 2 workers of 2 for marking
[2025-09-23T16:06:18.120+0800][info][gc,marking  ] GC(174) Concurrent Mark From Roots 1001.775ms
[2025-09-23T16:06:18.120+0800][info][gc,marking  ] GC(174) Concurrent Preclean
[2025-09-23T16:06:18.120+0800][info][gc,marking  ] GC(174) Concurrent Preclean 0.100ms
[2025-09-23T16:06:18.120+0800][info][gc,start    ] GC(174) Pause Remark
[2025-09-23T16:06:18.121+0800][info][gc          ] GC(174) Pause Remark 2926M->2926M(5360M) 0.870ms
[2025-09-23T16:06:18.121+0800][info][gc,cpu      ] GC(174) User=0.00s Sys=0.00s Real=0.00s
[2025-09-23T16:06:18.121+0800][info][gc,marking  ] GC(174) Concurrent Mark 1002.981ms
[2025-09-23T16:06:18.121+0800][info][gc,marking  ] GC(174) Concurrent Rebuild Remembered Sets and Scrub Regions
[2025-09-23T16:06:18.586+0800][info][gc,marking  ] GC(174) Concurrent Rebuild Remembered Sets and Scrub Regions 465.067ms
[2025-09-23T16:06:18.586+0800][info][gc,start    ] GC(174) Pause Cleanup
[2025-09-23T16:06:18.586+0800][info][gc          ] GC(174) Pause Cleanup 3124M->3124M(5360M) 0.113ms
[2025-09-23T16:06:18.586+0800][info][gc,cpu      ] GC(174) User=0.00s Sys=0.00s Real=0.00s
[2025-09-23T16:06:18.586+0800][info][gc,marking  ] GC(174) Concurrent Clear Claimed Marks
[2025-09-23T16:06:18.586+0800][info][gc,marking  ] GC(174) Concurrent Clear Claimed Marks 0.054ms
[2025-09-23T16:06:18.586+0800][info][gc,marking  ] GC(174) Concurrent Cleanup for Next Mark
[2025-09-23T16:06:18.590+0800][info][gc,marking  ] GC(174) Concurrent Cleanup for Next Mark 4.137ms
[2025-09-23T16:06:18.590+0800][info][gc          ] GC(174) Concurrent Mark Cycle 1479.857ms
[2025-09-23T16:06:21.688+0800][info][gc,start    ] GC(175) Pause Young (Prepare Mixed) (G1 Evacuation Pause)
[2025-09-23T16:06:21.688+0800][info][gc,task     ] GC(175) Using 8 workers of 8 for evacuation
[2025-09-23T16:06:21.719+0800][info][gc,phases   ] GC(175)   Pre Evacuate Collection Set: 0.1ms
[2025-09-23T16:06:21.719+0800][info][gc,phases   ] GC(175)   Merge Heap Roots: 1.0ms
[2025-09-23T16:06:21.719+0800][info][gc,phases   ] GC(175)   Evacuate Collection Set: 28.8ms
[2025-09-23T16:06:21.719+0800][info][gc,phases   ] GC(175)   Post Evacuate Collection Set: 0.6ms
[2025-09-23T16:06:21.719+0800][info][gc,phases   ] GC(175)   Other: 0.1ms
[2025-09-23T16:06:21.719+0800][info][gc,heap     ] GC(175) Eden regions: 159->0(159)
[2025-09-23T16:06:21.719+0800][info][gc,heap     ] GC(175) Survivor regions: 2->2(21)
[2025-09-23T16:06:21.719+0800][info][gc,heap     ] GC(175) Old regions: 145->145
[2025-09-23T16:06:21.719+0800][info][gc,heap     ] GC(175) Humongous regions: 9->9
[2025-09-23T16:06:21.719+0800][info][gc,metaspace] GC(175) Metaspace: 31401K(31936K)->31401K(31936K) NonClass: 26881K(27200K)->26881K(27200K) Class: 4520K(4736K)->4520K(4736K)
[2025-09-23T16:06:21.719+0800][info][gc          ] GC(175) Pause Young (Prepare Mixed) (G1 Evacuation Pause) 5022M->2478M(5360M) 30.745ms
[2025-09-23T16:06:21.719+0800][info][gc,cpu      ] GC(175) User=0.24s Sys=0.00s Real=0.03s
[2025-09-23T16:06:25.782+0800][info][gc,start    ] GC(176) Pause Young (Mixed) (G1 Evacuation Pause)
[2025-09-23T16:06:25.782+0800][info][gc,task     ] GC(176) Using 8 workers of 8 for evacuation
[2025-09-23T16:06:25.823+0800][info][gc,phases   ] GC(176)   Pre Evacuate Collection Set: 0.1ms
[2025-09-23T16:06:25.823+0800][info][gc,phases   ] GC(176)   Merge Heap Roots: 1.2ms
[2025-09-23T16:06:25.823+0800][info][gc,phases   ] GC(176)   Evacuate Collection Set: 38.4ms
[2025-09-23T16:06:25.823+0800][info][gc,phases   ] GC(176)   Post Evacuate Collection Set: 0.5ms
[2025-09-23T16:06:25.823+0800][info][gc,phases   ] GC(176)   Other: 0.0ms
[2025-09-23T16:06:25.823+0800][info][gc,heap     ] GC(176) Eden regions: 159->0(159)
[2025-09-23T16:06:25.823+0800][info][gc,heap     ] GC(176) Survivor regions: 2->2(21)
[2025-09-23T16:06:25.823+0800][info][gc,heap     ] GC(176) Old regions: 145->145
[2025-09-23T16:06:25.823+0800][info][gc,heap     ] GC(176) Humongous regions: 9->9
[2025-09-23T16:06:25.823+0800][info][gc,metaspace] GC(176) Metaspace: 31401K(31936K)->31401K(31936K) NonClass: 26881K(27200K)->26881K(27200K) Class: 4520K(4736K)->4520K(4736K)
[2025-09-23T16:06:25.823+0800][info][gc          ] GC(176) Pause Young (Mixed) (G1 Evacuation Pause) 5022M->2475M(5360M) 40.385ms
[2025-09-23T16:06:25.823+0800][info][gc,cpu      ] GC(176) User=0.32s Sys=0.00s Real=0.04s
[2025-09-23T16:06:29.738+0800][info][gc,start    ] GC(177) Pause Young (Concurrent Start) (G1 Evacuation Pause)
[2025-09-23T16:06:29.738+0800][info][gc,task     ] GC(177) Using 8 workers of 8 for evacuation
[2025-09-23T16:06:29.767+0800][info][gc,phases   ] GC(177)   Pre Evacuate Collection Set: 0.1ms
[2025-09-23T16:06:29.767+0800][info][gc,phases   ] GC(177)   Merge Heap Roots: 0.5ms
[2025-09-23T16:06:29.767+0800][info][gc,phases   ] GC(177)   Evacuate Collection Set: 26.7ms
[2025-09-23T16:06:29.767+0800][info][gc,phases   ] GC(177)   Post Evacuate Collection Set: 0.5ms
[2025-09-23T16:06:29.767+0800][info][gc,phases   ] GC(177)   Other: 0.2ms
[2025-09-23T16:06:29.767+0800][info][gc,heap     ] GC(177) Eden regions: 159->0(159)
[2025-09-23T16:06:29.767+0800][info][gc,heap     ] GC(177) Survivor regions: 2->2(21)
[2025-09-23T16:06:29.767+0800][info][gc,heap     ] GC(177) Old regions: 145->145
[2025-09-23T16:06:29.767+0800][info][gc,heap     ] GC(177) Humongous regions: 9->9
[2025-09-23T16:06:29.767+0800][info][gc,metaspace] GC(177) Metaspace: 31401K(31936K)->31401K(31936K) NonClass: 26881K(27200K)->26881K(27200K) Class: 4520K(4736K)->4520K(4736K)
[2025-09-23T16:06:29.767+0800][info][gc          ] GC(177) Pause Young (Concurrent Start) (G1 Evacuation Pause) 5019M->2476M(5360M) 28.332ms
[2025-09-23T16:06:29.767+0800][info][gc,cpu      ] GC(177) User=0.21s Sys=0.01s Real=0.03s
[2025-09-23T16:06:29.767+0800][info][gc          ] GC(178) Concurrent Mark Cycle
[2025-09-23T16:06:29.767+0800][info][gc,marking  ] GC(178) Concurrent Scan Root Regions
[2025-09-23T16:06:29.777+0800][info][gc,marking  ] GC(178) Concurrent Scan Root Regions 9.816ms
[2025-09-23T16:06:29.777+0800][info][gc,marking  ] GC(178) Concurrent Mark
[2025-09-23T16:06:29.777+0800][info][gc,marking  ] GC(178) Concurrent Mark From Roots
[2025-09-23T16:06:29.777+0800][info][gc,task     ] GC(178) Using 2 workers of 2 for marking
[2025-09-23T16:06:30.768+0800][info][gc,marking  ] GC(178) Concurrent Mark From Roots 991.381ms
[2025-09-23T16:06:30.768+0800][info][gc,marking  ] GC(178) Concurrent Preclean
[2025-09-23T16:06:30.768+0800][info][gc,marking  ] GC(178) Concurrent Preclean 0.086ms
[2025-09-23T16:06:30.768+0800][info][gc,start    ] GC(178) Pause Remark
[2025-09-23T16:06:30.769+0800][info][gc          ] GC(178) Pause Remark 2921M->2921M(5360M) 0.878ms
[2025-09-23T16:06:30.769+0800][info][gc,cpu      ] GC(178) User=0.00s Sys=0.00s Real=0.00s
[2025-09-23T16:06:30.769+0800][info][gc,marking  ] GC(178) Concurrent Mark 992.567ms
[2025-09-23T16:06:30.769+0800][info][gc,marking  ] GC(178) Concurrent Rebuild Remembered Sets and Scrub Regions
[2025-09-23T16:06:31.245+0800][info][gc,marking  ] GC(178) Concurrent Rebuild Remembered Sets and Scrub Regions 475.401ms
[2025-09-23T16:06:31.245+0800][info][gc,start    ] GC(178) Pause Cleanup
[2025-09-23T16:06:31.245+0800][info][gc          ] GC(178) Pause Cleanup 3129M->3129M(5360M) 0.104ms
[2025-09-23T16:06:31.245+0800][info][gc,cpu      ] GC(178) User=0.00s Sys=0.00s Real=0.00s
[2025-09-23T16:06:31.245+0800][info][gc,marking  ] GC(178) Concurrent Clear Claimed Marks
[2025-09-23T16:06:31.245+0800][info][gc,marking  ] GC(178) Concurrent Clear Claimed Marks 0.046ms
[2025-09-23T16:06:31.245+0800][info][gc,marking  ] GC(178) Concurrent Cleanup for Next Mark
[2025-09-23T16:06:31.249+0800][info][gc,marking  ] GC(178) Concurrent Cleanup for Next Mark 4.096ms
[2025-09-23T16:06:31.249+0800][info][gc          ] GC(178) Concurrent Mark Cycle 1482.362ms
[2025-09-23T16:06:34.204+0800][info][gc,start    ] GC(179) Pause Young (Prepare Mixed) (G1 Evacuation Pause)
[2025-09-23T16:06:34.204+0800][info][gc,task     ] GC(179) Using 8 workers of 8 for evacuation
[2025-09-23T16:06:34.232+0800][info][gc,phases   ] GC(179)   Pre Evacuate Collection Set: 0.1ms
[2025-09-23T16:06:34.232+0800][info][gc,phases   ] GC(179)   Merge Heap Roots: 1.0ms
[2025-09-23T16:06:34.232+0800][info][gc,phases   ] GC(179)   Evacuate Collection Set: 26.4ms
[2025-09-23T16:06:34.232+0800][info][gc,phases   ] GC(179)   Post Evacuate Collection Set: 0.6ms
[2025-09-23T16:06:34.232+0800][info][gc,phases   ] GC(179)   Other: 0.0ms
[2025-09-23T16:06:34.232+0800][info][gc,heap     ] GC(179) Eden regions: 159->0(159)
[2025-09-23T16:06:34.232+0800][info][gc,heap     ] GC(179) Survivor regions: 2->2(21)
[2025-09-23T16:06:34.232+0800][info][gc,heap     ] GC(179) Old regions: 145->145
[2025-09-23T16:06:34.232+0800][info][gc,heap     ] GC(179) Humongous regions: 9->9
[2025-09-23T16:06:34.232+0800][info][gc,metaspace] GC(179) Metaspace: 31401K(31936K)->31401K(31936K) NonClass: 26881K(27200K)->26881K(27200K) Class: 4520K(4736K)->4520K(4736K)
[2025-09-23T16:06:34.232+0800][info][gc          ] GC(179) Pause Young (Prepare Mixed) (G1 Evacuation Pause) 5020M->2477M(5360M) 28.192ms
[2025-09-23T16:06:34.232+0800][info][gc,cpu      ] GC(179) User=0.22s Sys=0.00s Real=0.02s
[2025-09-23T16:06:38.172+0800][info][gc,start    ] GC(180) Pause Young (Mixed) (G1 Evacuation Pause)
[2025-09-23T16:06:38.172+0800][info][gc,task     ] GC(180) Using 8 workers of 8 for evacuation
[2025-09-23T16:06:38.208+0800][info][gc,phases   ] GC(180)   Pre Evacuate Collection Set: 0.1ms
[2025-09-23T16:06:38.208+0800][info][gc,phases   ] GC(180)   Merge Heap Roots: 0.9ms
[2025-09-23T16:06:38.208+0800][info][gc,phases   ] GC(180)   Evacuate Collection Set: 34.3ms
[2025-09-23T16:06:38.208+0800][info][gc,phases   ] GC(180)   Post Evacuate Collection Set: 0.5ms
[2025-09-23T16:06:38.208+0800][info][gc,phases   ] GC(180)   Other: 0.0ms
[2025-09-23T16:06:38.208+0800][info][gc,heap     ] GC(180) Eden regions: 159->0(161)
[2025-09-23T16:06:38.208+0800][info][gc,heap     ] GC(180) Survivor regions: 2->1(21)
[2025-09-23T16:06:38.208+0800][info][gc,heap     ] GC(180) Old regions: 145->145
[2025-09-23T16:06:38.208+0800][info][gc,heap     ] GC(180) Humongous regions: 9->9
[2025-09-23T16:06:38.208+0800][info][gc,metaspace] GC(180) Metaspace: 31401K(31936K)->31401K(31936K) NonClass: 26881K(27200K)->26881K(27200K) Class: 4520K(4736K)->4520K(4736K)
[2025-09-23T16:06:38.208+0800][info][gc          ] GC(180) Pause Young (Mixed) (G1 Evacuation Pause) 5021M->2473M(5360M) 35.936ms
[2025-09-23T16:06:38.208+0800][info][gc,cpu      ] GC(180) User=0.28s Sys=0.00s Real=0.04s
[2025-09-23T16:06:42.170+0800][info][gc,start    ] GC(181) Pause Young (Concurrent Start) (G1 Evacuation Pause)
[2025-09-23T16:06:42.170+0800][info][gc,task     ] GC(181) Using 8 workers of 8 for evacuation
[2025-09-23T16:06:42.196+0800][info][gc,phases   ] GC(181)   Pre Evacuate Collection Set: 0.1ms
[2025-09-23T16:06:42.196+0800][info][gc,phases   ] GC(181)   Merge Heap Roots: 0.5ms
[2025-09-23T16:06:42.196+0800][info][gc,phases   ] GC(181)   Evacuate Collection Set: 24.6ms
[2025-09-23T16:06:42.196+0800][info][gc,phases   ] GC(181)   Post Evacuate Collection Set: 0.5ms
[2025-09-23T16:06:42.196+0800][info][gc,phases   ] GC(181)   Other: 0.1ms
[2025-09-23T16:06:42.196+0800][info][gc,heap     ] GC(181) Eden regions: 161->0(161)
[2025-09-23T16:06:42.196+0800][info][gc,heap     ] GC(181) Survivor regions: 1->1(21)
[2025-09-23T16:06:42.196+0800][info][gc,heap     ] GC(181) Old regions: 145->145
[2025-09-23T16:06:42.196+0800][info][gc,heap     ] GC(181) Humongous regions: 9->9
[2025-09-23T16:06:42.196+0800][info][gc,metaspace] GC(181) Metaspace: 31401K(31936K)->31401K(31936K) NonClass: 26881K(27200K)->26881K(27200K) Class: 4520K(4736K)->4520K(4736K)
[2025-09-23T16:06:42.196+0800][info][gc          ] GC(181) Pause Young (Concurrent Start) (G1 Evacuation Pause) 5049M->2475M(5360M) 25.838ms
[2025-09-23T16:06:42.196+0800][info][gc,cpu      ] GC(181) User=0.20s Sys=0.00s Real=0.03s
[2025-09-23T16:06:42.196+0800][info][gc          ] GC(182) Concurrent Mark Cycle
[2025-09-23T16:06:42.196+0800][info][gc,marking  ] GC(182) Concurrent Scan Root Regions
[2025-09-23T16:06:42.204+0800][info][gc,marking  ] GC(182) Concurrent Scan Root Regions 8.568ms
[2025-09-23T16:06:42.204+0800][info][gc,marking  ] GC(182) Concurrent Mark
[2025-09-23T16:06:42.204+0800][info][gc,marking  ] GC(182) Concurrent Mark From Roots
[2025-09-23T16:06:42.204+0800][info][gc,task     ] GC(182) Using 2 workers of 2 for marking
[2025-09-23T16:06:43.223+0800][info][gc,marking  ] GC(182) Concurrent Mark From Roots 1018.388ms
[2025-09-23T16:06:43.223+0800][info][gc,marking  ] GC(182) Concurrent Preclean
[2025-09-23T16:06:43.223+0800][info][gc,marking  ] GC(182) Concurrent Preclean 0.113ms
[2025-09-23T16:06:43.223+0800][info][gc,start    ] GC(182) Pause Remark
[2025-09-23T16:06:43.224+0800][info][gc          ] GC(182) Pause Remark 2955M->2955M(5360M) 0.846ms
[2025-09-23T16:06:43.224+0800][info][gc,cpu      ] GC(182) User=0.01s Sys=0.00s Real=0.00s
[2025-09-23T16:06:43.224+0800][info][gc,marking  ] GC(182) Concurrent Mark 1019.849ms
[2025-09-23T16:06:43.224+0800][info][gc,marking  ] GC(182) Concurrent Rebuild Remembered Sets and Scrub Regions
[2025-09-23T16:06:43.671+0800][info][gc,marking  ] GC(182) Concurrent Rebuild Remembered Sets and Scrub Regions 446.901ms
[2025-09-23T16:06:43.671+0800][info][gc,start    ] GC(182) Pause Cleanup
[2025-09-23T16:06:43.671+0800][info][gc          ] GC(182) Pause Cleanup 3154M->3154M(5360M) 0.109ms
[2025-09-23T16:06:43.671+0800][info][gc,cpu      ] GC(182) User=0.00s Sys=0.00s Real=0.00s
[2025-09-23T16:06:43.671+0800][info][gc,marking  ] GC(182) Concurrent Clear Claimed Marks
[2025-09-23T16:06:43.671+0800][info][gc,marking  ] GC(182) Concurrent Clear Claimed Marks 0.048ms
[2025-09-23T16:06:43.671+0800][info][gc,marking  ] GC(182) Concurrent Cleanup for Next Mark
[2025-09-23T16:06:43.677+0800][info][gc,marking  ] GC(182) Concurrent Cleanup for Next Mark 5.574ms
[2025-09-23T16:06:43.677+0800][info][gc          ] GC(182) Concurrent Mark Cycle 1481.344ms
[2025-09-23T16:06:46.631+0800][info][gc,start    ] GC(183) Pause Young (Prepare Mixed) (G1 Evacuation Pause)
[2025-09-23T16:06:46.631+0800][info][gc,task     ] GC(183) Using 8 workers of 8 for evacuation
[2025-09-23T16:06:46.657+0800][info][gc,phases   ] GC(183)   Pre Evacuate Collection Set: 0.1ms
[2025-09-23T16:06:46.657+0800][info][gc,phases   ] GC(183)   Merge Heap Roots: 0.9ms
[2025-09-23T16:06:46.657+0800][info][gc,phases   ] GC(183)   Evacuate Collection Set: 24.0ms
[2025-09-23T16:06:46.657+0800][info][gc,phases   ] GC(183)   Post Evacuate Collection Set: 0.5ms
[2025-09-23T16:06:46.657+0800][info][gc,phases   ] GC(183)   Other: 0.1ms
[2025-09-23T16:06:46.657+0800][info][gc,heap     ] GC(183) Eden regions: 161->0(161)
[2025-09-23T16:06:46.657+0800][info][gc,heap     ] GC(183) Survivor regions: 1->1(21)
[2025-09-23T16:06:46.657+0800][info][gc,heap     ] GC(183) Old regions: 145->145
[2025-09-23T16:06:46.657+0800][info][gc,heap     ] GC(183) Humongous regions: 9->9
[2025-09-23T16:06:46.657+0800][info][gc,metaspace] GC(183) Metaspace: 31401K(31936K)->31401K(31936K) NonClass: 26881K(27200K)->26881K(27200K) Class: 4520K(4736K)->4520K(4736K)
[2025-09-23T16:06:46.657+0800][info][gc          ] GC(183) Pause Young (Prepare Mixed) (G1 Evacuation Pause) 5051M->2476M(5360M) 25.783ms
[2025-09-23T16:06:46.657+0800][info][gc,cpu      ] GC(183) User=0.20s Sys=0.00s Real=0.03s
[2025-09-23T16:06:50.645+0800][info][gc,start    ] GC(184) Pause Young (Mixed) (G1 Evacuation Pause)
[2025-09-23T16:06:50.645+0800][info][gc,task     ] GC(184) Using 8 workers of 8 for evacuation
[2025-09-23T16:06:50.679+0800][info][gc,phases   ] GC(184)   Pre Evacuate Collection Set: 0.1ms
[2025-09-23T16:06:50.679+0800][info][gc,phases   ] GC(184)   Merge Heap Roots: 0.9ms
[2025-09-23T16:06:50.679+0800][info][gc,phases   ] GC(184)   Evacuate Collection Set: 32.3ms
[2025-09-23T16:06:50.679+0800][info][gc,phases   ] GC(184)   Post Evacuate Collection Set: 0.5ms
[2025-09-23T16:06:50.679+0800][info][gc,phases   ] GC(184)   Other: 0.1ms
[2025-09-23T16:06:50.679+0800][info][gc,heap     ] GC(184) Eden regions: 161->0(161)
[2025-09-23T16:06:50.679+0800][info][gc,heap     ] GC(184) Survivor regions: 1->1(21)
[2025-09-23T16:06:50.679+0800][info][gc,heap     ] GC(184) Old regions: 145->145
[2025-09-23T16:06:50.679+0800][info][gc,heap     ] GC(184) Humongous regions: 9->9
[2025-09-23T16:06:50.679+0800][info][gc,metaspace] GC(184) Metaspace: 31401K(31936K)->31401K(31936K) NonClass: 26881K(27200K)->26881K(27200K) Class: 4520K(4736K)->4520K(4736K)
[2025-09-23T16:06:50.679+0800][info][gc          ] GC(184) Pause Young (Mixed) (G1 Evacuation Pause) 5052M->2475M(5360M) 34.071ms
[2025-09-23T16:06:50.679+0800][info][gc,cpu      ] GC(184) User=0.26s Sys=0.00s Real=0.03s
[2025-09-23T16:06:54.652+0800][info][gc,start    ] GC(185) Pause Young (Concurrent Start) (G1 Evacuation Pause)
[2025-09-23T16:06:54.652+0800][info][gc,task     ] GC(185) Using 8 workers of 8 for evacuation
[2025-09-23T16:06:54.676+0800][info][gc,phases   ] GC(185)   Pre Evacuate Collection Set: 0.1ms
[2025-09-23T16:06:54.676+0800][info][gc,phases   ] GC(185)   Merge Heap Roots: 0.5ms
[2025-09-23T16:06:54.676+0800][info][gc,phases   ] GC(185)   Evacuate Collection Set: 22.5ms
[2025-09-23T16:06:54.676+0800][info][gc,phases   ] GC(185)   Post Evacuate Collection Set: 0.5ms
[2025-09-23T16:06:54.676+0800][info][gc,phases   ] GC(185)   Other: 0.0ms
[2025-09-23T16:06:54.676+0800][info][gc,heap     ] GC(185) Eden regions: 161->0(161)
[2025-09-23T16:06:54.676+0800][info][gc,heap     ] GC(185) Survivor regions: 1->1(21)
[2025-09-23T16:06:54.676+0800][info][gc,heap     ] GC(185) Old regions: 145->145
[2025-09-23T16:06:54.676+0800][info][gc,heap     ] GC(185) Humongous regions: 9->9
[2025-09-23T16:06:54.676+0800][info][gc,metaspace] GC(185) Metaspace: 31401K(31936K)->31401K(31936K) NonClass: 26881K(27200K)->26881K(27200K) Class: 4520K(4736K)->4520K(4736K)
[2025-09-23T16:06:54.676+0800][info][gc          ] GC(185) Pause Young (Concurrent Start) (G1 Evacuation Pause) 5051M->2476M(5360M) 23.721ms
[2025-09-23T16:06:54.676+0800][info][gc,cpu      ] GC(185) User=0.18s Sys=0.00s Real=0.03s
[2025-09-23T16:06:54.676+0800][info][gc          ] GC(186) Concurrent Mark Cycle
[2025-09-23T16:06:54.676+0800][info][gc,marking  ] GC(186) Concurrent Scan Root Regions
[2025-09-23T16:06:54.683+0800][info][gc,marking  ] GC(186) Concurrent Scan Root Regions 7.217ms
[2025-09-23T16:06:54.683+0800][info][gc,marking  ] GC(186) Concurrent Mark
[2025-09-23T16:06:54.683+0800][info][gc,marking  ] GC(186) Concurrent Mark From Roots
[2025-09-23T16:06:54.683+0800][info][gc,task     ] GC(186) Using 2 workers of 2 for marking
[2025-09-23T16:06:55.732+0800][info][gc,marking  ] GC(186) Concurrent Mark From Roots 1049.241ms
[2025-09-23T16:06:55.732+0800][info][gc,marking  ] GC(186) Concurrent Preclean
[2025-09-23T16:06:55.733+0800][info][gc,marking  ] GC(186) Concurrent Preclean 0.104ms
[2025-09-23T16:06:55.733+0800][info][gc,start    ] GC(186) Pause Remark
[2025-09-23T16:06:55.734+0800][info][gc          ] GC(186) Pause Remark 2963M->2963M(5360M) 0.854ms
[2025-09-23T16:06:55.734+0800][info][gc,cpu      ] GC(186) User=0.01s Sys=0.00s Real=0.00s
[2025-09-23T16:06:55.734+0800][info][gc,marking  ] GC(186) Concurrent Mark 1050.424ms
[2025-09-23T16:06:55.734+0800][info][gc,marking  ] GC(186) Concurrent Rebuild Remembered Sets and Scrub Regions
[2025-09-23T16:06:56.155+0800][info][gc,marking  ] GC(186) Concurrent Rebuild Remembered Sets and Scrub Regions 421.205ms
[2025-09-23T16:06:56.155+0800][info][gc,start    ] GC(186) Pause Cleanup
[2025-09-23T16:06:56.155+0800][info][gc          ] GC(186) Pause Cleanup 3148M->3148M(5360M) 0.100ms
[2025-09-23T16:06:56.155+0800][info][gc,cpu      ] GC(186) User=0.00s Sys=0.00s Real=0.00s
[2025-09-23T16:06:56.155+0800][info][gc,marking  ] GC(186) Concurrent Clear Claimed Marks
[2025-09-23T16:06:56.155+0800][info][gc,marking  ] GC(186) Concurrent Clear Claimed Marks 0.049ms
[2025-09-23T16:06:56.155+0800][info][gc,marking  ] GC(186) Concurrent Cleanup for Next Mark
[2025-09-23T16:06:56.160+0800][info][gc,marking  ] GC(186) Concurrent Cleanup for Next Mark 4.325ms
[2025-09-23T16:06:56.160+0800][info][gc          ] GC(186) Concurrent Mark Cycle 1483.691ms
[2025-09-23T16:06:59.099+0800][info][gc,start    ] GC(187) Pause Young (Prepare Mixed) (G1 Evacuation Pause)
[2025-09-23T16:06:59.099+0800][info][gc,task     ] GC(187) Using 8 workers of 8 for evacuation
[2025-09-23T16:06:59.122+0800][info][gc,phases   ] GC(187)   Pre Evacuate Collection Set: 0.1ms
[2025-09-23T16:06:59.122+0800][info][gc,phases   ] GC(187)   Merge Heap Roots: 0.8ms
[2025-09-23T16:06:59.122+0800][info][gc,phases   ] GC(187)   Evacuate Collection Set: 21.7ms
[2025-09-23T16:06:59.122+0800][info][gc,phases   ] GC(187)   Post Evacuate Collection Set: 0.5ms
[2025-09-23T16:06:59.122+0800][info][gc,phases   ] GC(187)   Other: 0.0ms
[2025-09-23T16:06:59.122+0800][info][gc,heap     ] GC(187) Eden regions: 161->0(160)
[2025-09-23T16:06:59.122+0800][info][gc,heap     ] GC(187) Survivor regions: 1->1(21)
[2025-09-23T16:06:59.122+0800][info][gc,heap     ] GC(187) Old regions: 145->146
[2025-09-23T16:06:59.122+0800][info][gc,heap     ] GC(187) Humongous regions: 9->9
[2025-09-23T16:06:59.122+0800][info][gc,metaspace] GC(187) Metaspace: 31401K(31936K)->31401K(31936K) NonClass: 26881K(27200K)->26881K(27200K) Class: 4520K(4736K)->4520K(4736K)
[2025-09-23T16:06:59.122+0800][info][gc          ] GC(187) Pause Young (Prepare Mixed) (G1 Evacuation Pause) 5052M->2477M(5360M) 23.292ms
[2025-09-23T16:06:59.122+0800][info][gc,cpu      ] GC(187) User=0.18s Sys=0.00s Real=0.02s
[2025-09-23T16:07:03.047+0800][info][gc,start    ] GC(188) Pause Young (Mixed) (G1 Evacuation Pause)
[2025-09-23T16:07:03.047+0800][info][gc,task     ] GC(188) Using 8 workers of 8 for evacuation
[2025-09-23T16:07:03.080+0800][info][gc,phases   ] GC(188)   Pre Evacuate Collection Set: 0.1ms
[2025-09-23T16:07:03.080+0800][info][gc,phases   ] GC(188)   Merge Heap Roots: 1.0ms
[2025-09-23T16:07:03.080+0800][info][gc,phases   ] GC(188)   Evacuate Collection Set: 31.2ms
[2025-09-23T16:07:03.080+0800][info][gc,phases   ] GC(188)   Post Evacuate Collection Set: 0.5ms
[2025-09-23T16:07:03.080+0800][info][gc,phases   ] GC(188)   Other: 0.0ms
[2025-09-23T16:07:03.080+0800][info][gc,heap     ] GC(188) Eden regions: 160->0(161)
[2025-09-23T16:07:03.080+0800][info][gc,heap     ] GC(188) Survivor regions: 1->1(21)
[2025-09-23T16:07:03.080+0800][info][gc,heap     ] GC(188) Old regions: 146->145
[2025-09-23T16:07:03.080+0800][info][gc,heap     ] GC(188) Humongous regions: 9->9
[2025-09-23T16:07:03.080+0800][info][gc,metaspace] GC(188) Metaspace: 31401K(31936K)->31401K(31936K) NonClass: 26881K(27200K)->26881K(27200K) Class: 4520K(4736K)->4520K(4736K)
[2025-09-23T16:07:03.080+0800][info][gc          ] GC(188) Pause Young (Mixed) (G1 Evacuation Pause) 5037M->2476M(5360M) 32.936ms
[2025-09-23T16:07:03.080+0800][info][gc,cpu      ] GC(188) User=0.25s Sys=0.00s Real=0.03s
[2025-09-23T16:07:07.011+0800][info][gc,start    ] GC(189) Pause Young (Concurrent Start) (G1 Evacuation Pause)
[2025-09-23T16:07:07.011+0800][info][gc,task     ] GC(189) Using 8 workers of 8 for evacuation
[2025-09-23T16:07:07.032+0800][info][gc,phases   ] GC(189)   Pre Evacuate Collection Set: 0.1ms
[2025-09-23T16:07:07.032+0800][info][gc,phases   ] GC(189)   Merge Heap Roots: 0.4ms
[2025-09-23T16:07:07.032+0800][info][gc,phases   ] GC(189)   Evacuate Collection Set: 19.9ms
[2025-09-23T16:07:07.032+0800][info][gc,phases   ] GC(189)   Post Evacuate Collection Set: 0.4ms
[2025-09-23T16:07:07.032+0800][info][gc,phases   ] GC(189)   Other: 0.0ms
[2025-09-23T16:07:07.032+0800][info][gc,heap     ] GC(189) Eden regions: 161->0(160)
[2025-09-23T16:07:07.032+0800][info][gc,heap     ] GC(189) Survivor regions: 1->1(21)
[2025-09-23T16:07:07.032+0800][info][gc,heap     ] GC(189) Old regions: 145->146
[2025-09-23T16:07:07.032+0800][info][gc,heap     ] GC(189) Humongous regions: 9->9
[2025-09-23T16:07:07.032+0800][info][gc,metaspace] GC(189) Metaspace: 31401K(31936K)->31401K(31936K) NonClass: 26881K(27200K)->26881K(27200K) Class: 4520K(4736K)->4520K(4736K)
[2025-09-23T16:07:07.032+0800][info][gc          ] GC(189) Pause Young (Concurrent Start) (G1 Evacuation Pause) 5052M->2477M(5360M) 21.049ms
[2025-09-23T16:07:07.032+0800][info][gc,cpu      ] GC(189) User=0.17s Sys=0.00s Real=0.02s
[2025-09-23T16:07:07.032+0800][info][gc          ] GC(190) Concurrent Mark Cycle
[2025-09-23T16:07:07.032+0800][info][gc,marking  ] GC(190) Concurrent Scan Root Regions
[2025-09-23T16:07:07.038+0800][info][gc,marking  ] GC(190) Concurrent Scan Root Regions 6.366ms
[2025-09-23T16:07:07.038+0800][info][gc,marking  ] GC(190) Concurrent Mark
[2025-09-23T16:07:07.038+0800][info][gc,marking  ] GC(190) Concurrent Mark From Roots
[2025-09-23T16:07:07.038+0800][info][gc,task     ] GC(190) Using 2 workers of 2 for marking
[2025-09-23T16:07:08.085+0800][info][gc,marking  ] GC(190) Concurrent Mark From Roots 1046.617ms
[2025-09-23T16:07:08.085+0800][info][gc,marking  ] GC(190) Concurrent Preclean
[2025-09-23T16:07:08.085+0800][info][gc,marking  ] GC(190) Concurrent Preclean 0.113ms
[2025-09-23T16:07:08.085+0800][info][gc,start    ] GC(190) Pause Remark
[2025-09-23T16:07:08.086+0800][info][gc          ] GC(190) Pause Remark 2963M->2963M(5360M) 0.891ms
[2025-09-23T16:07:08.086+0800][info][gc,cpu      ] GC(190) User=0.01s Sys=0.00s Real=0.00s
[2025-09-23T16:07:08.086+0800][info][gc,marking  ] GC(190) Concurrent Mark 1047.859ms
[2025-09-23T16:07:08.086+0800][info][gc,marking  ] GC(190) Concurrent Rebuild Remembered Sets and Scrub Regions
[2025-09-23T16:07:08.544+0800][info][gc,marking  ] GC(190) Concurrent Rebuild Remembered Sets and Scrub Regions 458.475ms
[2025-09-23T16:07:08.545+0800][info][gc,start    ] GC(190) Pause Cleanup
[2025-09-23T16:07:08.545+0800][info][gc          ] GC(190) Pause Cleanup 3162M->3162M(5360M) 0.120ms
[2025-09-23T16:07:08.545+0800][info][gc,cpu      ] GC(190) User=0.00s Sys=0.00s Real=0.00s
[2025-09-23T16:07:08.545+0800][info][gc,marking  ] GC(190) Concurrent Clear Claimed Marks
[2025-09-23T16:07:08.545+0800][info][gc,marking  ] GC(190) Concurrent Clear Claimed Marks 0.052ms
[2025-09-23T16:07:08.545+0800][info][gc,marking  ] GC(190) Concurrent Cleanup for Next Mark
[2025-09-23T16:07:08.550+0800][info][gc,marking  ] GC(190) Concurrent Cleanup for Next Mark 4.926ms
[2025-09-23T16:07:08.550+0800][info][gc          ] GC(190) Concurrent Mark Cycle 1518.118ms
[2025-09-23T16:07:11.444+0800][info][gc,start    ] GC(191) Pause Young (Prepare Mixed) (G1 Evacuation Pause)
[2025-09-23T16:07:11.444+0800][info][gc,task     ] GC(191) Using 8 workers of 8 for evacuation
[2025-09-23T16:07:11.464+0800][info][gc,phases   ] GC(191)   Pre Evacuate Collection Set: 0.1ms
[2025-09-23T16:07:11.464+0800][info][gc,phases   ] GC(191)   Merge Heap Roots: 0.7ms
[2025-09-23T16:07:11.464+0800][info][gc,phases   ] GC(191)   Evacuate Collection Set: 19.3ms
[2025-09-23T16:07:11.464+0800][info][gc,phases   ] GC(191)   Post Evacuate Collection Set: 0.5ms
[2025-09-23T16:07:11.464+0800][info][gc,phases   ] GC(191)   Other: 0.0ms
[2025-09-23T16:07:11.464+0800][info][gc,heap     ] GC(191) Eden regions: 160->0(160)
[2025-09-23T16:07:11.464+0800][info][gc,heap     ] GC(191) Survivor regions: 1->1(21)
[2025-09-23T16:07:11.464+0800][info][gc,heap     ] GC(191) Old regions: 146->146
[2025-09-23T16:07:11.464+0800][info][gc,heap     ] GC(191) Humongous regions: 9->9
[2025-09-23T16:07:11.464+0800][info][gc,metaspace] GC(191) Metaspace: 31401K(31936K)->31401K(31936K) NonClass: 26881K(27200K)->26881K(27200K) Class: 4520K(4736K)->4520K(4736K)
[2025-09-23T16:07:11.464+0800][info][gc          ] GC(191) Pause Young (Prepare Mixed) (G1 Evacuation Pause) 5037M->2477M(5360M) 20.814ms
[2025-09-23T16:07:11.464+0800][info][gc,cpu      ] GC(191) User=0.16s Sys=0.00s Real=0.02s
[2025-09-23T16:07:15.376+0800][info][gc,start    ] GC(192) Pause Young (Mixed) (G1 Evacuation Pause)
[2025-09-23T16:07:15.376+0800][info][gc,task     ] GC(192) Using 8 workers of 8 for evacuation
[2025-09-23T16:07:15.409+0800][info][gc,phases   ] GC(192)   Pre Evacuate Collection Set: 0.1ms
[2025-09-23T16:07:15.409+0800][info][gc,phases   ] GC(192)   Merge Heap Roots: 1.0ms
[2025-09-23T16:07:15.409+0800][info][gc,phases   ] GC(192)   Evacuate Collection Set: 31.4ms
[2025-09-23T16:07:15.409+0800][info][gc,phases   ] GC(192)   Post Evacuate Collection Set: 0.4ms
[2025-09-23T16:07:15.409+0800][info][gc,phases   ] GC(192)   Other: 0.0ms
[2025-09-23T16:07:15.409+0800][info][gc,heap     ] GC(192) Eden regions: 160->0(160)
[2025-09-23T16:07:15.409+0800][info][gc,heap     ] GC(192) Survivor regions: 1->1(21)
[2025-09-23T16:07:15.409+0800][info][gc,heap     ] GC(192) Old regions: 146->146
[2025-09-23T16:07:15.409+0800][info][gc,heap     ] GC(192) Humongous regions: 9->9
[2025-09-23T16:07:15.409+0800][info][gc,metaspace] GC(192) Metaspace: 31401K(31936K)->31401K(31936K) NonClass: 26881K(27200K)->26881K(27200K) Class: 4520K(4736K)->4520K(4736K)
[2025-09-23T16:07:15.409+0800][info][gc          ] GC(192) Pause Young (Mixed) (G1 Evacuation Pause) 5037M->2476M(5360M) 33.165ms
[2025-09-23T16:07:15.409+0800][info][gc,cpu      ] GC(192) User=0.25s Sys=0.00s Real=0.03s
[2025-09-23T16:07:19.326+0800][info][gc,start    ] GC(193) Pause Young (Concurrent Start) (G1 Evacuation Pause)
[2025-09-23T16:07:19.327+0800][info][gc,task     ] GC(193) Using 8 workers of 8 for evacuation
[2025-09-23T16:07:19.345+0800][info][gc,phases   ] GC(193)   Pre Evacuate Collection Set: 0.1ms
[2025-09-23T16:07:19.345+0800][info][gc,phases   ] GC(193)   Merge Heap Roots: 0.4ms
[2025-09-23T16:07:19.345+0800][info][gc,phases   ] GC(193)   Evacuate Collection Set: 17.9ms
[2025-09-23T16:07:19.345+0800][info][gc,phases   ] GC(193)   Post Evacuate Collection Set: 0.4ms
[2025-09-23T16:07:19.345+0800][info][gc,phases   ] GC(193)   Other: 0.0ms
[2025-09-23T16:07:19.345+0800][info][gc,heap     ] GC(193) Eden regions: 160->0(160)
[2025-09-23T16:07:19.345+0800][info][gc,heap     ] GC(193) Survivor regions: 1->1(21)
[2025-09-23T16:07:19.345+0800][info][gc,heap     ] GC(193) Old regions: 146->146
[2025-09-23T16:07:19.345+0800][info][gc,heap     ] GC(193) Humongous regions: 9->9
[2025-09-23T16:07:19.345+0800][info][gc,metaspace] GC(193) Metaspace: 31401K(31936K)->31401K(31936K) NonClass: 26881K(27200K)->26881K(27200K) Class: 4520K(4736K)->4520K(4736K)
[2025-09-23T16:07:19.345+0800][info][gc          ] GC(193) Pause Young (Concurrent Start) (G1 Evacuation Pause) 5036M->2476M(5360M) 18.987ms
[2025-09-23T16:07:19.345+0800][info][gc,cpu      ] GC(193) User=0.15s Sys=0.00s Real=0.02s
[2025-09-23T16:07:19.345+0800][info][gc          ] GC(194) Concurrent Mark Cycle
[2025-09-23T16:07:19.345+0800][info][gc,marking  ] GC(194) Concurrent Scan Root Regions
[2025-09-23T16:07:19.351+0800][info][gc,marking  ] GC(194) Concurrent Scan Root Regions 5.250ms
[2025-09-23T16:07:19.351+0800][info][gc,marking  ] GC(194) Concurrent Mark
[2025-09-23T16:07:19.351+0800][info][gc,marking  ] GC(194) Concurrent Mark From Roots
[2025-09-23T16:07:19.351+0800][info][gc,task     ] GC(194) Using 2 workers of 2 for marking
[2025-09-23T16:07:20.395+0800][info][gc,marking  ] GC(194) Concurrent Mark From Roots 1044.250ms
[2025-09-23T16:07:20.395+0800][info][gc,marking  ] GC(194) Concurrent Preclean
[2025-09-23T16:07:20.395+0800][info][gc,marking  ] GC(194) Concurrent Preclean 0.109ms
[2025-09-23T16:07:20.395+0800][info][gc,start    ] GC(194) Pause Remark
[2025-09-23T16:07:20.396+0800][info][gc          ] GC(194) Pause Remark 2963M->2963M(5360M) 0.863ms
[2025-09-23T16:07:20.396+0800][info][gc,cpu      ] GC(194) User=0.01s Sys=0.00s Real=0.00s
[2025-09-23T16:07:20.396+0800][info][gc,marking  ] GC(194) Concurrent Mark 1045.457ms
[2025-09-23T16:07:20.396+0800][info][gc,marking  ] GC(194) Concurrent Rebuild Remembered Sets and Scrub Regions
[2025-09-23T16:07:20.783+0800][info][gc,marking  ] GC(194) Concurrent Rebuild Remembered Sets and Scrub Regions 387.186ms
[2025-09-23T16:07:20.784+0800][info][gc,start    ] GC(194) Pause Cleanup
[2025-09-23T16:07:20.784+0800][info][gc          ] GC(194) Pause Cleanup 3139M->3139M(5360M) 0.101ms
[2025-09-23T16:07:20.784+0800][info][gc,cpu      ] GC(194) User=0.00s Sys=0.00s Real=0.00s
[2025-09-23T16:07:20.784+0800][info][gc,marking  ] GC(194) Concurrent Clear Claimed Marks
[2025-09-23T16:07:20.784+0800][info][gc,marking  ] GC(194) Concurrent Clear Claimed Marks 0.052ms
[2025-09-23T16:07:20.784+0800][info][gc,marking  ] GC(194) Concurrent Cleanup for Next Mark
[2025-09-23T16:07:20.788+0800][info][gc,marking  ] GC(194) Concurrent Cleanup for Next Mark 4.033ms
[2025-09-23T16:07:20.788+0800][info][gc          ] GC(194) Concurrent Mark Cycle 1442.405ms
[2025-09-23T16:07:23.696+0800][info][gc,start    ] GC(195) Pause Young (Prepare Mixed) (G1 Evacuation Pause)
[2025-09-23T16:07:23.696+0800][info][gc,task     ] GC(195) Using 8 workers of 8 for evacuation
[2025-09-23T16:07:23.715+0800][info][gc,phases   ] GC(195)   Pre Evacuate Collection Set: 0.1ms
[2025-09-23T16:07:23.715+0800][info][gc,phases   ] GC(195)   Merge Heap Roots: 0.7ms
[2025-09-23T16:07:23.715+0800][info][gc,phases   ] GC(195)   Evacuate Collection Set: 17.6ms
[2025-09-23T16:07:23.715+0800][info][gc,phases   ] GC(195)   Post Evacuate Collection Set: 0.5ms
[2025-09-23T16:07:23.715+0800][info][gc,phases   ] GC(195)   Other: 0.1ms
[2025-09-23T16:07:23.715+0800][info][gc,heap     ] GC(195) Eden regions: 160->0(160)
[2025-09-23T16:07:23.715+0800][info][gc,heap     ] GC(195) Survivor regions: 1->1(21)
[2025-09-23T16:07:23.715+0800][info][gc,heap     ] GC(195) Old regions: 146->146
[2025-09-23T16:07:23.715+0800][info][gc,heap     ] GC(195) Humongous regions: 9->9
[2025-09-23T16:07:23.715+0800][info][gc,metaspace] GC(195) Metaspace: 31401K(31936K)->31401K(31936K) NonClass: 26881K(27200K)->26881K(27200K) Class: 4520K(4736K)->4520K(4736K)
[2025-09-23T16:07:23.715+0800][info][gc          ] GC(195) Pause Young (Prepare Mixed) (G1 Evacuation Pause) 5036M->2478M(5360M) 19.015ms
[2025-09-23T16:07:23.715+0800][info][gc,cpu      ] GC(195) User=0.15s Sys=0.00s Real=0.02s
[2025-09-23T16:07:27.693+0800][info][gc,start    ] GC(196) Pause Young (Mixed) (G1 Evacuation Pause)
[2025-09-23T16:07:27.693+0800][info][gc,task     ] GC(196) Using 8 workers of 8 for evacuation
[2025-09-23T16:07:27.723+0800][info][gc,phases   ] GC(196)   Pre Evacuate Collection Set: 0.1ms
[2025-09-23T16:07:27.723+0800][info][gc,phases   ] GC(196)   Merge Heap Roots: 1.0ms
[2025-09-23T16:07:27.723+0800][info][gc,phases   ] GC(196)   Evacuate Collection Set: 28.9ms
[2025-09-23T16:07:27.723+0800][info][gc,phases   ] GC(196)   Post Evacuate Collection Set: 0.4ms
[2025-09-23T16:07:27.723+0800][info][gc,phases   ] GC(196)   Other: 0.0ms
[2025-09-23T16:07:27.723+0800][info][gc,heap     ] GC(196) Eden regions: 160->0(160)
[2025-09-23T16:07:27.723+0800][info][gc,heap     ] GC(196) Survivor regions: 1->1(21)
[2025-09-23T16:07:27.723+0800][info][gc,heap     ] GC(196) Old regions: 146->146
[2025-09-23T16:07:27.723+0800][info][gc,heap     ] GC(196) Humongous regions: 9->9
[2025-09-23T16:07:27.723+0800][info][gc,metaspace] GC(196) Metaspace: 31401K(31936K)->31401K(31936K) NonClass: 26881K(27200K)->26881K(27200K) Class: 4520K(4736K)->4520K(4736K)
[2025-09-23T16:07:27.723+0800][info][gc          ] GC(196) Pause Young (Mixed) (G1 Evacuation Pause) 5038M->2476M(5360M) 30.642ms
[2025-09-23T16:07:27.723+0800][info][gc,cpu      ] GC(196) User=0.24s Sys=0.00s Real=0.04s
[2025-09-23T16:07:31.771+0800][info][gc,start    ] GC(197) Pause Young (Concurrent Start) (G1 Evacuation Pause)
[2025-09-23T16:07:31.771+0800][info][gc,task     ] GC(197) Using 8 workers of 8 for evacuation
[2025-09-23T16:07:31.788+0800][info][gc,phases   ] GC(197)   Pre Evacuate Collection Set: 0.1ms
[2025-09-23T16:07:31.788+0800][info][gc,phases   ] GC(197)   Merge Heap Roots: 0.4ms
[2025-09-23T16:07:31.788+0800][info][gc,phases   ] GC(197)   Evacuate Collection Set: 16.0ms
[2025-09-23T16:07:31.788+0800][info][gc,phases   ] GC(197)   Post Evacuate Collection Set: 0.4ms
[2025-09-23T16:07:31.788+0800][info][gc,phases   ] GC(197)   Other: 0.1ms
[2025-09-23T16:07:31.788+0800][info][gc,heap     ] GC(197) Eden regions: 160->0(160)
[2025-09-23T16:07:31.788+0800][info][gc,heap     ] GC(197) Survivor regions: 1->1(21)
[2025-09-23T16:07:31.788+0800][info][gc,heap     ] GC(197) Old regions: 146->146
[2025-09-23T16:07:31.788+0800][info][gc,heap     ] GC(197) Humongous regions: 9->9
[2025-09-23T16:07:31.788+0800][info][gc,metaspace] GC(197) Metaspace: 31401K(31936K)->31401K(31936K) NonClass: 26881K(27200K)->26881K(27200K) Class: 4520K(4736K)->4520K(4736K)
[2025-09-23T16:07:31.788+0800][info][gc          ] GC(197) Pause Young (Concurrent Start) (G1 Evacuation Pause) 5036M->2477M(5360M) 17.087ms
[2025-09-23T16:07:31.788+0800][info][gc,cpu      ] GC(197) User=0.13s Sys=0.00s Real=0.02s
[2025-09-23T16:07:31.788+0800][info][gc          ] GC(198) Concurrent Mark Cycle
[2025-09-23T16:07:31.788+0800][info][gc,marking  ] GC(198) Concurrent Scan Root Regions
[2025-09-23T16:07:31.793+0800][info][gc,marking  ] GC(198) Concurrent Scan Root Regions 4.740ms
[2025-09-23T16:07:31.793+0800][info][gc,marking  ] GC(198) Concurrent Mark
[2025-09-23T16:07:31.793+0800][info][gc,marking  ] GC(198) Concurrent Mark From Roots
[2025-09-23T16:07:31.793+0800][info][gc,task     ] GC(198) Using 2 workers of 2 for marking
[2025-09-23T16:07:32.785+0800][info][gc,marking  ] GC(198) Concurrent Mark From Roots 991.835ms
[2025-09-23T16:07:32.785+0800][info][gc,marking  ] GC(198) Concurrent Preclean
[2025-09-23T16:07:32.785+0800][info][gc,marking  ] GC(198) Concurrent Preclean 0.097ms
[2025-09-23T16:07:32.785+0800][info][gc,start    ] GC(198) Pause Remark
[2025-09-23T16:07:32.786+0800][info][gc          ] GC(198) Pause Remark 2900M->2900M(5360M) 0.882ms
[2025-09-23T16:07:32.786+0800][info][gc,cpu      ] GC(198) User=0.00s Sys=0.00s Real=0.00s
[2025-09-23T16:07:32.786+0800][info][gc,marking  ] GC(198) Concurrent Mark 993.005ms
[2025-09-23T16:07:32.786+0800][info][gc,marking  ] GC(198) Concurrent Rebuild Remembered Sets and Scrub Regions
[2025-09-23T16:07:33.151+0800][info][gc,marking  ] GC(198) Concurrent Rebuild Remembered Sets and Scrub Regions 364.478ms
[2025-09-23T16:07:33.151+0800][info][gc,start    ] GC(198) Pause Cleanup
[2025-09-23T16:07:33.151+0800][info][gc          ] GC(198) Pause Cleanup 3060M->3060M(5360M) 0.089ms
[2025-09-23T16:07:33.151+0800][info][gc,cpu      ] GC(198) User=0.00s Sys=0.00s Real=0.00s
[2025-09-23T16:07:33.151+0800][info][gc,marking  ] GC(198) Concurrent Clear Claimed Marks
[2025-09-23T16:07:33.151+0800][info][gc,marking  ] GC(198) Concurrent Clear Claimed Marks 0.047ms
[2025-09-23T16:07:33.151+0800][info][gc,marking  ] GC(198) Concurrent Cleanup for Next Mark
[2025-09-23T16:07:33.155+0800][info][gc,marking  ] GC(198) Concurrent Cleanup for Next Mark 3.876ms
[2025-09-23T16:07:33.155+0800][info][gc          ] GC(198) Concurrent Mark Cycle 1366.531ms
[2025-09-23T16:07:36.316+0800][info][gc,start    ] GC(199) Pause Young (Prepare Mixed) (G1 Evacuation Pause)
[2025-09-23T16:07:36.316+0800][info][gc,task     ] GC(199) Using 8 workers of 8 for evacuation
[2025-09-23T16:07:36.333+0800][info][gc,phases   ] GC(199)   Pre Evacuate Collection Set: 0.1ms
[2025-09-23T16:07:36.333+0800][info][gc,phases   ] GC(199)   Merge Heap Roots: 0.6ms
[2025-09-23T16:07:36.333+0800][info][gc,phases   ] GC(199)   Evacuate Collection Set: 15.5ms
[2025-09-23T16:07:36.333+0800][info][gc,phases   ] GC(199)   Post Evacuate Collection Set: 0.5ms
[2025-09-23T16:07:36.333+0800][info][gc,phases   ] GC(199)   Other: 0.0ms
[2025-09-23T16:07:36.333+0800][info][gc,heap     ] GC(199) Eden regions: 160->0(160)
[2025-09-23T16:07:36.333+0800][info][gc,heap     ] GC(199) Survivor regions: 1->1(21)
[2025-09-23T16:07:36.333+0800][info][gc,heap     ] GC(199) Old regions: 146->146
[2025-09-23T16:07:36.333+0800][info][gc,heap     ] GC(199) Humongous regions: 9->9
[2025-09-23T16:07:36.333+0800][info][gc,metaspace] GC(199) Metaspace: 31401K(31936K)->31401K(31936K) NonClass: 26881K(27200K)->26881K(27200K) Class: 4520K(4736K)->4520K(4736K)
[2025-09-23T16:07:36.333+0800][info][gc          ] GC(199) Pause Young (Prepare Mixed) (G1 Evacuation Pause) 5037M->2478M(5360M) 16.841ms
[2025-09-23T16:07:36.333+0800][info][gc,cpu      ] GC(199) User=0.13s Sys=0.00s Real=0.01s
[2025-09-23T16:07:40.376+0800][info][gc,start    ] GC(200) Pause Young (Mixed) (G1 Evacuation Pause)
[2025-09-23T16:07:40.376+0800][info][gc,task     ] GC(200) Using 8 workers of 8 for evacuation
[2025-09-23T16:07:40.407+0800][info][gc,phases   ] GC(200)   Pre Evacuate Collection Set: 0.1ms
[2025-09-23T16:07:40.407+0800][info][gc,phases   ] GC(200)   Merge Heap Roots: 1.0ms
[2025-09-23T16:07:40.407+0800][info][gc,phases   ] GC(200)   Evacuate Collection Set: 29.0ms
[2025-09-23T16:07:40.407+0800][info][gc,phases   ] GC(200)   Post Evacuate Collection Set: 0.4ms
[2025-09-23T16:07:40.407+0800][info][gc,phases   ] GC(200)   Other: 0.0ms
[2025-09-23T16:07:40.407+0800][info][gc,heap     ] GC(200) Eden regions: 160->0(160)
[2025-09-23T16:07:40.407+0800][info][gc,heap     ] GC(200) Survivor regions: 1->1(21)
[2025-09-23T16:07:40.407+0800][info][gc,heap     ] GC(200) Old regions: 146->146
[2025-09-23T16:07:40.407+0800][info][gc,heap     ] GC(200) Humongous regions: 9->9
[2025-09-23T16:07:40.407+0800][info][gc,metaspace] GC(200) Metaspace: 31401K(31936K)->31401K(31936K) NonClass: 26881K(27200K)->26881K(27200K) Class: 4520K(4736K)->4520K(4736K)
[2025-09-23T16:07:40.407+0800][info][gc          ] GC(200) Pause Young (Mixed) (G1 Evacuation Pause) 5038M->2477M(5360M) 30.723ms
[2025-09-23T16:07:40.407+0800][info][gc,cpu      ] GC(200) User=0.24s Sys=0.00s Real=0.03s
[2025-09-23T16:07:44.412+0800][info][gc,start    ] GC(201) Pause Young (Concurrent Start) (G1 Evacuation Pause)
[2025-09-23T16:07:44.412+0800][info][gc,task     ] GC(201) Using 8 workers of 8 for evacuation
[2025-09-23T16:07:44.427+0800][info][gc,phases   ] GC(201)   Pre Evacuate Collection Set: 0.1ms
[2025-09-23T16:07:44.427+0800][info][gc,phases   ] GC(201)   Merge Heap Roots: 0.3ms
[2025-09-23T16:07:44.427+0800][info][gc,phases   ] GC(201)   Evacuate Collection Set: 14.2ms
[2025-09-23T16:07:44.427+0800][info][gc,phases   ] GC(201)   Post Evacuate Collection Set: 0.4ms
[2025-09-23T16:07:44.427+0800][info][gc,phases   ] GC(201)   Other: 0.1ms
[2025-09-23T16:07:44.427+0800][info][gc,heap     ] GC(201) Eden regions: 160->0(160)
[2025-09-23T16:07:44.427+0800][info][gc,heap     ] GC(201) Survivor regions: 1->1(21)
[2025-09-23T16:07:44.427+0800][info][gc,heap     ] GC(201) Old regions: 146->146
[2025-09-23T16:07:44.427+0800][info][gc,heap     ] GC(201) Humongous regions: 9->9
[2025-09-23T16:07:44.427+0800][info][gc,metaspace] GC(201) Metaspace: 31401K(31936K)->31401K(31936K) NonClass: 26881K(27200K)->26881K(27200K) Class: 4520K(4736K)->4520K(4736K)
[2025-09-23T16:07:44.427+0800][info][gc          ] GC(201) Pause Young (Concurrent Start) (G1 Evacuation Pause) 5037M->2478M(5360M) 15.237ms
[2025-09-23T16:07:44.427+0800][info][gc,cpu      ] GC(201) User=0.12s Sys=0.00s Real=0.02s
[2025-09-23T16:07:44.427+0800][info][gc          ] GC(202) Concurrent Mark Cycle
[2025-09-23T16:07:44.427+0800][info][gc,marking  ] GC(202) Concurrent Scan Root Regions
[2025-09-23T16:07:44.430+0800][info][gc,marking  ] GC(202) Concurrent Scan Root Regions 2.522ms
[2025-09-23T16:07:44.430+0800][info][gc,marking  ] GC(202) Concurrent Mark
[2025-09-23T16:07:44.430+0800][info][gc,marking  ] GC(202) Concurrent Mark From Roots
[2025-09-23T16:07:44.430+0800][info][gc,task     ] GC(202) Using 2 workers of 2 for marking
[2025-09-23T16:07:45.438+0800][info][gc,marking  ] GC(202) Concurrent Mark From Roots 1008.074ms
[2025-09-23T16:07:45.438+0800][info][gc,marking  ] GC(202) Concurrent Preclean
[2025-09-23T16:07:45.438+0800][info][gc,marking  ] GC(202) Concurrent Preclean 0.103ms
[2025-09-23T16:07:45.438+0800][info][gc,start    ] GC(202) Pause Remark
[2025-09-23T16:07:45.439+0800][info][gc          ] GC(202) Pause Remark 2926M->2926M(5360M) 0.865ms
[2025-09-23T16:07:45.439+0800][info][gc,cpu      ] GC(202) User=0.00s Sys=0.00s Real=0.00s
[2025-09-23T16:07:45.439+0800][info][gc,marking  ] GC(202) Concurrent Mark 1009.477ms
[2025-09-23T16:07:45.439+0800][info][gc,marking  ] GC(202) Concurrent Rebuild Remembered Sets and Scrub Regions
[2025-09-23T16:07:45.797+0800][info][gc,marking  ] GC(202) Concurrent Rebuild Remembered Sets and Scrub Regions 358.182ms
[2025-09-23T16:07:45.797+0800][info][gc,start    ] GC(202) Pause Cleanup
[2025-09-23T16:07:45.798+0800][info][gc          ] GC(202) Pause Cleanup 3070M->3070M(5360M) 0.100ms
[2025-09-23T16:07:45.798+0800][info][gc,cpu      ] GC(202) User=0.00s Sys=0.00s Real=0.00s
[2025-09-23T16:07:45.798+0800][info][gc,marking  ] GC(202) Concurrent Clear Claimed Marks
[2025-09-23T16:07:45.798+0800][info][gc,marking  ] GC(202) Concurrent Clear Claimed Marks 0.048ms
[2025-09-23T16:07:45.798+0800][info][gc,marking  ] GC(202) Concurrent Cleanup for Next Mark
[2025-09-23T16:07:45.803+0800][info][gc,marking  ] GC(202) Concurrent Cleanup for Next Mark 5.779ms
[2025-09-23T16:07:45.804+0800][info][gc          ] GC(202) Concurrent Mark Cycle 1376.387ms
[2025-09-23T16:07:48.947+0800][info][gc,start    ] GC(203) Pause Young (Prepare Mixed) (G1 Evacuation Pause)
[2025-09-23T16:07:48.947+0800][info][gc,task     ] GC(203) Using 8 workers of 8 for evacuation
[2025-09-23T16:07:48.963+0800][info][gc,phases   ] GC(203)   Pre Evacuate Collection Set: 0.1ms
[2025-09-23T16:07:48.963+0800][info][gc,phases   ] GC(203)   Merge Heap Roots: 0.5ms
[2025-09-23T16:07:48.963+0800][info][gc,phases   ] GC(203)   Evacuate Collection Set: 14.5ms
[2025-09-23T16:07:48.963+0800][info][gc,phases   ] GC(203)   Post Evacuate Collection Set: 0.5ms
[2025-09-23T16:07:48.963+0800][info][gc,phases   ] GC(203)   Other: 0.0ms
[2025-09-23T16:07:48.963+0800][info][gc,heap     ] GC(203) Eden regions: 160->0(160)
[2025-09-23T16:07:48.963+0800][info][gc,heap     ] GC(203) Survivor regions: 1->1(21)
[2025-09-23T16:07:48.963+0800][info][gc,heap     ] GC(203) Old regions: 146->146
[2025-09-23T16:07:48.963+0800][info][gc,heap     ] GC(203) Humongous regions: 9->9
[2025-09-23T16:07:48.963+0800][info][gc,metaspace] GC(203) Metaspace: 31401K(31936K)->31401K(31936K) NonClass: 26881K(27200K)->26881K(27200K) Class: 4520K(4736K)->4520K(4736K)
[2025-09-23T16:07:48.963+0800][info][gc          ] GC(203) Pause Young (Prepare Mixed) (G1 Evacuation Pause) 5038M->2479M(5360M) 15.767ms
[2025-09-23T16:07:48.963+0800][info][gc,cpu      ] GC(203) User=0.10s Sys=0.00s Real=0.02s
[2025-09-23T16:07:53.009+0800][info][gc,start    ] GC(204) Pause Young (Mixed) (G1 Evacuation Pause)
[2025-09-23T16:07:53.010+0800][info][gc,task     ] GC(204) Using 8 workers of 8 for evacuation
[2025-09-23T16:07:53.040+0800][info][gc,phases   ] GC(204)   Pre Evacuate Collection Set: 0.1ms
[2025-09-23T16:07:53.040+0800][info][gc,phases   ] GC(204)   Merge Heap Roots: 1.3ms
[2025-09-23T16:07:53.040+0800][info][gc,phases   ] GC(204)   Evacuate Collection Set: 28.4ms
[2025-09-23T16:07:53.040+0800][info][gc,phases   ] GC(204)   Post Evacuate Collection Set: 0.4ms
[2025-09-23T16:07:53.040+0800][info][gc,phases   ] GC(204)   Other: 0.1ms
[2025-09-23T16:07:53.040+0800][info][gc,heap     ] GC(204) Eden regions: 160->0(160)
[2025-09-23T16:07:53.040+0800][info][gc,heap     ] GC(204) Survivor regions: 1->1(21)
[2025-09-23T16:07:53.040+0800][info][gc,heap     ] GC(204) Old regions: 146->146
[2025-09-23T16:07:53.040+0800][info][gc,heap     ] GC(204) Humongous regions: 9->9
[2025-09-23T16:07:53.040+0800][info][gc,metaspace] GC(204) Metaspace: 31401K(31936K)->31401K(31936K) NonClass: 26881K(27200K)->26881K(27200K) Class: 4520K(4736K)->4520K(4736K)
[2025-09-23T16:07:53.040+0800][info][gc          ] GC(204) Pause Young (Mixed) (G1 Evacuation Pause) 5039M->2477M(5360M) 30.439ms
[2025-09-23T16:07:53.040+0800][info][gc,cpu      ] GC(204) User=0.22s Sys=0.00s Real=0.03s
[2025-09-23T16:07:57.071+0800][info][gc,start    ] GC(205) Pause Young (Concurrent Start) (G1 Evacuation Pause)
[2025-09-23T16:07:57.072+0800][info][gc,task     ] GC(205) Using 8 workers of 8 for evacuation
[2025-09-23T16:07:57.085+0800][info][gc,phases   ] GC(205)   Pre Evacuate Collection Set: 0.1ms
[2025-09-23T16:07:57.085+0800][info][gc,phases   ] GC(205)   Merge Heap Roots: 0.3ms
[2025-09-23T16:07:57.085+0800][info][gc,phases   ] GC(205)   Evacuate Collection Set: 12.4ms
[2025-09-23T16:07:57.085+0800][info][gc,phases   ] GC(205)   Post Evacuate Collection Set: 0.4ms
[2025-09-23T16:07:57.085+0800][info][gc,phases   ] GC(205)   Other: 0.1ms
[2025-09-23T16:07:57.085+0800][info][gc,heap     ] GC(205) Eden regions: 160->0(160)
[2025-09-23T16:07:57.085+0800][info][gc,heap     ] GC(205) Survivor regions: 1->1(21)
[2025-09-23T16:07:57.085+0800][info][gc,heap     ] GC(205) Old regions: 146->146
[2025-09-23T16:07:57.085+0800][info][gc,heap     ] GC(205) Humongous regions: 9->9
[2025-09-23T16:07:57.085+0800][info][gc,metaspace] GC(205) Metaspace: 31401K(31936K)->31401K(31936K) NonClass: 26881K(27200K)->26881K(27200K) Class: 4520K(4736K)->4520K(4736K)
[2025-09-23T16:07:57.085+0800][info][gc          ] GC(205) Pause Young (Concurrent Start) (G1 Evacuation Pause) 5037M->2479M(5360M) 13.578ms
[2025-09-23T16:07:57.085+0800][info][gc,cpu      ] GC(205) User=0.11s Sys=0.00s Real=0.02s
[2025-09-23T16:07:57.085+0800][info][gc          ] GC(206) Concurrent Mark Cycle
[2025-09-23T16:07:57.085+0800][info][gc,marking  ] GC(206) Concurrent Scan Root Regions
[2025-09-23T16:07:57.089+0800][info][gc,marking  ] GC(206) Concurrent Scan Root Regions 3.664ms
[2025-09-23T16:07:57.089+0800][info][gc,marking  ] GC(206) Concurrent Mark
[2025-09-23T16:07:57.089+0800][info][gc,marking  ] GC(206) Concurrent Mark From Roots
[2025-09-23T16:07:57.089+0800][info][gc,task     ] GC(206) Using 2 workers of 2 for marking
[2025-09-23T16:07:58.169+0800][info][gc,marking  ] GC(206) Concurrent Mark From Roots 1080.621ms
[2025-09-23T16:07:58.169+0800][info][gc,marking  ] GC(206) Concurrent Preclean
[2025-09-23T16:07:58.170+0800][info][gc,marking  ] GC(206) Concurrent Preclean 0.102ms
[2025-09-23T16:07:58.170+0800][info][gc,start    ] GC(206) Pause Remark
[2025-09-23T16:07:58.171+0800][info][gc          ] GC(206) Pause Remark 2950M->2950M(5360M) 0.877ms
[2025-09-23T16:07:58.171+0800][info][gc,cpu      ] GC(206) User=0.00s Sys=0.00s Real=0.00s
[2025-09-23T16:07:58.171+0800][info][gc,marking  ] GC(206) Concurrent Mark 1081.822ms
[2025-09-23T16:07:58.171+0800][info][gc,marking  ] GC(206) Concurrent Rebuild Remembered Sets and Scrub Regions
[2025-09-23T16:07:58.530+0800][info][gc,marking  ] GC(206) Concurrent Rebuild Remembered Sets and Scrub Regions 359.104ms
[2025-09-23T16:07:58.530+0800][info][gc,start    ] GC(206) Pause Cleanup
[2025-09-23T16:07:58.530+0800][info][gc          ] GC(206) Pause Cleanup 3100M->3100M(5360M) 0.090ms
[2025-09-23T16:07:58.530+0800][info][gc,cpu      ] GC(206) User=0.00s Sys=0.00s Real=0.00s
[2025-09-23T16:07:58.530+0800][info][gc,marking  ] GC(206) Concurrent Clear Claimed Marks
[2025-09-23T16:07:58.530+0800][info][gc,marking  ] GC(206) Concurrent Clear Claimed Marks 0.045ms
[2025-09-23T16:07:58.530+0800][info][gc,marking  ] GC(206) Concurrent Cleanup for Next Mark
[2025-09-23T16:07:58.534+0800][info][gc,marking  ] GC(206) Concurrent Cleanup for Next Mark 4.364ms
[2025-09-23T16:07:58.534+0800][info][gc          ] GC(206) Concurrent Mark Cycle 1449.407ms
[2025-09-23T16:08:01.598+0800][info][gc,start    ] GC(207) Pause Young (Prepare Mixed) (G1 Evacuation Pause)
[2025-09-23T16:08:01.598+0800][info][gc,task     ] GC(207) Using 8 workers of 8 for evacuation
[2025-09-23T16:08:01.612+0800][info][gc,phases   ] GC(207)   Pre Evacuate Collection Set: 0.1ms
[2025-09-23T16:08:01.612+0800][info][gc,phases   ] GC(207)   Merge Heap Roots: 0.4ms
[2025-09-23T16:08:01.612+0800][info][gc,phases   ] GC(207)   Evacuate Collection Set: 12.6ms
[2025-09-23T16:08:01.612+0800][info][gc,phases   ] GC(207)   Post Evacuate Collection Set: 0.4ms
[2025-09-23T16:08:01.612+0800][info][gc,phases   ] GC(207)   Other: 0.0ms
[2025-09-23T16:08:01.612+0800][info][gc,heap     ] GC(207) Eden regions: 160->0(160)
[2025-09-23T16:08:01.612+0800][info][gc,heap     ] GC(207) Survivor regions: 1->1(21)
[2025-09-23T16:08:01.612+0800][info][gc,heap     ] GC(207) Old regions: 146->146
[2025-09-23T16:08:01.612+0800][info][gc,heap     ] GC(207) Humongous regions: 9->9
[2025-09-23T16:08:01.612+0800][info][gc,metaspace] GC(207) Metaspace: 31401K(31936K)->31401K(31936K) NonClass: 26881K(27200K)->26881K(27200K) Class: 4520K(4736K)->4520K(4736K)
[2025-09-23T16:08:01.612+0800][info][gc          ] GC(207) Pause Young (Prepare Mixed) (G1 Evacuation Pause) 5039M->2479M(5360M) 13.679ms
[2025-09-23T16:08:01.612+0800][info][gc,cpu      ] GC(207) User=0.09s Sys=0.00s Real=0.01s
[2025-09-23T16:08:05.600+0800][info][gc,start    ] GC(208) Pause Young (Mixed) (G1 Evacuation Pause)
[2025-09-23T16:08:05.600+0800][info][gc,task     ] GC(208) Using 8 workers of 8 for evacuation
[2025-09-23T16:08:05.627+0800][info][gc,phases   ] GC(208)   Pre Evacuate Collection Set: 0.1ms
[2025-09-23T16:08:05.627+0800][info][gc,phases   ] GC(208)   Merge Heap Roots: 0.9ms
[2025-09-23T16:08:05.627+0800][info][gc,phases   ] GC(208)   Evacuate Collection Set: 25.2ms
[2025-09-23T16:08:05.627+0800][info][gc,phases   ] GC(208)   Post Evacuate Collection Set: 0.4ms
[2025-09-23T16:08:05.627+0800][info][gc,phases   ] GC(208)   Other: 0.0ms
[2025-09-23T16:08:05.627+0800][info][gc,heap     ] GC(208) Eden regions: 160->0(160)
[2025-09-23T16:08:05.627+0800][info][gc,heap     ] GC(208) Survivor regions: 1->1(21)
[2025-09-23T16:08:05.627+0800][info][gc,heap     ] GC(208) Old regions: 146->146
[2025-09-23T16:08:05.627+0800][info][gc,heap     ] GC(208) Humongous regions: 9->9
[2025-09-23T16:08:05.627+0800][info][gc,metaspace] GC(208) Metaspace: 31401K(31936K)->31401K(31936K) NonClass: 26881K(27200K)->26881K(27200K) Class: 4520K(4736K)->4520K(4736K)
[2025-09-23T16:08:05.627+0800][info][gc          ] GC(208) Pause Young (Mixed) (G1 Evacuation Pause) 5039M->2478M(5360M) 26.847ms
[2025-09-23T16:08:05.627+0800][info][gc,cpu      ] GC(208) User=0.21s Sys=0.00s Real=0.03s
[2025-09-23T16:08:09.665+0800][info][gc,start    ] GC(209) Pause Young (Concurrent Start) (G1 Evacuation Pause)
[2025-09-23T16:08:09.665+0800][info][gc,task     ] GC(209) Using 8 workers of 8 for evacuation
[2025-09-23T16:08:09.677+0800][info][gc,phases   ] GC(209)   Pre Evacuate Collection Set: 0.1ms
[2025-09-23T16:08:09.677+0800][info][gc,phases   ] GC(209)   Merge Heap Roots: 0.3ms
[2025-09-23T16:08:09.677+0800][info][gc,phases   ] GC(209)   Evacuate Collection Set: 11.0ms
[2025-09-23T16:08:09.677+0800][info][gc,phases   ] GC(209)   Post Evacuate Collection Set: 0.4ms
[2025-09-23T16:08:09.677+0800][info][gc,phases   ] GC(209)   Other: 0.0ms
[2025-09-23T16:08:09.677+0800][info][gc,heap     ] GC(209) Eden regions: 160->0(160)
[2025-09-23T16:08:09.677+0800][info][gc,heap     ] GC(209) Survivor regions: 1->1(21)
[2025-09-23T16:08:09.677+0800][info][gc,heap     ] GC(209) Old regions: 146->146
[2025-09-23T16:08:09.677+0800][info][gc,heap     ] GC(209) Humongous regions: 9->9
[2025-09-23T16:08:09.677+0800][info][gc,metaspace] GC(209) Metaspace: 31401K(31936K)->31401K(31936K) NonClass: 26881K(27200K)->26881K(27200K) Class: 4520K(4736K)->4520K(4736K)
[2025-09-23T16:08:09.677+0800][info][gc          ] GC(209) Pause Young (Concurrent Start) (G1 Evacuation Pause) 5038M->2480M(5360M) 11.958ms
[2025-09-23T16:08:09.677+0800][info][gc,cpu      ] GC(209) User=0.09s Sys=0.00s Real=0.01s
[2025-09-23T16:08:09.677+0800][info][gc          ] GC(210) Concurrent Mark Cycle
[2025-09-23T16:08:09.677+0800][info][gc,marking  ] GC(210) Concurrent Scan Root Regions
[2025-09-23T16:08:09.680+0800][info][gc,marking  ] GC(210) Concurrent Scan Root Regions 3.195ms
[2025-09-23T16:08:09.680+0800][info][gc,marking  ] GC(210) Concurrent Mark
[2025-09-23T16:08:09.680+0800][info][gc,marking  ] GC(210) Concurrent Mark From Roots
[2025-09-23T16:08:09.680+0800][info][gc,task     ] GC(210) Using 2 workers of 2 for marking
[2025-09-23T16:08:10.705+0800][info][gc,marking  ] GC(210) Concurrent Mark From Roots 1024.642ms
[2025-09-23T16:08:10.705+0800][info][gc,marking  ] GC(210) Concurrent Preclean
[2025-09-23T16:08:10.705+0800][info][gc,marking  ] GC(210) Concurrent Preclean 0.086ms
[2025-09-23T16:08:10.705+0800][info][gc,start    ] GC(210) Pause Remark
[2025-09-23T16:08:10.706+0800][info][gc          ] GC(210) Pause Remark 2940M->2940M(5360M) 0.887ms
[2025-09-23T16:08:10.706+0800][info][gc,cpu      ] GC(210) User=0.01s Sys=0.00s Real=0.00s
[2025-09-23T16:08:10.706+0800][info][gc,marking  ] GC(210) Concurrent Mark 1025.806ms
[2025-09-23T16:08:10.706+0800][info][gc,marking  ] GC(210) Concurrent Rebuild Remembered Sets and Scrub Regions
[2025-09-23T16:08:11.053+0800][info][gc,marking  ] GC(210) Concurrent Rebuild Remembered Sets and Scrub Regions 346.795ms
[2025-09-23T16:08:11.053+0800][info][gc,start    ] GC(210) Pause Cleanup
[2025-09-23T16:08:11.053+0800][info][gc          ] GC(210) Pause Cleanup 3094M->3094M(5360M) 0.097ms
[2025-09-23T16:08:11.053+0800][info][gc,cpu      ] GC(210) User=0.00s Sys=0.00s Real=0.00s
[2025-09-23T16:08:11.053+0800][info][gc,marking  ] GC(210) Concurrent Clear Claimed Marks
[2025-09-23T16:08:11.053+0800][info][gc,marking  ] GC(210) Concurrent Clear Claimed Marks 0.053ms
[2025-09-23T16:08:11.053+0800][info][gc,marking  ] GC(210) Concurrent Cleanup for Next Mark
[2025-09-23T16:08:11.057+0800][info][gc,marking  ] GC(210) Concurrent Cleanup for Next Mark 4.036ms
[2025-09-23T16:08:11.057+0800][info][gc          ] GC(210) Concurrent Mark Cycle 1380.270ms
[2025-09-23T16:08:14.154+0800][info][gc,start    ] GC(211) Pause Young (Prepare Mixed) (GCLocker Initiated GC)
[2025-09-23T16:08:14.154+0800][info][gc,task     ] GC(211) Using 8 workers of 8 for evacuation
[2025-09-23T16:08:14.167+0800][info][gc,phases   ] GC(211)   Pre Evacuate Collection Set: 0.1ms
[2025-09-23T16:08:14.167+0800][info][gc,phases   ] GC(211)   Merge Heap Roots: 0.4ms
[2025-09-23T16:08:14.167+0800][info][gc,phases   ] GC(211)   Evacuate Collection Set: 11.3ms
[2025-09-23T16:08:14.167+0800][info][gc,phases   ] GC(211)   Post Evacuate Collection Set: 0.4ms
[2025-09-23T16:08:14.167+0800][info][gc,phases   ] GC(211)   Other: 0.0ms
[2025-09-23T16:08:14.167+0800][info][gc,heap     ] GC(211) Eden regions: 160->0(160)
[2025-09-23T16:08:14.167+0800][info][gc,heap     ] GC(211) Survivor regions: 1->1(21)
[2025-09-23T16:08:14.167+0800][info][gc,heap     ] GC(211) Old regions: 146->146
[2025-09-23T16:08:14.167+0800][info][gc,heap     ] GC(211) Humongous regions: 9->9
[2025-09-23T16:08:14.167+0800][info][gc,metaspace] GC(211) Metaspace: 31401K(31936K)->31401K(31936K) NonClass: 26881K(27200K)->26881K(27200K) Class: 4520K(4736K)->4520K(4736K)
[2025-09-23T16:08:14.167+0800][info][gc          ] GC(211) Pause Young (Prepare Mixed) (GCLocker Initiated GC) 5040M->2480M(5360M) 12.346ms
[2025-09-23T16:08:14.167+0800][info][gc,cpu      ] GC(211) User=0.09s Sys=0.00s Real=0.02s
[2025-09-23T16:08:18.236+0800][info][gc,start    ] GC(212) Pause Young (Mixed) (GCLocker Initiated GC)
[2025-09-23T16:08:18.236+0800][info][gc,task     ] GC(212) Using 8 workers of 8 for evacuation
[2025-09-23T16:08:18.264+0800][info][gc,phases   ] GC(212)   Pre Evacuate Collection Set: 0.1ms
[2025-09-23T16:08:18.264+0800][info][gc,phases   ] GC(212)   Merge Heap Roots: 1.2ms
[2025-09-23T16:08:18.264+0800][info][gc,phases   ] GC(212)   Evacuate Collection Set: 26.2ms
[2025-09-23T16:08:18.264+0800][info][gc,phases   ] GC(212)   Post Evacuate Collection Set: 0.4ms
[2025-09-23T16:08:18.264+0800][info][gc,phases   ] GC(212)   Other: 0.0ms
[2025-09-23T16:08:18.264+0800][info][gc,heap     ] GC(212) Eden regions: 160->0(160)
[2025-09-23T16:08:18.264+0800][info][gc,heap     ] GC(212) Survivor regions: 1->1(21)
[2025-09-23T16:08:18.264+0800][info][gc,heap     ] GC(212) Old regions: 146->146
[2025-09-23T16:08:18.264+0800][info][gc,heap     ] GC(212) Humongous regions: 9->9
[2025-09-23T16:08:18.264+0800][info][gc,metaspace] GC(212) Metaspace: 31401K(31936K)->31401K(31936K) NonClass: 26881K(27200K)->26881K(27200K) Class: 4520K(4736K)->4520K(4736K)
[2025-09-23T16:08:18.264+0800][info][gc          ] GC(212) Pause Young (Mixed) (GCLocker Initiated GC) 5040M->2478M(5360M) 28.023ms
[2025-09-23T16:08:18.264+0800][info][gc,cpu      ] GC(212) User=0.22s Sys=0.00s Real=0.03s
[2025-09-23T16:08:22.265+0800][info][gc,start    ] GC(213) Pause Young (Concurrent Start) (G1 Evacuation Pause)
[2025-09-23T16:08:22.265+0800][info][gc,task     ] GC(213) Using 8 workers of 8 for evacuation
[2025-09-23T16:08:22.275+0800][info][gc,phases   ] GC(213)   Pre Evacuate Collection Set: 0.1ms
[2025-09-23T16:08:22.275+0800][info][gc,phases   ] GC(213)   Merge Heap Roots: 0.3ms
[2025-09-23T16:08:22.275+0800][info][gc,phases   ] GC(213)   Evacuate Collection Set: 9.7ms
[2025-09-23T16:08:22.275+0800][info][gc,phases   ] GC(213)   Post Evacuate Collection Set: 0.4ms
[2025-09-23T16:08:22.275+0800][info][gc,phases   ] GC(213)   Other: 0.0ms
[2025-09-23T16:08:22.275+0800][info][gc,heap     ] GC(213) Eden regions: 160->0(160)
[2025-09-23T16:08:22.275+0800][info][gc,heap     ] GC(213) Survivor regions: 1->1(21)
[2025-09-23T16:08:22.275+0800][info][gc,heap     ] GC(213) Old regions: 146->146
[2025-09-23T16:08:22.275+0800][info][gc,heap     ] GC(213) Humongous regions: 9->9
[2025-09-23T16:08:22.275+0800][info][gc,metaspace] GC(213) Metaspace: 31401K(31936K)->31401K(31936K) NonClass: 26881K(27200K)->26881K(27200K) Class: 4520K(4736K)->4520K(4736K)
[2025-09-23T16:08:22.275+0800][info][gc          ] GC(213) Pause Young (Concurrent Start) (G1 Evacuation Pause) 5038M->2480M(5360M) 10.654ms
[2025-09-23T16:08:22.275+0800][info][gc,cpu      ] GC(213) User=0.08s Sys=0.00s Real=0.01s
[2025-09-23T16:08:22.275+0800][info][gc          ] GC(214) Concurrent Mark Cycle
[2025-09-23T16:08:22.275+0800][info][gc,marking  ] GC(214) Concurrent Scan Root Regions
[2025-09-23T16:08:22.277+0800][info][gc,marking  ] GC(214) Concurrent Scan Root Regions 1.645ms
[2025-09-23T16:08:22.277+0800][info][gc,marking  ] GC(214) Concurrent Mark
[2025-09-23T16:08:22.277+0800][info][gc,marking  ] GC(214) Concurrent Mark From Roots
[2025-09-23T16:08:22.277+0800][info][gc,task     ] GC(214) Using 2 workers of 2 for marking
[2025-09-23T16:08:23.273+0800][info][gc,marking  ] GC(214) Concurrent Mark From Roots 995.934ms
[2025-09-23T16:08:23.273+0800][info][gc,marking  ] GC(214) Concurrent Preclean
[2025-09-23T16:08:23.273+0800][info][gc,marking  ] GC(214) Concurrent Preclean 0.089ms
[2025-09-23T16:08:23.273+0800][info][gc,start    ] GC(214) Pause Remark
[2025-09-23T16:08:23.274+0800][info][gc          ] GC(214) Pause Remark 2919M->2919M(5360M) 0.901ms
[2025-09-23T16:08:23.274+0800][info][gc,cpu      ] GC(214) User=0.00s Sys=0.00s Real=0.00s
[2025-09-23T16:08:23.274+0800][info][gc,marking  ] GC(214) Concurrent Mark 997.145ms
[2025-09-23T16:08:23.274+0800][info][gc,marking  ] GC(214) Concurrent Rebuild Remembered Sets and Scrub Regions
[2025-09-23T16:08:23.619+0800][info][gc,marking  ] GC(214) Concurrent Rebuild Remembered Sets and Scrub Regions 344.915ms
[2025-09-23T16:08:23.619+0800][info][gc,start    ] GC(214) Pause Cleanup
[2025-09-23T16:08:23.619+0800][info][gc          ] GC(214) Pause Cleanup 3069M->3069M(5360M) 0.097ms
[2025-09-23T16:08:23.619+0800][info][gc,cpu      ] GC(214) User=0.00s Sys=0.00s Real=0.00s
[2025-09-23T16:08:23.619+0800][info][gc,marking  ] GC(214) Concurrent Clear Claimed Marks
[2025-09-23T16:08:23.619+0800][info][gc,marking  ] GC(214) Concurrent Clear Claimed Marks 0.072ms
[2025-09-23T16:08:23.619+0800][info][gc,marking  ] GC(214) Concurrent Cleanup for Next Mark
[2025-09-23T16:08:23.624+0800][info][gc,marking  ] GC(214) Concurrent Cleanup for Next Mark 4.339ms
[2025-09-23T16:08:23.624+0800][info][gc          ] GC(214) Concurrent Mark Cycle 1348.495ms
[2025-09-23T16:08:26.758+0800][info][gc,start    ] GC(215) Pause Young (Prepare Mixed) (G1 Evacuation Pause)
[2025-09-23T16:08:26.758+0800][info][gc,task     ] GC(215) Using 8 workers of 8 for evacuation
[2025-09-23T16:08:26.769+0800][info][gc,phases   ] GC(215)   Pre Evacuate Collection Set: 0.1ms
[2025-09-23T16:08:26.769+0800][info][gc,phases   ] GC(215)   Merge Heap Roots: 0.3ms
[2025-09-23T16:08:26.769+0800][info][gc,phases   ] GC(215)   Evacuate Collection Set: 9.9ms
[2025-09-23T16:08:26.769+0800][info][gc,phases   ] GC(215)   Post Evacuate Collection Set: 0.4ms
[2025-09-23T16:08:26.769+0800][info][gc,phases   ] GC(215)   Other: 0.1ms
[2025-09-23T16:08:26.769+0800][info][gc,heap     ] GC(215) Eden regions: 160->0(160)
[2025-09-23T16:08:26.769+0800][info][gc,heap     ] GC(215) Survivor regions: 1->1(21)
[2025-09-23T16:08:26.769+0800][info][gc,heap     ] GC(215) Old regions: 146->146
[2025-09-23T16:08:26.769+0800][info][gc,heap     ] GC(215) Humongous regions: 9->9
[2025-09-23T16:08:26.769+0800][info][gc,metaspace] GC(215) Metaspace: 31401K(31936K)->31401K(31936K) NonClass: 26881K(27200K)->26881K(27200K) Class: 4520K(4736K)->4520K(4736K)
[2025-09-23T16:08:26.769+0800][info][gc          ] GC(215) Pause Young (Prepare Mixed) (G1 Evacuation Pause) 5040M->2480M(5360M) 10.855ms
[2025-09-23T16:08:26.769+0800][info][gc,cpu      ] GC(215) User=0.08s Sys=0.00s Real=0.01s
[2025-09-23T16:08:30.827+0800][info][gc,start    ] GC(216) Pause Young (Mixed) (G1 Evacuation Pause)
[2025-09-23T16:08:30.827+0800][info][gc,task     ] GC(216) Using 8 workers of 8 for evacuation
[2025-09-23T16:08:30.858+0800][info][gc,phases   ] GC(216)   Pre Evacuate Collection Set: 0.1ms
[2025-09-23T16:08:30.858+0800][info][gc,phases   ] GC(216)   Merge Heap Roots: 1.2ms
[2025-09-23T16:08:30.858+0800][info][gc,phases   ] GC(216)   Evacuate Collection Set: 28.8ms
[2025-09-23T16:08:30.858+0800][info][gc,phases   ] GC(216)   Post Evacuate Collection Set: 0.4ms
[2025-09-23T16:08:30.858+0800][info][gc,phases   ] GC(216)   Other: 0.0ms
[2025-09-23T16:08:30.858+0800][info][gc,heap     ] GC(216) Eden regions: 160->0(160)
[2025-09-23T16:08:30.858+0800][info][gc,heap     ] GC(216) Survivor regions: 1->1(21)
[2025-09-23T16:08:30.858+0800][info][gc,heap     ] GC(216) Old regions: 146->146
[2025-09-23T16:08:30.858+0800][info][gc,heap     ] GC(216) Humongous regions: 9->9
[2025-09-23T16:08:30.858+0800][info][gc,metaspace] GC(216) Metaspace: 31401K(31936K)->31401K(31936K) NonClass: 26881K(27200K)->26881K(27200K) Class: 4520K(4736K)->4520K(4736K)
[2025-09-23T16:08:30.858+0800][info][gc          ] GC(216) Pause Young (Mixed) (G1 Evacuation Pause) 5040M->2479M(5360M) 30.659ms
[2025-09-23T16:08:30.858+0800][info][gc,cpu      ] GC(216) User=0.23s Sys=0.00s Real=0.03s
[2025-09-23T16:08:34.874+0800][info][gc,start    ] GC(217) Pause Young (Concurrent Start) (G1 Evacuation Pause)
[2025-09-23T16:08:34.874+0800][info][gc,task     ] GC(217) Using 8 workers of 8 for evacuation
[2025-09-23T16:08:34.883+0800][info][gc,phases   ] GC(217)   Pre Evacuate Collection Set: 0.1ms
[2025-09-23T16:08:34.883+0800][info][gc,phases   ] GC(217)   Merge Heap Roots: 0.2ms
[2025-09-23T16:08:34.883+0800][info][gc,phases   ] GC(217)   Evacuate Collection Set: 8.7ms
[2025-09-23T16:08:34.883+0800][info][gc,phases   ] GC(217)   Post Evacuate Collection Set: 0.4ms
[2025-09-23T16:08:34.883+0800][info][gc,phases   ] GC(217)   Other: 0.0ms
[2025-09-23T16:08:34.883+0800][info][gc,heap     ] GC(217) Eden regions: 160->0(160)
[2025-09-23T16:08:34.883+0800][info][gc,heap     ] GC(217) Survivor regions: 1->1(21)
[2025-09-23T16:08:34.883+0800][info][gc,heap     ] GC(217) Old regions: 146->146
[2025-09-23T16:08:34.883+0800][info][gc,heap     ] GC(217) Humongous regions: 9->9
[2025-09-23T16:08:34.883+0800][info][gc,metaspace] GC(217) Metaspace: 31401K(31936K)->31401K(31936K) NonClass: 26881K(27200K)->26881K(27200K) Class: 4520K(4736K)->4520K(4736K)
[2025-09-23T16:08:34.883+0800][info][gc          ] GC(217) Pause Young (Concurrent Start) (G1 Evacuation Pause) 5039M->2480M(5360M) 9.612ms
[2025-09-23T16:08:34.883+0800][info][gc,cpu      ] GC(217) User=0.06s Sys=0.01s Real=0.02s
[2025-09-23T16:08:34.883+0800][info][gc          ] GC(218) Concurrent Mark Cycle
[2025-09-23T16:08:34.883+0800][info][gc,marking  ] GC(218) Concurrent Scan Root Regions
[2025-09-23T16:08:34.886+0800][info][gc,marking  ] GC(218) Concurrent Scan Root Regions 2.811ms
[2025-09-23T16:08:34.886+0800][info][gc,marking  ] GC(218) Concurrent Mark
[2025-09-23T16:08:34.886+0800][info][gc,marking  ] GC(218) Concurrent Mark From Roots
[2025-09-23T16:08:34.886+0800][info][gc,task     ] GC(218) Using 2 workers of 2 for marking
[2025-09-23T16:08:35.923+0800][info][gc,marking  ] GC(218) Concurrent Mark From Roots 1036.776ms
[2025-09-23T16:08:35.923+0800][info][gc,marking  ] GC(218) Concurrent Preclean
[2025-09-23T16:08:35.923+0800][info][gc,marking  ] GC(218) Concurrent Preclean 0.082ms
[2025-09-23T16:08:35.923+0800][info][gc,start    ] GC(218) Pause Remark
[2025-09-23T16:08:35.924+0800][info][gc          ] GC(218) Pause Remark 2935M->2935M(5360M) 0.880ms
[2025-09-23T16:08:35.924+0800][info][gc,cpu      ] GC(218) User=0.00s Sys=0.00s Real=0.00s
[2025-09-23T16:08:35.924+0800][info][gc,marking  ] GC(218) Concurrent Mark 1037.938ms
[2025-09-23T16:08:35.924+0800][info][gc,marking  ] GC(218) Concurrent Rebuild Remembered Sets and Scrub Regions
[2025-09-23T16:08:36.263+0800][info][gc,marking  ] GC(218) Concurrent Rebuild Remembered Sets and Scrub Regions 338.655ms
[2025-09-23T16:08:36.263+0800][info][gc,start    ] GC(218) Pause Cleanup
[2025-09-23T16:08:36.263+0800][info][gc          ] GC(218) Pause Cleanup 3085M->3085M(5360M) 0.092ms
[2025-09-23T16:08:36.263+0800][info][gc,cpu      ] GC(218) User=0.00s Sys=0.00s Real=0.00s
[2025-09-23T16:08:36.263+0800][info][gc,marking  ] GC(218) Concurrent Clear Claimed Marks
[2025-09-23T16:08:36.263+0800][info][gc,marking  ] GC(218) Concurrent Clear Claimed Marks 0.048ms
[2025-09-23T16:08:36.263+0800][info][gc,marking  ] GC(218) Concurrent Cleanup for Next Mark
[2025-09-23T16:08:36.268+0800][info][gc,marking  ] GC(218) Concurrent Cleanup for Next Mark 5.155ms
[2025-09-23T16:08:36.268+0800][info][gc          ] GC(218) Concurrent Mark Cycle 1385.001ms
[2025-09-23T16:08:39.400+0800][info][gc,start    ] GC(219) Pause Young (Prepare Mixed) (G1 Evacuation Pause)
[2025-09-23T16:08:39.400+0800][info][gc,task     ] GC(219) Using 8 workers of 8 for evacuation
[2025-09-23T16:08:39.410+0800][info][gc,phases   ] GC(219)   Pre Evacuate Collection Set: 0.1ms
[2025-09-23T16:08:39.410+0800][info][gc,phases   ] GC(219)   Merge Heap Roots: 0.3ms
[2025-09-23T16:08:39.410+0800][info][gc,phases   ] GC(219)   Evacuate Collection Set: 8.4ms
[2025-09-23T16:08:39.410+0800][info][gc,phases   ] GC(219)   Post Evacuate Collection Set: 0.4ms
[2025-09-23T16:08:39.410+0800][info][gc,phases   ] GC(219)   Other: 0.0ms
[2025-09-23T16:08:39.410+0800][info][gc,heap     ] GC(219) Eden regions: 160->0(160)
[2025-09-23T16:08:39.410+0800][info][gc,heap     ] GC(219) Survivor regions: 1->1(21)
[2025-09-23T16:08:39.410+0800][info][gc,heap     ] GC(219) Old regions: 146->146
[2025-09-23T16:08:39.410+0800][info][gc,heap     ] GC(219) Humongous regions: 9->9
[2025-09-23T16:08:39.410+0800][info][gc,metaspace] GC(219) Metaspace: 31401K(31936K)->31401K(31936K) NonClass: 26881K(27200K)->26881K(27200K) Class: 4520K(4736K)->4520K(4736K)
[2025-09-23T16:08:39.410+0800][info][gc          ] GC(219) Pause Young (Prepare Mixed) (G1 Evacuation Pause) 5040M->2481M(5360M) 9.332ms
[2025-09-23T16:08:39.410+0800][info][gc,cpu      ] GC(219) User=0.07s Sys=0.00s Real=0.01s
[2025-09-23T16:08:43.406+0800][info][gc,start    ] GC(220) Pause Young (Mixed) (G1 Evacuation Pause)
[2025-09-23T16:08:43.406+0800][info][gc,task     ] GC(220) Using 8 workers of 8 for evacuation
[2025-09-23T16:08:43.431+0800][info][gc,phases   ] GC(220)   Pre Evacuate Collection Set: 0.1ms
[2025-09-23T16:08:43.431+0800][info][gc,phases   ] GC(220)   Merge Heap Roots: 1.1ms
[2025-09-23T16:08:43.431+0800][info][gc,phases   ] GC(220)   Evacuate Collection Set: 23.7ms
[2025-09-23T16:08:43.431+0800][info][gc,phases   ] GC(220)   Post Evacuate Collection Set: 0.4ms
[2025-09-23T16:08:43.431+0800][info][gc,phases   ] GC(220)   Other: 0.0ms
[2025-09-23T16:08:43.432+0800][info][gc,heap     ] GC(220) Eden regions: 160->0(160)
[2025-09-23T16:08:43.432+0800][info][gc,heap     ] GC(220) Survivor regions: 1->1(21)
[2025-09-23T16:08:43.432+0800][info][gc,heap     ] GC(220) Old regions: 146->146
[2025-09-23T16:08:43.432+0800][info][gc,heap     ] GC(220) Humongous regions: 9->9
[2025-09-23T16:08:43.432+0800][info][gc,metaspace] GC(220) Metaspace: 31401K(31936K)->31401K(31936K) NonClass: 26881K(27200K)->26881K(27200K) Class: 4520K(4736K)->4520K(4736K)
[2025-09-23T16:08:43.432+0800][info][gc          ] GC(220) Pause Young (Mixed) (G1 Evacuation Pause) 5041M->2479M(5360M) 25.442ms
[2025-09-23T16:08:43.432+0800][info][gc,cpu      ] GC(220) User=0.19s Sys=0.00s Real=0.02s
[2025-09-23T16:08:47.433+0800][info][gc,start    ] GC(221) Pause Young (Concurrent Start) (G1 Evacuation Pause)
[2025-09-23T16:08:47.433+0800][info][gc,task     ] GC(221) Using 8 workers of 8 for evacuation
[2025-09-23T16:08:47.441+0800][info][gc,phases   ] GC(221)   Pre Evacuate Collection Set: 0.1ms
[2025-09-23T16:08:47.441+0800][info][gc,phases   ] GC(221)   Merge Heap Roots: 0.2ms
[2025-09-23T16:08:47.441+0800][info][gc,phases   ] GC(221)   Evacuate Collection Set: 7.7ms
[2025-09-23T16:08:47.441+0800][info][gc,phases   ] GC(221)   Post Evacuate Collection Set: 0.4ms
[2025-09-23T16:08:47.441+0800][info][gc,phases   ] GC(221)   Other: 0.0ms
[2025-09-23T16:08:47.442+0800][info][gc,heap     ] GC(221) Eden regions: 160->0(160)
[2025-09-23T16:08:47.442+0800][info][gc,heap     ] GC(221) Survivor regions: 1->1(21)
[2025-09-23T16:08:47.442+0800][info][gc,heap     ] GC(221) Old regions: 146->146
[2025-09-23T16:08:47.442+0800][info][gc,heap     ] GC(221) Humongous regions: 9->9
[2025-09-23T16:08:47.442+0800][info][gc,metaspace] GC(221) Metaspace: 31401K(31936K)->31401K(31936K) NonClass: 26881K(27200K)->26881K(27200K) Class: 4520K(4736K)->4520K(4736K)
[2025-09-23T16:08:47.442+0800][info][gc          ] GC(221) Pause Young (Concurrent Start) (G1 Evacuation Pause) 5039M->2481M(5360M) 8.529ms
[2025-09-23T16:08:47.442+0800][info][gc          ] GC(222) Concurrent Mark Cycle
[2025-09-23T16:08:47.442+0800][info][gc,marking  ] GC(222) Concurrent Scan Root Regions
[2025-09-23T16:08:47.442+0800][info][gc,cpu      ] GC(221) User=0.06s Sys=0.00s Real=0.01s
[2025-09-23T16:08:47.444+0800][info][gc,marking  ] GC(222) Concurrent Scan Root Regions 2.347ms
[2025-09-23T16:08:47.444+0800][info][gc,marking  ] GC(222) Concurrent Mark
[2025-09-23T16:08:47.444+0800][info][gc,marking  ] GC(222) Concurrent Mark From Roots
[2025-09-23T16:08:47.444+0800][info][gc,task     ] GC(222) Using 2 workers of 2 for marking
[2025-09-23T16:08:48.479+0800][info][gc,marking  ] GC(222) Concurrent Mark From Roots 1035.163ms
[2025-09-23T16:08:48.479+0800][info][gc,marking  ] GC(222) Concurrent Preclean
[2025-09-23T16:08:48.480+0800][info][gc,marking  ] GC(222) Concurrent Preclean 0.116ms
[2025-09-23T16:08:48.480+0800][info][gc,start    ] GC(222) Pause Remark
[2025-09-23T16:08:48.481+0800][info][gc          ] GC(222) Pause Remark 2951M->2951M(5360M) 0.832ms
[2025-09-23T16:08:48.481+0800][info][gc,cpu      ] GC(222) User=0.00s Sys=0.00s Real=0.00s
[2025-09-23T16:08:48.481+0800][info][gc,marking  ] GC(222) Concurrent Mark 1036.588ms
[2025-09-23T16:08:48.481+0800][info][gc,marking  ] GC(222) Concurrent Rebuild Remembered Sets and Scrub Regions
[2025-09-23T16:08:48.822+0800][info][gc,marking  ] GC(222) Concurrent Rebuild Remembered Sets and Scrub Regions 341.892ms
[2025-09-23T16:08:48.823+0800][info][gc,start    ] GC(222) Pause Cleanup
[2025-09-23T16:08:48.823+0800][info][gc          ] GC(222) Pause Cleanup 3089M->3089M(5360M) 0.097ms
[2025-09-23T16:08:48.823+0800][info][gc,cpu      ] GC(222) User=0.00s Sys=0.00s Real=0.00s
[2025-09-23T16:08:48.823+0800][info][gc,marking  ] GC(222) Concurrent Clear Claimed Marks
[2025-09-23T16:08:48.823+0800][info][gc,marking  ] GC(222) Concurrent Clear Claimed Marks 0.054ms
[2025-09-23T16:08:48.823+0800][info][gc,marking  ] GC(222) Concurrent Cleanup for Next Mark
[2025-09-23T16:08:48.828+0800][info][gc,marking  ] GC(222) Concurrent Cleanup for Next Mark 5.673ms
[2025-09-23T16:08:48.829+0800][info][gc          ] GC(222) Concurrent Mark Cycle 1386.964ms
[2025-09-23T16:08:51.882+0800][info][gc,start    ] GC(223) Pause Young (Prepare Mixed) (G1 Evacuation Pause)
[2025-09-23T16:08:51.882+0800][info][gc,task     ] GC(223) Using 8 workers of 8 for evacuation
[2025-09-23T16:08:51.890+0800][info][gc,phases   ] GC(223)   Pre Evacuate Collection Set: 0.1ms
[2025-09-23T16:08:51.890+0800][info][gc,phases   ] GC(223)   Merge Heap Roots: 0.3ms
[2025-09-23T16:08:51.890+0800][info][gc,phases   ] GC(223)   Evacuate Collection Set: 7.4ms
[2025-09-23T16:08:51.890+0800][info][gc,phases   ] GC(223)   Post Evacuate Collection Set: 0.4ms
[2025-09-23T16:08:51.890+0800][info][gc,phases   ] GC(223)   Other: 0.0ms
[2025-09-23T16:08:51.890+0800][info][gc,heap     ] GC(223) Eden regions: 160->0(160)
[2025-09-23T16:08:51.890+0800][info][gc,heap     ] GC(223) Survivor regions: 1->1(21)
[2025-09-23T16:08:51.890+0800][info][gc,heap     ] GC(223) Old regions: 146->146
[2025-09-23T16:08:51.890+0800][info][gc,heap     ] GC(223) Humongous regions: 9->9
[2025-09-23T16:08:51.890+0800][info][gc,metaspace] GC(223) Metaspace: 31401K(31936K)->31401K(31936K) NonClass: 26881K(27200K)->26881K(27200K) Class: 4520K(4736K)->4520K(4736K)
[2025-09-23T16:08:51.890+0800][info][gc          ] GC(223) Pause Young (Prepare Mixed) (G1 Evacuation Pause) 5041M->2481M(5360M) 8.234ms
[2025-09-23T16:08:51.890+0800][info][gc,cpu      ] GC(223) User=0.07s Sys=0.00s Real=0.01s
[2025-09-23T16:08:55.888+0800][info][gc,start    ] GC(224) Pause Young (Mixed) (G1 Evacuation Pause)
[2025-09-23T16:08:55.888+0800][info][gc,task     ] GC(224) Using 8 workers of 8 for evacuation
[2025-09-23T16:08:55.915+0800][info][gc,phases   ] GC(224)   Pre Evacuate Collection Set: 0.1ms
[2025-09-23T16:08:55.915+0800][info][gc,phases   ] GC(224)   Merge Heap Roots: 1.0ms
[2025-09-23T16:08:55.915+0800][info][gc,phases   ] GC(224)   Evacuate Collection Set: 26.0ms
[2025-09-23T16:08:55.915+0800][info][gc,phases   ] GC(224)   Post Evacuate Collection Set: 0.4ms
[2025-09-23T16:08:55.915+0800][info][gc,phases   ] GC(224)   Other: 0.1ms
[2025-09-23T16:08:55.915+0800][info][gc,heap     ] GC(224) Eden regions: 160->0(160)
[2025-09-23T16:08:55.915+0800][info][gc,heap     ] GC(224) Survivor regions: 1->1(21)
[2025-09-23T16:08:55.915+0800][info][gc,heap     ] GC(224) Old regions: 146->146
[2025-09-23T16:08:55.915+0800][info][gc,heap     ] GC(224) Humongous regions: 9->9
[2025-09-23T16:08:55.915+0800][info][gc,metaspace] GC(224) Metaspace: 31401K(31936K)->31401K(31936K) NonClass: 26881K(27200K)->26881K(27200K) Class: 4520K(4736K)->4520K(4736K)
[2025-09-23T16:08:55.915+0800][info][gc          ] GC(224) Pause Young (Mixed) (G1 Evacuation Pause) 5041M->2480M(5360M) 27.607ms
[2025-09-23T16:08:55.915+0800][info][gc,cpu      ] GC(224) User=0.20s Sys=0.01s Real=0.03s
[2025-09-23T16:08:59.930+0800][info][gc,start    ] GC(225) Pause Young (Concurrent Start) (G1 Evacuation Pause)
[2025-09-23T16:08:59.930+0800][info][gc,task     ] GC(225) Using 8 workers of 8 for evacuation
[2025-09-23T16:08:59.938+0800][info][gc,phases   ] GC(225)   Pre Evacuate Collection Set: 0.1ms
[2025-09-23T16:08:59.938+0800][info][gc,phases   ] GC(225)   Merge Heap Roots: 0.2ms
[2025-09-23T16:08:59.938+0800][info][gc,phases   ] GC(225)   Evacuate Collection Set: 6.6ms
[2025-09-23T16:08:59.938+0800][info][gc,phases   ] GC(225)   Post Evacuate Collection Set: 0.4ms
[2025-09-23T16:08:59.938+0800][info][gc,phases   ] GC(225)   Other: 0.0ms
[2025-09-23T16:08:59.938+0800][info][gc,heap     ] GC(225) Eden regions: 160->0(160)
[2025-09-23T16:08:59.938+0800][info][gc,heap     ] GC(225) Survivor regions: 1->1(21)
[2025-09-23T16:08:59.938+0800][info][gc,heap     ] GC(225) Old regions: 146->146
[2025-09-23T16:08:59.938+0800][info][gc,heap     ] GC(225) Humongous regions: 9->9
[2025-09-23T16:08:59.938+0800][info][gc,metaspace] GC(225) Metaspace: 31401K(31936K)->31401K(31936K) NonClass: 26881K(27200K)->26881K(27200K) Class: 4520K(4736K)->4520K(4736K)
[2025-09-23T16:08:59.938+0800][info][gc          ] GC(225) Pause Young (Concurrent Start) (G1 Evacuation Pause) 5040M->2481M(5360M) 7.455ms
[2025-09-23T16:08:59.938+0800][info][gc,cpu      ] GC(225) User=0.06s Sys=0.00s Real=0.01s
[2025-09-23T16:08:59.938+0800][info][gc          ] GC(226) Concurrent Mark Cycle
[2025-09-23T16:08:59.938+0800][info][gc,marking  ] GC(226) Concurrent Scan Root Regions
[2025-09-23T16:08:59.939+0800][info][gc,marking  ] GC(226) Concurrent Scan Root Regions 1.584ms
[2025-09-23T16:08:59.939+0800][info][gc,marking  ] GC(226) Concurrent Mark
[2025-09-23T16:08:59.939+0800][info][gc,marking  ] GC(226) Concurrent Mark From Roots
[2025-09-23T16:08:59.939+0800][info][gc,task     ] GC(226) Using 2 workers of 2 for marking
[2025-09-23T16:09:01.001+0800][info][gc,marking  ] GC(226) Concurrent Mark From Roots 1062.072ms
[2025-09-23T16:09:01.002+0800][info][gc,marking  ] GC(226) Concurrent Preclean
[2025-09-23T16:09:01.002+0800][info][gc,marking  ] GC(226) Concurrent Preclean 0.092ms
[2025-09-23T16:09:01.002+0800][info][gc,start    ] GC(226) Pause Remark
[2025-09-23T16:09:01.003+0800][info][gc          ] GC(226) Pause Remark 2936M->2936M(5360M) 0.926ms
[2025-09-23T16:09:01.003+0800][info][gc,cpu      ] GC(226) User=0.01s Sys=0.00s Real=0.00s
[2025-09-23T16:09:01.003+0800][info][gc,marking  ] GC(226) Concurrent Mark 1063.292ms
[2025-09-23T16:09:01.003+0800][info][gc,marking  ] GC(226) Concurrent Rebuild Remembered Sets and Scrub Regions
[2025-09-23T16:09:01.326+0800][info][gc,marking  ] GC(226) Concurrent Rebuild Remembered Sets and Scrub Regions 322.868ms
[2025-09-23T16:09:01.326+0800][info][gc,start    ] GC(226) Pause Cleanup
[2025-09-23T16:09:01.326+0800][info][gc          ] GC(226) Pause Cleanup 3073M->3073M(5360M) 0.102ms
[2025-09-23T16:09:01.326+0800][info][gc,cpu      ] GC(226) User=0.00s Sys=0.00s Real=0.00s
[2025-09-23T16:09:01.326+0800][info][gc,marking  ] GC(226) Concurrent Clear Claimed Marks
[2025-09-23T16:09:01.326+0800][info][gc,marking  ] GC(226) Concurrent Clear Claimed Marks 0.051ms
[2025-09-23T16:09:01.326+0800][info][gc,marking  ] GC(226) Concurrent Cleanup for Next Mark
[2025-09-23T16:09:01.330+0800][info][gc,marking  ] GC(226) Concurrent Cleanup for Next Mark 4.262ms
[2025-09-23T16:09:01.330+0800][info][gc          ] GC(226) Concurrent Mark Cycle 1392.442ms
[2025-09-23T16:09:04.435+0800][info][gc,start    ] GC(227) Pause Young (Prepare Mixed) (G1 Evacuation Pause)
[2025-09-23T16:09:04.435+0800][info][gc,task     ] GC(227) Using 8 workers of 8 for evacuation
[2025-09-23T16:09:04.442+0800][info][gc,phases   ] GC(227)   Pre Evacuate Collection Set: 0.1ms
[2025-09-23T16:09:04.442+0800][info][gc,phases   ] GC(227)   Merge Heap Roots: 0.2ms
[2025-09-23T16:09:04.442+0800][info][gc,phases   ] GC(227)   Evacuate Collection Set: 6.5ms
[2025-09-23T16:09:04.442+0800][info][gc,phases   ] GC(227)   Post Evacuate Collection Set: 0.4ms
[2025-09-23T16:09:04.442+0800][info][gc,phases   ] GC(227)   Other: 0.0ms
[2025-09-23T16:09:04.442+0800][info][gc,heap     ] GC(227) Eden regions: 160->0(160)
[2025-09-23T16:09:04.442+0800][info][gc,heap     ] GC(227) Survivor regions: 1->1(21)
[2025-09-23T16:09:04.442+0800][info][gc,heap     ] GC(227) Old regions: 146->146
[2025-09-23T16:09:04.442+0800][info][gc,heap     ] GC(227) Humongous regions: 9->9
[2025-09-23T16:09:04.442+0800][info][gc,metaspace] GC(227) Metaspace: 31401K(31936K)->31401K(31936K) NonClass: 26881K(27200K)->26881K(27200K) Class: 4520K(4736K)->4520K(4736K)
[2025-09-23T16:09:04.443+0800][info][gc          ] GC(227) Pause Young (Prepare Mixed) (G1 Evacuation Pause) 5041M->2482M(5360M) 7.318ms
[2025-09-23T16:09:04.443+0800][info][gc,cpu      ] GC(227) User=0.06s Sys=0.00s Real=0.00s
[2025-09-23T16:09:08.413+0800][info][gc,start    ] GC(228) Pause Young (Mixed) (G1 Evacuation Pause)
[2025-09-23T16:09:08.413+0800][info][gc,task     ] GC(228) Using 8 workers of 8 for evacuation
[2025-09-23T16:09:08.438+0800][info][gc,phases   ] GC(228)   Pre Evacuate Collection Set: 0.1ms
[2025-09-23T16:09:08.438+0800][info][gc,phases   ] GC(228)   Merge Heap Roots: 0.9ms
[2025-09-23T16:09:08.438+0800][info][gc,phases   ] GC(228)   Evacuate Collection Set: 23.3ms
[2025-09-23T16:09:08.438+0800][info][gc,phases   ] GC(228)   Post Evacuate Collection Set: 0.4ms
[2025-09-23T16:09:08.438+0800][info][gc,phases   ] GC(228)   Other: 0.0ms
[2025-09-23T16:09:08.438+0800][info][gc,heap     ] GC(228) Eden regions: 160->0(160)
[2025-09-23T16:09:08.438+0800][info][gc,heap     ] GC(228) Survivor regions: 1->1(21)
[2025-09-23T16:09:08.438+0800][info][gc,heap     ] GC(228) Old regions: 146->146
[2025-09-23T16:09:08.438+0800][info][gc,heap     ] GC(228) Humongous regions: 9->9
[2025-09-23T16:09:08.438+0800][info][gc,metaspace] GC(228) Metaspace: 31401K(31936K)->31401K(31936K) NonClass: 26881K(27200K)->26881K(27200K) Class: 4520K(4736K)->4520K(4736K)
[2025-09-23T16:09:08.438+0800][info][gc          ] GC(228) Pause Young (Mixed) (G1 Evacuation Pause) 5042M->2480M(5360M) 24.831ms
[2025-09-23T16:09:08.438+0800][info][gc,cpu      ] GC(228) User=0.20s Sys=0.00s Real=0.03s
[2025-09-23T16:09:12.416+0800][info][gc,start    ] GC(229) Pause Young (Concurrent Start) (G1 Evacuation Pause)
[2025-09-23T16:09:12.416+0800][info][gc,task     ] GC(229) Using 8 workers of 8 for evacuation
[2025-09-23T16:09:12.422+0800][info][gc,phases   ] GC(229)   Pre Evacuate Collection Set: 0.1ms
[2025-09-23T16:09:12.422+0800][info][gc,phases   ] GC(229)   Merge Heap Roots: 0.2ms
[2025-09-23T16:09:12.422+0800][info][gc,phases   ] GC(229)   Evacuate Collection Set: 5.9ms
[2025-09-23T16:09:12.422+0800][info][gc,phases   ] GC(229)   Post Evacuate Collection Set: 0.3ms
[2025-09-23T16:09:12.422+0800][info][gc,phases   ] GC(229)   Other: 0.0ms
[2025-09-23T16:09:12.422+0800][info][gc,heap     ] GC(229) Eden regions: 160->0(160)
[2025-09-23T16:09:12.422+0800][info][gc,heap     ] GC(229) Survivor regions: 1->1(21)
[2025-09-23T16:09:12.422+0800][info][gc,heap     ] GC(229) Old regions: 146->146
[2025-09-23T16:09:12.422+0800][info][gc,heap     ] GC(229) Humongous regions: 9->9
[2025-09-23T16:09:12.422+0800][info][gc,metaspace] GC(229) Metaspace: 31401K(31936K)->31401K(31936K) NonClass: 26881K(27200K)->26881K(27200K) Class: 4520K(4736K)->4520K(4736K)
[2025-09-23T16:09:12.422+0800][info][gc          ] GC(229) Pause Young (Concurrent Start) (G1 Evacuation Pause) 5040M->2482M(5360M) 6.698ms
[2025-09-23T16:09:12.422+0800][info][gc,cpu      ] GC(229) User=0.05s Sys=0.00s Real=0.00s
[2025-09-23T16:09:12.422+0800][info][gc          ] GC(230) Concurrent Mark Cycle
[2025-09-23T16:09:12.422+0800][info][gc,marking  ] GC(230) Concurrent Scan Root Regions
[2025-09-23T16:09:12.424+0800][info][gc,marking  ] GC(230) Concurrent Scan Root Regions 1.862ms
[2025-09-23T16:09:12.424+0800][info][gc,marking  ] GC(230) Concurrent Mark
[2025-09-23T16:09:12.424+0800][info][gc,marking  ] GC(230) Concurrent Mark From Roots
[2025-09-23T16:09:12.424+0800][info][gc,task     ] GC(230) Using 2 workers of 2 for marking
[2025-09-23T16:09:13.450+0800][info][gc,marking  ] GC(230) Concurrent Mark From Roots 1025.198ms
[2025-09-23T16:09:13.450+0800][info][gc,marking  ] GC(230) Concurrent Preclean
[2025-09-23T16:09:13.450+0800][info][gc,marking  ] GC(230) Concurrent Preclean 0.093ms
[2025-09-23T16:09:13.450+0800][info][gc,start    ] GC(230) Pause Remark
[2025-09-23T16:09:13.451+0800][info][gc          ] GC(230) Pause Remark 2930M->2930M(5360M) 0.901ms
[2025-09-23T16:09:13.451+0800][info][gc,cpu      ] GC(230) User=0.00s Sys=0.00s Real=0.00s
[2025-09-23T16:09:13.451+0800][info][gc,marking  ] GC(230) Concurrent Mark 1026.439ms
[2025-09-23T16:09:13.451+0800][info][gc,marking  ] GC(230) Concurrent Rebuild Remembered Sets and Scrub Regions
[2025-09-23T16:09:13.779+0800][info][gc,marking  ] GC(230) Concurrent Rebuild Remembered Sets and Scrub Regions 328.290ms
[2025-09-23T16:09:13.779+0800][info][gc,start    ] GC(230) Pause Cleanup
[2025-09-23T16:09:13.779+0800][info][gc          ] GC(230) Pause Cleanup 3071M->3071M(5360M) 0.085ms
[2025-09-23T16:09:13.779+0800][info][gc,cpu      ] GC(230) User=0.00s Sys=0.00s Real=0.00s
[2025-09-23T16:09:13.779+0800][info][gc,marking  ] GC(230) Concurrent Clear Claimed Marks
[2025-09-23T16:09:13.779+0800][info][gc,marking  ] GC(230) Concurrent Clear Claimed Marks 0.047ms
[2025-09-23T16:09:13.779+0800][info][gc,marking  ] GC(230) Concurrent Cleanup for Next Mark
[2025-09-23T16:09:13.784+0800][info][gc,marking  ] GC(230) Concurrent Cleanup for Next Mark 4.784ms
[2025-09-23T16:09:13.784+0800][info][gc          ] GC(230) Concurrent Mark Cycle 1361.772ms
[2025-09-23T16:09:16.921+0800][info][gc,start    ] GC(231) Pause Young (Prepare Mixed) (G1 Evacuation Pause)
[2025-09-23T16:09:16.921+0800][info][gc,task     ] GC(231) Using 8 workers of 8 for evacuation
[2025-09-23T16:09:16.927+0800][info][gc,phases   ] GC(231)   Pre Evacuate Collection Set: 0.1ms
[2025-09-23T16:09:16.927+0800][info][gc,phases   ] GC(231)   Merge Heap Roots: 0.2ms
[2025-09-23T16:09:16.927+0800][info][gc,phases   ] GC(231)   Evacuate Collection Set: 5.7ms
[2025-09-23T16:09:16.927+0800][info][gc,phases   ] GC(231)   Post Evacuate Collection Set: 0.3ms
[2025-09-23T16:09:16.927+0800][info][gc,phases   ] GC(231)   Other: 0.0ms
[2025-09-23T16:09:16.927+0800][info][gc,heap     ] GC(231) Eden regions: 160->0(159)
[2025-09-23T16:09:16.927+0800][info][gc,heap     ] GC(231) Survivor regions: 1->1(21)
[2025-09-23T16:09:16.927+0800][info][gc,heap     ] GC(231) Old regions: 146->147
[2025-09-23T16:09:16.927+0800][info][gc,heap     ] GC(231) Humongous regions: 9->9
[2025-09-23T16:09:16.927+0800][info][gc,metaspace] GC(231) Metaspace: 31401K(31936K)->31401K(31936K) NonClass: 26881K(27200K)->26881K(27200K) Class: 4520K(4736K)->4520K(4736K)
[2025-09-23T16:09:16.928+0800][info][gc          ] GC(231) Pause Young (Prepare Mixed) (G1 Evacuation Pause) 5042M->2482M(5360M) 6.463ms
[2025-09-23T16:09:16.928+0800][info][gc,cpu      ] GC(231) User=0.05s Sys=0.00s Real=0.01s
[2025-09-23T16:09:20.888+0800][info][gc,start    ] GC(232) Pause Young (Mixed) (G1 Evacuation Pause)
[2025-09-23T16:09:20.888+0800][info][gc,task     ] GC(232) Using 8 workers of 8 for evacuation
[2025-09-23T16:09:20.914+0800][info][gc,phases   ] GC(232)   Pre Evacuate Collection Set: 0.1ms
[2025-09-23T16:09:20.914+0800][info][gc,phases   ] GC(232)   Merge Heap Roots: 0.9ms
[2025-09-23T16:09:20.914+0800][info][gc,phases   ] GC(232)   Evacuate Collection Set: 23.7ms
[2025-09-23T16:09:20.914+0800][info][gc,phases   ] GC(232)   Post Evacuate Collection Set: 0.3ms
[2025-09-23T16:09:20.914+0800][info][gc,phases   ] GC(232)   Other: 0.0ms
[2025-09-23T16:09:20.914+0800][info][gc,heap     ] GC(232) Eden regions: 159->0(160)
[2025-09-23T16:09:20.914+0800][info][gc,heap     ] GC(232) Survivor regions: 1->1(20)
[2025-09-23T16:09:20.914+0800][info][gc,heap     ] GC(232) Old regions: 147->146
[2025-09-23T16:09:20.914+0800][info][gc,heap     ] GC(232) Humongous regions: 9->9
[2025-09-23T16:09:20.914+0800][info][gc,metaspace] GC(232) Metaspace: 31401K(31936K)->31401K(31936K) NonClass: 26881K(27200K)->26881K(27200K) Class: 4520K(4736K)->4520K(4736K)
[2025-09-23T16:09:20.914+0800][info][gc          ] GC(232) Pause Young (Mixed) (G1 Evacuation Pause) 5026M->2480M(5360M) 25.265ms
[2025-09-23T16:09:20.914+0800][info][gc,cpu      ] GC(232) User=0.20s Sys=0.00s Real=0.02s
[2025-09-23T16:09:24.899+0800][info][gc,start    ] GC(233) Pause Young (Concurrent Start) (GCLocker Initiated GC)
[2025-09-23T16:09:24.899+0800][info][gc,task     ] GC(233) Using 8 workers of 8 for evacuation
[2025-09-23T16:09:24.905+0800][info][gc,phases   ] GC(233)   Pre Evacuate Collection Set: 0.1ms
[2025-09-23T16:09:24.905+0800][info][gc,phases   ] GC(233)   Merge Heap Roots: 0.2ms
[2025-09-23T16:09:24.905+0800][info][gc,phases   ] GC(233)   Evacuate Collection Set: 5.2ms
[2025-09-23T16:09:24.905+0800][info][gc,phases   ] GC(233)   Post Evacuate Collection Set: 0.3ms
[2025-09-23T16:09:24.905+0800][info][gc,phases   ] GC(233)   Other: 0.0ms
[2025-09-23T16:09:24.905+0800][info][gc,heap     ] GC(233) Eden regions: 160->0(159)
[2025-09-23T16:09:24.905+0800][info][gc,heap     ] GC(233) Survivor regions: 1->1(21)
[2025-09-23T16:09:24.905+0800][info][gc,heap     ] GC(233) Old regions: 146->147
[2025-09-23T16:09:24.905+0800][info][gc,heap     ] GC(233) Humongous regions: 9->9
[2025-09-23T16:09:24.905+0800][info][gc,metaspace] GC(233) Metaspace: 31401K(31936K)->31401K(31936K) NonClass: 26881K(27200K)->26881K(27200K) Class: 4520K(4736K)->4520K(4736K)
[2025-09-23T16:09:24.905+0800][info][gc          ] GC(233) Pause Young (Concurrent Start) (GCLocker Initiated GC) 5040M->2482M(5360M) 5.967ms
[2025-09-23T16:09:24.905+0800][info][gc          ] GC(234) Concurrent Mark Cycle
[2025-09-23T16:09:24.905+0800][info][gc,marking  ] GC(234) Concurrent Scan Root Regions
[2025-09-23T16:09:24.905+0800][info][gc,cpu      ] GC(233) User=0.04s Sys=0.00s Real=0.01s
[2025-09-23T16:09:24.907+0800][info][gc,marking  ] GC(234) Concurrent Scan Root Regions 1.710ms
[2025-09-23T16:09:24.907+0800][info][gc,marking  ] GC(234) Concurrent Mark
[2025-09-23T16:09:24.907+0800][info][gc,marking  ] GC(234) Concurrent Mark From Roots
[2025-09-23T16:09:24.907+0800][info][gc,task     ] GC(234) Using 2 workers of 2 for marking
[2025-09-23T16:09:25.954+0800][info][gc,marking  ] GC(234) Concurrent Mark From Roots 1047.466ms
[2025-09-23T16:09:25.954+0800][info][gc,marking  ] GC(234) Concurrent Preclean
[2025-09-23T16:09:25.954+0800][info][gc,marking  ] GC(234) Concurrent Preclean 0.092ms
[2025-09-23T16:09:25.955+0800][info][gc,start    ] GC(234) Pause Remark
[2025-09-23T16:09:25.956+0800][info][gc          ] GC(234) Pause Remark 2962M->2962M(5360M) 0.915ms
[2025-09-23T16:09:25.956+0800][info][gc,cpu      ] GC(234) User=0.00s Sys=0.00s Real=0.01s
[2025-09-23T16:09:25.956+0800][info][gc,marking  ] GC(234) Concurrent Mark 1048.695ms
[2025-09-23T16:09:25.956+0800][info][gc,marking  ] GC(234) Concurrent Rebuild Remembered Sets and Scrub Regions
[2025-09-23T16:09:26.282+0800][info][gc,marking  ] GC(234) Concurrent Rebuild Remembered Sets and Scrub Regions 326.349ms
[2025-09-23T16:09:26.282+0800][info][gc,start    ] GC(234) Pause Cleanup
[2025-09-23T16:09:26.282+0800][info][gc          ] GC(234) Pause Cleanup 3080M->3080M(5360M) 0.103ms
[2025-09-23T16:09:26.282+0800][info][gc,cpu      ] GC(234) User=0.00s Sys=0.00s Real=0.00s
[2025-09-23T16:09:26.282+0800][info][gc,marking  ] GC(234) Concurrent Clear Claimed Marks
[2025-09-23T16:09:26.282+0800][info][gc,marking  ] GC(234) Concurrent Clear Claimed Marks 0.051ms
[2025-09-23T16:09:26.282+0800][info][gc,marking  ] GC(234) Concurrent Cleanup for Next Mark
[2025-09-23T16:09:26.286+0800][info][gc,marking  ] GC(234) Concurrent Cleanup for Next Mark 4.098ms
[2025-09-23T16:09:26.286+0800][info][gc          ] GC(234) Concurrent Mark Cycle 1381.286ms
[2025-09-23T16:09:29.322+0800][info][gc,start    ] GC(235) Pause Young (Prepare Mixed) (G1 Evacuation Pause)
[2025-09-23T16:09:29.322+0800][info][gc,task     ] GC(235) Using 8 workers of 8 for evacuation
[2025-09-23T16:09:29.329+0800][info][gc,phases   ] GC(235)   Pre Evacuate Collection Set: 0.1ms
[2025-09-23T16:09:29.329+0800][info][gc,phases   ] GC(235)   Merge Heap Roots: 0.2ms
[2025-09-23T16:09:29.329+0800][info][gc,phases   ] GC(235)   Evacuate Collection Set: 5.4ms
[2025-09-23T16:09:29.329+0800][info][gc,phases   ] GC(235)   Post Evacuate Collection Set: 0.4ms
[2025-09-23T16:09:29.329+0800][info][gc,phases   ] GC(235)   Other: 0.0ms
[2025-09-23T16:09:29.329+0800][info][gc,heap     ] GC(235) Eden regions: 159->0(159)
[2025-09-23T16:09:29.329+0800][info][gc,heap     ] GC(235) Survivor regions: 1->1(20)
[2025-09-23T16:09:29.329+0800][info][gc,heap     ] GC(235) Old regions: 147->147
[2025-09-23T16:09:29.329+0800][info][gc,heap     ] GC(235) Humongous regions: 9->9
[2025-09-23T16:09:29.329+0800][info][gc,metaspace] GC(235) Metaspace: 31401K(31936K)->31401K(31936K) NonClass: 26881K(27200K)->26881K(27200K) Class: 4520K(4736K)->4520K(4736K)
[2025-09-23T16:09:29.329+0800][info][gc          ] GC(235) Pause Young (Prepare Mixed) (G1 Evacuation Pause) 5026M->2482M(5360M) 6.250ms
[2025-09-23T16:09:29.329+0800][info][gc,cpu      ] GC(235) User=0.05s Sys=0.00s Real=0.01s
[2025-09-23T16:09:33.260+0800][info][gc,start    ] GC(236) Pause Young (Mixed) (G1 Evacuation Pause)
[2025-09-23T16:09:33.260+0800][info][gc,task     ] GC(236) Using 8 workers of 8 for evacuation
[2025-09-23T16:09:33.284+0800][info][gc,phases   ] GC(236)   Pre Evacuate Collection Set: 0.1ms
[2025-09-23T16:09:33.285+0800][info][gc,phases   ] GC(236)   Merge Heap Roots: 1.1ms
[2025-09-23T16:09:33.285+0800][info][gc,phases   ] GC(236)   Evacuate Collection Set: 22.5ms
[2025-09-23T16:09:33.285+0800][info][gc,phases   ] GC(236)   Post Evacuate Collection Set: 0.4ms
[2025-09-23T16:09:33.285+0800][info][gc,phases   ] GC(236)   Other: 0.0ms
[2025-09-23T16:09:33.285+0800][info][gc,heap     ] GC(236) Eden regions: 159->0(160)
[2025-09-23T16:09:33.285+0800][info][gc,heap     ] GC(236) Survivor regions: 1->1(20)
[2025-09-23T16:09:33.285+0800][info][gc,heap     ] GC(236) Old regions: 147->146
[2025-09-23T16:09:33.285+0800][info][gc,heap     ] GC(236) Humongous regions: 9->9
[2025-09-23T16:09:33.285+0800][info][gc,metaspace] GC(236) Metaspace: 31401K(31936K)->31401K(31936K) NonClass: 26881K(27200K)->26881K(27200K) Class: 4520K(4736K)->4520K(4736K)
[2025-09-23T16:09:33.285+0800][info][gc          ] GC(236) Pause Young (Mixed) (G1 Evacuation Pause) 5026M->2480M(5360M) 24.192ms
[2025-09-23T16:09:33.285+0800][info][gc,cpu      ] GC(236) User=0.19s Sys=0.00s Real=0.03s
[2025-09-23T16:09:37.296+0800][info][gc,start    ] GC(237) Pause Young (Concurrent Start) (G1 Evacuation Pause)
[2025-09-23T16:09:37.296+0800][info][gc,task     ] GC(237) Using 8 workers of 8 for evacuation
[2025-09-23T16:09:37.301+0800][info][gc,phases   ] GC(237)   Pre Evacuate Collection Set: 0.1ms
[2025-09-23T16:09:37.301+0800][info][gc,phases   ] GC(237)   Merge Heap Roots: 0.2ms
[2025-09-23T16:09:37.301+0800][info][gc,phases   ] GC(237)   Evacuate Collection Set: 4.6ms
[2025-09-23T16:09:37.301+0800][info][gc,phases   ] GC(237)   Post Evacuate Collection Set: 0.3ms
[2025-09-23T16:09:37.301+0800][info][gc,phases   ] GC(237)   Other: 0.0ms
[2025-09-23T16:09:37.301+0800][info][gc,heap     ] GC(237) Eden regions: 160->0(159)
[2025-09-23T16:09:37.301+0800][info][gc,heap     ] GC(237) Survivor regions: 1->1(21)
[2025-09-23T16:09:37.301+0800][info][gc,heap     ] GC(237) Old regions: 146->147
[2025-09-23T16:09:37.301+0800][info][gc,heap     ] GC(237) Humongous regions: 9->9
[2025-09-23T16:09:37.301+0800][info][gc,metaspace] GC(237) Metaspace: 31401K(31936K)->31401K(31936K) NonClass: 26881K(27200K)->26881K(27200K) Class: 4520K(4736K)->4520K(4736K)
[2025-09-23T16:09:37.301+0800][info][gc          ] GC(237) Pause Young (Concurrent Start) (G1 Evacuation Pause) 5040M->2482M(5360M) 5.365ms
[2025-09-23T16:09:37.301+0800][info][gc,cpu      ] GC(237) User=0.04s Sys=0.00s Real=0.00s
[2025-09-23T16:09:37.301+0800][info][gc          ] GC(238) Concurrent Mark Cycle
[2025-09-23T16:09:37.301+0800][info][gc,marking  ] GC(238) Concurrent Scan Root Regions
[2025-09-23T16:09:37.303+0800][info][gc,marking  ] GC(238) Concurrent Scan Root Regions 1.605ms
[2025-09-23T16:09:37.303+0800][info][gc,marking  ] GC(238) Concurrent Mark
[2025-09-23T16:09:37.303+0800][info][gc,marking  ] GC(238) Concurrent Mark From Roots
[2025-09-23T16:09:37.303+0800][info][gc,task     ] GC(238) Using 2 workers of 2 for marking
[2025-09-23T16:09:38.364+0800][info][gc,marking  ] GC(238) Concurrent Mark From Roots 1060.728ms
[2025-09-23T16:09:38.364+0800][info][gc,marking  ] GC(238) Concurrent Preclean
[2025-09-23T16:09:38.364+0800][info][gc,marking  ] GC(238) Concurrent Preclean 0.097ms
[2025-09-23T16:09:38.364+0800][info][gc,start    ] GC(238) Pause Remark
[2025-09-23T16:09:38.365+0800][info][gc          ] GC(238) Pause Remark 2969M->2969M(5360M) 0.910ms
[2025-09-23T16:09:38.365+0800][info][gc,cpu      ] GC(238) User=0.00s Sys=0.00s Real=0.00s
[2025-09-23T16:09:38.365+0800][info][gc,marking  ] GC(238) Concurrent Mark 1061.960ms
[2025-09-23T16:09:38.365+0800][info][gc,marking  ] GC(238) Concurrent Rebuild Remembered Sets and Scrub Regions
[2025-09-23T16:09:38.688+0800][info][gc,marking  ] GC(238) Concurrent Rebuild Remembered Sets and Scrub Regions 323.108ms
[2025-09-23T16:09:38.688+0800][info][gc,start    ] GC(238) Pause Cleanup
[2025-09-23T16:09:38.688+0800][info][gc          ] GC(238) Pause Cleanup 3103M->3103M(5360M) 0.097ms
[2025-09-23T16:09:38.688+0800][info][gc,cpu      ] GC(238) User=0.00s Sys=0.00s Real=0.00s
[2025-09-23T16:09:38.688+0800][info][gc,marking  ] GC(238) Concurrent Clear Claimed Marks
[2025-09-23T16:09:38.688+0800][info][gc,marking  ] GC(238) Concurrent Clear Claimed Marks 0.052ms
[2025-09-23T16:09:38.688+0800][info][gc,marking  ] GC(238) Concurrent Cleanup for Next Mark
[2025-09-23T16:09:38.694+0800][info][gc,marking  ] GC(238) Concurrent Cleanup for Next Mark 5.830ms
[2025-09-23T16:09:38.694+0800][info][gc          ] GC(238) Concurrent Mark Cycle 1392.980ms
[2025-09-23T16:09:41.700+0800][info][gc,start    ] GC(239) Pause Young (Prepare Mixed) (G1 Evacuation Pause)
[2025-09-23T16:09:41.700+0800][info][gc,task     ] GC(239) Using 8 workers of 8 for evacuation
[2025-09-23T16:09:41.705+0800][info][gc,phases   ] GC(239)   Pre Evacuate Collection Set: 0.1ms
[2025-09-23T16:09:41.705+0800][info][gc,phases   ] GC(239)   Merge Heap Roots: 0.2ms
[2025-09-23T16:09:41.705+0800][info][gc,phases   ] GC(239)   Evacuate Collection Set: 4.4ms
[2025-09-23T16:09:41.705+0800][info][gc,phases   ] GC(239)   Post Evacuate Collection Set: 0.3ms
[2025-09-23T16:09:41.705+0800][info][gc,phases   ] GC(239)   Other: 0.0ms
[2025-09-23T16:09:41.705+0800][info][gc,heap     ] GC(239) Eden regions: 159->0(159)
[2025-09-23T16:09:41.705+0800][info][gc,heap     ] GC(239) Survivor regions: 1->1(20)
[2025-09-23T16:09:41.705+0800][info][gc,heap     ] GC(239) Old regions: 147->147
[2025-09-23T16:09:41.705+0800][info][gc,heap     ] GC(239) Humongous regions: 9->9
[2025-09-23T16:09:41.705+0800][info][gc,metaspace] GC(239) Metaspace: 31401K(31936K)->31401K(31936K) NonClass: 26881K(27200K)->26881K(27200K) Class: 4520K(4736K)->4520K(4736K)
[2025-09-23T16:09:41.705+0800][info][gc          ] GC(239) Pause Young (Prepare Mixed) (G1 Evacuation Pause) 5026M->2483M(5360M) 5.159ms
[2025-09-23T16:09:41.705+0800][info][gc,cpu      ] GC(239) User=0.03s Sys=0.00s Real=0.01s
[2025-09-23T16:09:45.629+0800][info][gc,start    ] GC(240) Pause Young (Mixed) (G1 Evacuation Pause)
[2025-09-23T16:09:45.629+0800][info][gc,task     ] GC(240) Using 8 workers of 8 for evacuation
[2025-09-23T16:09:45.654+0800][info][gc,phases   ] GC(240)   Pre Evacuate Collection Set: 0.1ms
[2025-09-23T16:09:45.654+0800][info][gc,phases   ] GC(240)   Merge Heap Roots: 0.9ms
[2025-09-23T16:09:45.654+0800][info][gc,phases   ] GC(240)   Evacuate Collection Set: 23.6ms
[2025-09-23T16:09:45.654+0800][info][gc,phases   ] GC(240)   Post Evacuate Collection Set: 0.3ms
[2025-09-23T16:09:45.654+0800][info][gc,phases   ] GC(240)   Other: 0.0ms
[2025-09-23T16:09:45.654+0800][info][gc,heap     ] GC(240) Eden regions: 159->0(160)
[2025-09-23T16:09:45.654+0800][info][gc,heap     ] GC(240) Survivor regions: 1->1(20)
[2025-09-23T16:09:45.654+0800][info][gc,heap     ] GC(240) Old regions: 147->146
[2025-09-23T16:09:45.654+0800][info][gc,heap     ] GC(240) Humongous regions: 9->9
[2025-09-23T16:09:45.654+0800][info][gc,metaspace] GC(240) Metaspace: 31401K(31936K)->31401K(31936K) NonClass: 26881K(27200K)->26881K(27200K) Class: 4520K(4736K)->4520K(4736K)
[2025-09-23T16:09:45.654+0800][info][gc          ] GC(240) Pause Young (Mixed) (G1 Evacuation Pause) 5027M->2481M(5360M) 25.099ms
[2025-09-23T16:09:45.654+0800][info][gc,cpu      ] GC(240) User=0.19s Sys=0.00s Real=0.02s
[2025-09-23T16:09:49.621+0800][info][gc,start    ] GC(241) Pause Young (Concurrent Start) (G1 Evacuation Pause)
[2025-09-23T16:09:49.621+0800][info][gc,task     ] GC(241) Using 8 workers of 8 for evacuation
[2025-09-23T16:09:49.626+0800][info][gc,phases   ] GC(241)   Pre Evacuate Collection Set: 0.1ms
[2025-09-23T16:09:49.626+0800][info][gc,phases   ] GC(241)   Merge Heap Roots: 0.2ms
[2025-09-23T16:09:49.626+0800][info][gc,phases   ] GC(241)   Evacuate Collection Set: 4.0ms
[2025-09-23T16:09:49.626+0800][info][gc,phases   ] GC(241)   Post Evacuate Collection Set: 0.3ms
[2025-09-23T16:09:49.626+0800][info][gc,phases   ] GC(241)   Other: 0.1ms
[2025-09-23T16:09:49.626+0800][info][gc,heap     ] GC(241) Eden regions: 160->0(159)
[2025-09-23T16:09:49.626+0800][info][gc,heap     ] GC(241) Survivor regions: 1->1(21)
[2025-09-23T16:09:49.626+0800][info][gc,heap     ] GC(241) Old regions: 146->147
[2025-09-23T16:09:49.626+0800][info][gc,heap     ] GC(241) Humongous regions: 9->9
[2025-09-23T16:09:49.626+0800][info][gc,metaspace] GC(241) Metaspace: 31401K(31936K)->31401K(31936K) NonClass: 26881K(27200K)->26881K(27200K) Class: 4520K(4736K)->4520K(4736K)
[2025-09-23T16:09:49.626+0800][info][gc          ] GC(241) Pause Young (Concurrent Start) (G1 Evacuation Pause) 5041M->2483M(5360M) 4.801ms
[2025-09-23T16:09:49.626+0800][info][gc,cpu      ] GC(241) User=0.03s Sys=0.00s Real=0.01s
[2025-09-23T16:09:49.626+0800][info][gc          ] GC(242) Concurrent Mark Cycle
[2025-09-23T16:09:49.626+0800][info][gc,marking  ] GC(242) Concurrent Scan Root Regions
[2025-09-23T16:09:49.627+0800][info][gc,marking  ] GC(242) Concurrent Scan Root Regions 1.447ms
[2025-09-23T16:09:49.627+0800][info][gc,marking  ] GC(242) Concurrent Mark
[2025-09-23T16:09:49.627+0800][info][gc,marking  ] GC(242) Concurrent Mark From Roots
[2025-09-23T16:09:49.627+0800][info][gc,task     ] GC(242) Using 2 workers of 2 for marking
[2025-09-23T16:09:50.651+0800][info][gc,marking  ] GC(242) Concurrent Mark From Roots 1023.958ms
[2025-09-23T16:09:50.651+0800][info][gc,marking  ] GC(242) Concurrent Preclean
[2025-09-23T16:09:50.652+0800][info][gc,marking  ] GC(242) Concurrent Preclean 0.451ms
[2025-09-23T16:09:50.652+0800][info][gc,start    ] GC(242) Pause Remark
[2025-09-23T16:09:50.653+0800][info][gc          ] GC(242) Pause Remark 2915M->2915M(5360M) 0.856ms
[2025-09-23T16:09:50.653+0800][info][gc,cpu      ] GC(242) User=0.00s Sys=0.00s Real=0.00s
[2025-09-23T16:09:50.653+0800][info][gc,marking  ] GC(242) Concurrent Mark 1025.476ms
[2025-09-23T16:09:50.653+0800][info][gc,marking  ] GC(242) Concurrent Rebuild Remembered Sets and Scrub Regions
[2025-09-23T16:09:50.965+0800][info][gc,marking  ] GC(242) Concurrent Rebuild Remembered Sets and Scrub Regions 311.632ms
[2025-09-23T16:09:50.965+0800][info][gc,start    ] GC(242) Pause Cleanup
[2025-09-23T16:09:50.965+0800][info][gc          ] GC(242) Pause Cleanup 3043M->3043M(5360M) 0.099ms
[2025-09-23T16:09:50.965+0800][info][gc,cpu      ] GC(242) User=0.00s Sys=0.00s Real=0.00s
[2025-09-23T16:09:50.965+0800][info][gc,marking  ] GC(242) Concurrent Clear Claimed Marks
[2025-09-23T16:09:50.965+0800][info][gc,marking  ] GC(242) Concurrent Clear Claimed Marks 0.051ms
[2025-09-23T16:09:50.965+0800][info][gc,marking  ] GC(242) Concurrent Cleanup for Next Mark
[2025-09-23T16:09:50.969+0800][info][gc,marking  ] GC(242) Concurrent Cleanup for Next Mark 3.871ms
[2025-09-23T16:09:50.969+0800][info][gc          ] GC(242) Concurrent Mark Cycle 1342.864ms
[2025-09-23T16:09:54.110+0800][info][gc,start    ] GC(243) Pause Young (Prepare Mixed) (GCLocker Initiated GC)
[2025-09-23T16:09:54.110+0800][info][gc,task     ] GC(243) Using 8 workers of 8 for evacuation
[2025-09-23T16:09:54.115+0800][info][gc,phases   ] GC(243)   Pre Evacuate Collection Set: 0.1ms
[2025-09-23T16:09:54.115+0800][info][gc,phases   ] GC(243)   Merge Heap Roots: 0.2ms
[2025-09-23T16:09:54.115+0800][info][gc,phases   ] GC(243)   Evacuate Collection Set: 4.2ms
[2025-09-23T16:09:54.115+0800][info][gc,phases   ] GC(243)   Post Evacuate Collection Set: 0.3ms
[2025-09-23T16:09:54.115+0800][info][gc,phases   ] GC(243)   Other: 0.0ms
[2025-09-23T16:09:54.115+0800][info][gc,heap     ] GC(243) Eden regions: 159->0(159)
[2025-09-23T16:09:54.115+0800][info][gc,heap     ] GC(243) Survivor regions: 1->1(20)
[2025-09-23T16:09:54.115+0800][info][gc,heap     ] GC(243) Old regions: 147->147
[2025-09-23T16:09:54.115+0800][info][gc,heap     ] GC(243) Humongous regions: 9->9
[2025-09-23T16:09:54.115+0800][info][gc,metaspace] GC(243) Metaspace: 31401K(31936K)->31401K(31936K) NonClass: 26881K(27200K)->26881K(27200K) Class: 4520K(4736K)->4520K(4736K)
[2025-09-23T16:09:54.115+0800][info][gc          ] GC(243) Pause Young (Prepare Mixed) (GCLocker Initiated GC) 5027M->2483M(5360M) 4.922ms
[2025-09-23T16:09:54.115+0800][info][gc,cpu      ] GC(243) User=0.04s Sys=0.00s Real=0.01s
[2025-09-23T16:09:58.044+0800][info][gc,start    ] GC(244) Pause Young (Mixed) (G1 Evacuation Pause)
[2025-09-23T16:09:58.044+0800][info][gc,task     ] GC(244) Using 8 workers of 8 for evacuation
[2025-09-23T16:09:58.070+0800][info][gc,phases   ] GC(244)   Pre Evacuate Collection Set: 0.1ms
[2025-09-23T16:09:58.070+0800][info][gc,phases   ] GC(244)   Merge Heap Roots: 1.1ms
[2025-09-23T16:09:58.070+0800][info][gc,phases   ] GC(244)   Evacuate Collection Set: 24.5ms
[2025-09-23T16:09:58.070+0800][info][gc,phases   ] GC(244)   Post Evacuate Collection Set: 0.3ms
[2025-09-23T16:09:58.070+0800][info][gc,phases   ] GC(244)   Other: 0.1ms
[2025-09-23T16:09:58.070+0800][info][gc,heap     ] GC(244) Eden regions: 159->0(160)
[2025-09-23T16:09:58.070+0800][info][gc,heap     ] GC(244) Survivor regions: 1->1(20)
[2025-09-23T16:09:58.070+0800][info][gc,heap     ] GC(244) Old regions: 147->146
[2025-09-23T16:09:58.070+0800][info][gc,heap     ] GC(244) Humongous regions: 9->9
[2025-09-23T16:09:58.070+0800][info][gc,metaspace] GC(244) Metaspace: 31401K(31936K)->31401K(31936K) NonClass: 26881K(27200K)->26881K(27200K) Class: 4520K(4736K)->4520K(4736K)
[2025-09-23T16:09:58.070+0800][info][gc          ] GC(244) Pause Young (Mixed) (G1 Evacuation Pause) 5027M->2481M(5360M) 26.184ms
[2025-09-23T16:09:58.070+0800][info][gc,cpu      ] GC(244) User=0.20s Sys=0.00s Real=0.02s
[2025-09-23T16:10:02.057+0800][info][gc,start    ] GC(245) Pause Young (Concurrent Start) (G1 Evacuation Pause)
[2025-09-23T16:10:02.057+0800][info][gc,task     ] GC(245) Using 8 workers of 8 for evacuation
[2025-09-23T16:10:02.061+0800][info][gc,phases   ] GC(245)   Pre Evacuate Collection Set: 0.1ms
[2025-09-23T16:10:02.061+0800][info][gc,phases   ] GC(245)   Merge Heap Roots: 0.2ms
[2025-09-23T16:10:02.061+0800][info][gc,phases   ] GC(245)   Evacuate Collection Set: 3.5ms
[2025-09-23T16:10:02.061+0800][info][gc,phases   ] GC(245)   Post Evacuate Collection Set: 0.3ms
[2025-09-23T16:10:02.061+0800][info][gc,phases   ] GC(245)   Other: 0.0ms
[2025-09-23T16:10:02.061+0800][info][gc,heap     ] GC(245) Eden regions: 160->0(159)
[2025-09-23T16:10:02.061+0800][info][gc,heap     ] GC(245) Survivor regions: 1->1(21)
[2025-09-23T16:10:02.061+0800][info][gc,heap     ] GC(245) Old regions: 146->147
[2025-09-23T16:10:02.061+0800][info][gc,heap     ] GC(245) Humongous regions: 9->9
[2025-09-23T16:10:02.061+0800][info][gc,metaspace] GC(245) Metaspace: 31401K(31936K)->31401K(31936K) NonClass: 26881K(27200K)->26881K(27200K) Class: 4520K(4736K)->4520K(4736K)
[2025-09-23T16:10:02.061+0800][info][gc          ] GC(245) Pause Young (Concurrent Start) (G1 Evacuation Pause) 5041M->2483M(5360M) 4.304ms
[2025-09-23T16:10:02.061+0800][info][gc,cpu      ] GC(245) User=0.03s Sys=0.00s Real=0.00s
[2025-09-23T16:10:02.061+0800][info][gc          ] GC(246) Concurrent Mark Cycle
[2025-09-23T16:10:02.061+0800][info][gc,marking  ] GC(246) Concurrent Scan Root Regions
[2025-09-23T16:10:02.063+0800][info][gc,marking  ] GC(246) Concurrent Scan Root Regions 1.364ms
[2025-09-23T16:10:02.063+0800][info][gc,marking  ] GC(246) Concurrent Mark
[2025-09-23T16:10:02.063+0800][info][gc,marking  ] GC(246) Concurrent Mark From Roots
[2025-09-23T16:10:02.063+0800][info][gc,task     ] GC(246) Using 2 workers of 2 for marking
[2025-09-23T16:10:03.079+0800][info][gc,marking  ] GC(246) Concurrent Mark From Roots 1016.833ms
[2025-09-23T16:10:03.080+0800][info][gc,marking  ] GC(246) Concurrent Preclean
[2025-09-23T16:10:03.080+0800][info][gc,marking  ] GC(246) Concurrent Preclean 0.100ms
[2025-09-23T16:10:03.080+0800][info][gc,start    ] GC(246) Pause Remark
[2025-09-23T16:10:03.081+0800][info][gc          ] GC(246) Pause Remark 2928M->2928M(5360M) 0.860ms
[2025-09-23T16:10:03.081+0800][info][gc,cpu      ] GC(246) User=0.00s Sys=0.00s Real=0.00s
[2025-09-23T16:10:03.081+0800][info][gc,marking  ] GC(246) Concurrent Mark 1018.012ms
[2025-09-23T16:10:03.081+0800][info][gc,marking  ] GC(246) Concurrent Rebuild Remembered Sets and Scrub Regions
[2025-09-23T16:10:03.356+0800][info][gc,marking  ] GC(246) Concurrent Rebuild Remembered Sets and Scrub Regions 275.073ms
[2025-09-23T16:10:03.356+0800][info][gc,start    ] GC(246) Pause Cleanup
[2025-09-23T16:10:03.356+0800][info][gc          ] GC(246) Pause Cleanup 3033M->3033M(5360M) 0.080ms
[2025-09-23T16:10:03.356+0800][info][gc,cpu      ] GC(246) User=0.00s Sys=0.00s Real=0.00s
[2025-09-23T16:10:03.356+0800][info][gc,marking  ] GC(246) Concurrent Clear Claimed Marks
[2025-09-23T16:10:03.356+0800][info][gc,marking  ] GC(246) Concurrent Clear Claimed Marks 0.066ms
[2025-09-23T16:10:03.356+0800][info][gc,marking  ] GC(246) Concurrent Cleanup for Next Mark
[2025-09-23T16:10:03.360+0800][info][gc,marking  ] GC(246) Concurrent Cleanup for Next Mark 4.043ms
[2025-09-23T16:10:03.360+0800][info][gc          ] GC(246) Concurrent Mark Cycle 1298.926ms
[2025-09-23T16:10:06.514+0800][info][gc,start    ] GC(247) Pause Young (Normal) (G1 Evacuation Pause)
[2025-09-23T16:10:06.514+0800][info][gc,task     ] GC(247) Using 8 workers of 8 for evacuation
[2025-09-23T16:10:06.518+0800][info][gc,phases   ] GC(247)   Pre Evacuate Collection Set: 0.1ms
[2025-09-23T16:10:06.518+0800][info][gc,phases   ] GC(247)   Merge Heap Roots: 0.2ms
[2025-09-23T16:10:06.518+0800][info][gc,phases   ] GC(247)   Evacuate Collection Set: 3.4ms
[2025-09-23T16:10:06.518+0800][info][gc,phases   ] GC(247)   Post Evacuate Collection Set: 0.3ms
[2025-09-23T16:10:06.518+0800][info][gc,phases   ] GC(247)   Other: 0.0ms
[2025-09-23T16:10:06.518+0800][info][gc,heap     ] GC(247) Eden regions: 159->0(159)
[2025-09-23T16:10:06.518+0800][info][gc,heap     ] GC(247) Survivor regions: 1->1(20)
[2025-09-23T16:10:06.518+0800][info][gc,heap     ] GC(247) Old regions: 147->147
[2025-09-23T16:10:06.518+0800][info][gc,heap     ] GC(247) Humongous regions: 9->9
[2025-09-23T16:10:06.518+0800][info][gc,metaspace] GC(247) Metaspace: 31401K(31936K)->31401K(31936K) NonClass: 26881K(27200K)->26881K(27200K) Class: 4520K(4736K)->4520K(4736K)
[2025-09-23T16:10:06.518+0800][info][gc          ] GC(247) Pause Young (Normal) (G1 Evacuation Pause) 5027M->2483M(5360M) 4.147ms
[2025-09-23T16:10:06.518+0800][info][gc,cpu      ] GC(247) User=0.03s Sys=0.00s Real=0.01s
[2025-09-23T16:10:10.500+0800][info][gc,start    ] GC(248) Pause Young (Concurrent Start) (G1 Evacuation Pause)
[2025-09-23T16:10:10.500+0800][info][gc,task     ] GC(248) Using 8 workers of 8 for evacuation
[2025-09-23T16:10:10.504+0800][info][gc,phases   ] GC(248)   Pre Evacuate Collection Set: 0.1ms
[2025-09-23T16:10:10.504+0800][info][gc,phases   ] GC(248)   Merge Heap Roots: 0.1ms
[2025-09-23T16:10:10.504+0800][info][gc,phases   ] GC(248)   Evacuate Collection Set: 3.3ms
[2025-09-23T16:10:10.504+0800][info][gc,phases   ] GC(248)   Post Evacuate Collection Set: 0.3ms
[2025-09-23T16:10:10.504+0800][info][gc,phases   ] GC(248)   Other: 0.0ms
[2025-09-23T16:10:10.504+0800][info][gc,heap     ] GC(248) Eden regions: 159->0(159)
[2025-09-23T16:10:10.504+0800][info][gc,heap     ] GC(248) Survivor regions: 1->1(20)
[2025-09-23T16:10:10.504+0800][info][gc,heap     ] GC(248) Old regions: 147->147
[2025-09-23T16:10:10.504+0800][info][gc,heap     ] GC(248) Humongous regions: 9->9
[2025-09-23T16:10:10.504+0800][info][gc,metaspace] GC(248) Metaspace: 31401K(31936K)->31401K(31936K) NonClass: 26881K(27200K)->26881K(27200K) Class: 4520K(4736K)->4520K(4736K)
[2025-09-23T16:10:10.504+0800][info][gc          ] GC(248) Pause Young (Concurrent Start) (G1 Evacuation Pause) 5027M->2483M(5360M) 4.022ms
[2025-09-23T16:10:10.504+0800][info][gc,cpu      ] GC(248) User=0.03s Sys=0.00s Real=0.01s
[2025-09-23T16:10:10.504+0800][info][gc          ] GC(249) Concurrent Mark Cycle
[2025-09-23T16:10:10.504+0800][info][gc,marking  ] GC(249) Concurrent Scan Root Regions
[2025-09-23T16:10:10.506+0800][info][gc,marking  ] GC(249) Concurrent Scan Root Regions 1.322ms
[2025-09-23T16:10:10.506+0800][info][gc,marking  ] GC(249) Concurrent Mark
[2025-09-23T16:10:10.506+0800][info][gc,marking  ] GC(249) Concurrent Mark From Roots
[2025-09-23T16:10:10.506+0800][info][gc,task     ] GC(249) Using 2 workers of 2 for marking
[2025-09-23T16:10:11.550+0800][info][gc,marking  ] GC(249) Concurrent Mark From Roots 1043.749ms
[2025-09-23T16:10:11.550+0800][info][gc,marking  ] GC(249) Concurrent Preclean
[2025-09-23T16:10:11.550+0800][info][gc,marking  ] GC(249) Concurrent Preclean 0.084ms
[2025-09-23T16:10:11.550+0800][info][gc,start    ] GC(249) Pause Remark
[2025-09-23T16:10:11.551+0800][info][gc          ] GC(249) Pause Remark 2947M->2947M(5360M) 0.875ms
[2025-09-23T16:10:11.551+0800][info][gc,cpu      ] GC(249) User=0.00s Sys=0.00s Real=0.00s
[2025-09-23T16:10:11.551+0800][info][gc,marking  ] GC(249) Concurrent Mark 1044.900ms
[2025-09-23T16:10:11.551+0800][info][gc,marking  ] GC(249) Concurrent Rebuild Remembered Sets and Scrub Regions
[2025-09-23T16:10:11.826+0800][info][gc,marking  ] GC(249) Concurrent Rebuild Remembered Sets and Scrub Regions 274.980ms
[2025-09-23T16:10:11.826+0800][info][gc,start    ] GC(249) Pause Cleanup
[2025-09-23T16:10:11.826+0800][info][gc          ] GC(249) Pause Cleanup 3066M->3066M(5360M) 0.103ms
[2025-09-23T16:10:11.826+0800][info][gc,cpu      ] GC(249) User=0.00s Sys=0.00s Real=0.00s
[2025-09-23T16:10:11.826+0800][info][gc,marking  ] GC(249) Concurrent Clear Claimed Marks
[2025-09-23T16:10:11.826+0800][info][gc,marking  ] GC(249) Concurrent Clear Claimed Marks 0.060ms
[2025-09-23T16:10:11.826+0800][info][gc,marking  ] GC(249) Concurrent Cleanup for Next Mark
[2025-09-23T16:10:11.831+0800][info][gc,marking  ] GC(249) Concurrent Cleanup for Next Mark 4.474ms
[2025-09-23T16:10:11.831+0800][info][gc          ] GC(249) Concurrent Mark Cycle 1326.149ms
[2025-09-23T16:10:14.875+0800][info][gc,start    ] GC(250) Pause Young (Normal) (G1 Evacuation Pause)
[2025-09-23T16:10:14.876+0800][info][gc,task     ] GC(250) Using 8 workers of 8 for evacuation
[2025-09-23T16:10:14.879+0800][info][gc,phases   ] GC(250)   Pre Evacuate Collection Set: 0.1ms
[2025-09-23T16:10:14.879+0800][info][gc,phases   ] GC(250)   Merge Heap Roots: 0.2ms
[2025-09-23T16:10:14.879+0800][info][gc,phases   ] GC(250)   Evacuate Collection Set: 3.1ms
[2025-09-23T16:10:14.879+0800][info][gc,phases   ] GC(250)   Post Evacuate Collection Set: 0.3ms
[2025-09-23T16:10:14.879+0800][info][gc,phases   ] GC(250)   Other: 0.0ms
[2025-09-23T16:10:14.879+0800][info][gc,heap     ] GC(250) Eden regions: 159->0(159)
[2025-09-23T16:10:14.879+0800][info][gc,heap     ] GC(250) Survivor regions: 1->1(20)
[2025-09-23T16:10:14.879+0800][info][gc,heap     ] GC(250) Old regions: 147->147
[2025-09-23T16:10:14.879+0800][info][gc,heap     ] GC(250) Humongous regions: 9->9
[2025-09-23T16:10:14.879+0800][info][gc,metaspace] GC(250) Metaspace: 31401K(31936K)->31401K(31936K) NonClass: 26881K(27200K)->26881K(27200K) Class: 4520K(4736K)->4520K(4736K)
[2025-09-23T16:10:14.879+0800][info][gc          ] GC(250) Pause Young (Normal) (G1 Evacuation Pause) 5027M->2483M(5360M) 3.887ms
[2025-09-23T16:10:14.879+0800][info][gc,cpu      ] GC(250) User=0.03s Sys=0.00s Real=0.00s
[2025-09-23T16:10:18.849+0800][info][gc,start    ] GC(251) Pause Young (Concurrent Start) (G1 Evacuation Pause)
[2025-09-23T16:10:18.849+0800][info][gc,task     ] GC(251) Using 8 workers of 8 for evacuation
[2025-09-23T16:10:18.853+0800][info][gc,phases   ] GC(251)   Pre Evacuate Collection Set: 0.1ms
[2025-09-23T16:10:18.853+0800][info][gc,phases   ] GC(251)   Merge Heap Roots: 0.1ms
[2025-09-23T16:10:18.853+0800][info][gc,phases   ] GC(251)   Evacuate Collection Set: 3.1ms
[2025-09-23T16:10:18.853+0800][info][gc,phases   ] GC(251)   Post Evacuate Collection Set: 0.3ms
[2025-09-23T16:10:18.853+0800][info][gc,phases   ] GC(251)   Other: 0.0ms
[2025-09-23T16:10:18.853+0800][info][gc,heap     ] GC(251) Eden regions: 159->0(159)
[2025-09-23T16:10:18.853+0800][info][gc,heap     ] GC(251) Survivor regions: 1->1(20)
[2025-09-23T16:10:18.853+0800][info][gc,heap     ] GC(251) Old regions: 147->147
[2025-09-23T16:10:18.853+0800][info][gc,heap     ] GC(251) Humongous regions: 9->9
[2025-09-23T16:10:18.853+0800][info][gc,metaspace] GC(251) Metaspace: 31401K(31936K)->31401K(31936K) NonClass: 26881K(27200K)->26881K(27200K) Class: 4520K(4736K)->4520K(4736K)
[2025-09-23T16:10:18.853+0800][info][gc          ] GC(251) Pause Young (Concurrent Start) (G1 Evacuation Pause) 5027M->2484M(5360M) 3.806ms
[2025-09-23T16:10:18.853+0800][info][gc,cpu      ] GC(251) User=0.03s Sys=0.00s Real=0.00s
[2025-09-23T16:10:18.853+0800][info][gc          ] GC(252) Concurrent Mark Cycle
[2025-09-23T16:10:18.853+0800][info][gc,marking  ] GC(252) Concurrent Scan Root Regions
[2025-09-23T16:10:18.854+0800][info][gc,marking  ] GC(252) Concurrent Scan Root Regions 1.286ms
[2025-09-23T16:10:18.854+0800][info][gc,marking  ] GC(252) Concurrent Mark
[2025-09-23T16:10:18.854+0800][info][gc,marking  ] GC(252) Concurrent Mark From Roots
[2025-09-23T16:10:18.854+0800][info][gc,task     ] GC(252) Using 2 workers of 2 for marking
[2025-09-23T16:10:19.896+0800][info][gc,marking  ] GC(252) Concurrent Mark From Roots 1042.119ms
[2025-09-23T16:10:19.896+0800][info][gc,marking  ] GC(252) Concurrent Preclean
[2025-09-23T16:10:19.896+0800][info][gc,marking  ] GC(252) Concurrent Preclean 0.089ms
[2025-09-23T16:10:19.896+0800][info][gc,start    ] GC(252) Pause Remark
[2025-09-23T16:10:19.897+0800][info][gc          ] GC(252) Pause Remark 2948M->2948M(5360M) 0.888ms
[2025-09-23T16:10:19.897+0800][info][gc,cpu      ] GC(252) User=0.00s Sys=0.00s Real=0.00s
[2025-09-23T16:10:19.897+0800][info][gc,marking  ] GC(252) Concurrent Mark 1043.292ms
[2025-09-23T16:10:19.897+0800][info][gc,marking  ] GC(252) Concurrent Rebuild Remembered Sets and Scrub Regions
[2025-09-23T16:10:20.176+0800][info][gc,marking  ] GC(252) Concurrent Rebuild Remembered Sets and Scrub Regions 278.570ms
[2025-09-23T16:10:20.176+0800][info][gc,start    ] GC(252) Pause Cleanup
[2025-09-23T16:10:20.176+0800][info][gc          ] GC(252) Pause Cleanup 3066M->3066M(5360M) 0.088ms
[2025-09-23T16:10:20.176+0800][info][gc,cpu      ] GC(252) User=0.00s Sys=0.00s Real=0.00s
[2025-09-23T16:10:20.176+0800][info][gc,marking  ] GC(252) Concurrent Clear Claimed Marks
[2025-09-23T16:10:20.176+0800][info][gc,marking  ] GC(252) Concurrent Clear Claimed Marks 0.050ms
[2025-09-23T16:10:20.176+0800][info][gc,marking  ] GC(252) Concurrent Cleanup for Next Mark
[2025-09-23T16:10:20.181+0800][info][gc,marking  ] GC(252) Concurrent Cleanup for Next Mark 4.484ms
[2025-09-23T16:10:20.181+0800][info][gc          ] GC(252) Concurrent Mark Cycle 1328.062ms
[2025-09-23T16:10:23.257+0800][info][gc,start    ] GC(253) Pause Young (Normal) (G1 Evacuation Pause)
[2025-09-23T16:10:23.257+0800][info][gc,task     ] GC(253) Using 8 workers of 8 for evacuation
[2025-09-23T16:10:23.261+0800][info][gc,phases   ] GC(253)   Pre Evacuate Collection Set: 0.1ms
[2025-09-23T16:10:23.261+0800][info][gc,phases   ] GC(253)   Merge Heap Roots: 0.1ms
[2025-09-23T16:10:23.261+0800][info][gc,phases   ] GC(253)   Evacuate Collection Set: 2.9ms
[2025-09-23T16:10:23.261+0800][info][gc,phases   ] GC(253)   Post Evacuate Collection Set: 0.3ms
[2025-09-23T16:10:23.261+0800][info][gc,phases   ] GC(253)   Other: 0.0ms
[2025-09-23T16:10:23.261+0800][info][gc,heap     ] GC(253) Eden regions: 159->0(159)
[2025-09-23T16:10:23.261+0800][info][gc,heap     ] GC(253) Survivor regions: 1->1(20)
[2025-09-23T16:10:23.261+0800][info][gc,heap     ] GC(253) Old regions: 147->147
[2025-09-23T16:10:23.261+0800][info][gc,heap     ] GC(253) Humongous regions: 9->9
[2025-09-23T16:10:23.261+0800][info][gc,metaspace] GC(253) Metaspace: 31401K(31936K)->31401K(31936K) NonClass: 26881K(27200K)->26881K(27200K) Class: 4520K(4736K)->4520K(4736K)
[2025-09-23T16:10:23.261+0800][info][gc          ] GC(253) Pause Young (Normal) (G1 Evacuation Pause) 5028M->2484M(5360M) 3.640ms
[2025-09-23T16:10:23.261+0800][info][gc,cpu      ] GC(253) User=0.03s Sys=0.00s Real=0.00s
[2025-09-23T16:10:27.182+0800][info][gc,start    ] GC(254) Pause Young (Concurrent Start) (G1 Evacuation Pause)
[2025-09-23T16:10:27.182+0800][info][gc,task     ] GC(254) Using 8 workers of 8 for evacuation
[2025-09-23T16:10:27.185+0800][info][gc,phases   ] GC(254)   Pre Evacuate Collection Set: 0.1ms
[2025-09-23T16:10:27.185+0800][info][gc,phases   ] GC(254)   Merge Heap Roots: 0.1ms
[2025-09-23T16:10:27.185+0800][info][gc,phases   ] GC(254)   Evacuate Collection Set: 2.8ms
[2025-09-23T16:10:27.185+0800][info][gc,phases   ] GC(254)   Post Evacuate Collection Set: 0.3ms
[2025-09-23T16:10:27.185+0800][info][gc,phases   ] GC(254)   Other: 0.1ms
[2025-09-23T16:10:27.185+0800][info][gc,heap     ] GC(254) Eden regions: 159->0(159)
[2025-09-23T16:10:27.185+0800][info][gc,heap     ] GC(254) Survivor regions: 1->1(20)
[2025-09-23T16:10:27.185+0800][info][gc,heap     ] GC(254) Old regions: 147->147
[2025-09-23T16:10:27.185+0800][info][gc,heap     ] GC(254) Humongous regions: 9->9
[2025-09-23T16:10:27.185+0800][info][gc,metaspace] GC(254) Metaspace: 31401K(31936K)->31401K(31936K) NonClass: 26881K(27200K)->26881K(27200K) Class: 4520K(4736K)->4520K(4736K)
[2025-09-23T16:10:27.185+0800][info][gc          ] GC(254) Pause Young (Concurrent Start) (G1 Evacuation Pause) 5028M->2484M(5360M) 3.541ms
[2025-09-23T16:10:27.185+0800][info][gc,cpu      ] GC(254) User=0.03s Sys=0.00s Real=0.01s
[2025-09-23T16:10:27.185+0800][info][gc          ] GC(255) Concurrent Mark Cycle
[2025-09-23T16:10:27.185+0800][info][gc,marking  ] GC(255) Concurrent Scan Root Regions
[2025-09-23T16:10:27.186+0800][info][gc,marking  ] GC(255) Concurrent Scan Root Regions 1.150ms
[2025-09-23T16:10:27.186+0800][info][gc,marking  ] GC(255) Concurrent Mark
[2025-09-23T16:10:27.186+0800][info][gc,marking  ] GC(255) Concurrent Mark From Roots
[2025-09-23T16:10:27.186+0800][info][gc,task     ] GC(255) Using 2 workers of 2 for marking
[2025-09-23T16:10:28.217+0800][info][gc,marking  ] GC(255) Concurrent Mark From Roots 1030.697ms
[2025-09-23T16:10:28.217+0800][info][gc,marking  ] GC(255) Concurrent Preclean
[2025-09-23T16:10:28.217+0800][info][gc,marking  ] GC(255) Concurrent Preclean 0.088ms
[2025-09-23T16:10:28.217+0800][info][gc,start    ] GC(255) Pause Remark
[2025-09-23T16:10:28.218+0800][info][gc          ] GC(255) Pause Remark 2938M->2938M(5360M) 0.848ms
[2025-09-23T16:10:28.218+0800][info][gc,cpu      ] GC(255) User=0.00s Sys=0.00s Real=0.00s
[2025-09-23T16:10:28.218+0800][info][gc,marking  ] GC(255) Concurrent Mark 1031.846ms
[2025-09-23T16:10:28.218+0800][info][gc,marking  ] GC(255) Concurrent Rebuild Remembered Sets and Scrub Regions
[2025-09-23T16:10:28.496+0800][info][gc,marking  ] GC(255) Concurrent Rebuild Remembered Sets and Scrub Regions 277.898ms
[2025-09-23T16:10:28.496+0800][info][gc,start    ] GC(255) Pause Cleanup
[2025-09-23T16:10:28.496+0800][info][gc          ] GC(255) Pause Cleanup 3056M->3056M(5360M) 0.097ms
[2025-09-23T16:10:28.496+0800][info][gc,cpu      ] GC(255) User=0.00s Sys=0.00s Real=0.00s
[2025-09-23T16:10:28.496+0800][info][gc,marking  ] GC(255) Concurrent Clear Claimed Marks
[2025-09-23T16:10:28.496+0800][info][gc,marking  ] GC(255) Concurrent Clear Claimed Marks 0.051ms
[2025-09-23T16:10:28.496+0800][info][gc,marking  ] GC(255) Concurrent Cleanup for Next Mark
[2025-09-23T16:10:28.501+0800][info][gc,marking  ] GC(255) Concurrent Cleanup for Next Mark 4.102ms
[2025-09-23T16:10:28.501+0800][info][gc          ] GC(255) Concurrent Mark Cycle 1315.444ms
[2025-09-23T16:10:31.595+0800][info][gc,start    ] GC(256) Pause Young (Normal) (G1 Evacuation Pause)
[2025-09-23T16:10:31.595+0800][info][gc,task     ] GC(256) Using 8 workers of 8 for evacuation
[2025-09-23T16:10:31.599+0800][info][gc,phases   ] GC(256)   Pre Evacuate Collection Set: 0.1ms
[2025-09-23T16:10:31.599+0800][info][gc,phases   ] GC(256)   Merge Heap Roots: 0.2ms
[2025-09-23T16:10:31.599+0800][info][gc,phases   ] GC(256)   Evacuate Collection Set: 2.7ms
[2025-09-23T16:10:31.599+0800][info][gc,phases   ] GC(256)   Post Evacuate Collection Set: 0.4ms
[2025-09-23T16:10:31.599+0800][info][gc,phases   ] GC(256)   Other: 0.0ms
[2025-09-23T16:10:31.599+0800][info][gc,heap     ] GC(256) Eden regions: 159->0(159)
[2025-09-23T16:10:31.599+0800][info][gc,heap     ] GC(256) Survivor regions: 1->1(20)
[2025-09-23T16:10:31.599+0800][info][gc,heap     ] GC(256) Old regions: 147->147
[2025-09-23T16:10:31.599+0800][info][gc,heap     ] GC(256) Humongous regions: 9->9
[2025-09-23T16:10:31.599+0800][info][gc,metaspace] GC(256) Metaspace: 31401K(31936K)->31401K(31936K) NonClass: 26881K(27200K)->26881K(27200K) Class: 4520K(4736K)->4520K(4736K)
[2025-09-23T16:10:31.599+0800][info][gc          ] GC(256) Pause Young (Normal) (G1 Evacuation Pause) 5028M->2484M(5360M) 3.475ms
[2025-09-23T16:10:31.599+0800][info][gc,cpu      ] GC(256) User=0.03s Sys=0.00s Real=0.00s
[2025-09-23T16:10:35.546+0800][info][gc,start    ] GC(257) Pause Young (Concurrent Start) (G1 Evacuation Pause)
[2025-09-23T16:10:35.546+0800][info][gc,task     ] GC(257) Using 8 workers of 8 for evacuation
[2025-09-23T16:10:35.549+0800][info][gc,phases   ] GC(257)   Pre Evacuate Collection Set: 0.1ms
[2025-09-23T16:10:35.549+0800][info][gc,phases   ] GC(257)   Merge Heap Roots: 0.1ms
[2025-09-23T16:10:35.549+0800][info][gc,phases   ] GC(257)   Evacuate Collection Set: 2.6ms
[2025-09-23T16:10:35.549+0800][info][gc,phases   ] GC(257)   Post Evacuate Collection Set: 0.3ms
[2025-09-23T16:10:35.549+0800][info][gc,phases   ] GC(257)   Other: 0.0ms
[2025-09-23T16:10:35.549+0800][info][gc,heap     ] GC(257) Eden regions: 159->0(159)
[2025-09-23T16:10:35.549+0800][info][gc,heap     ] GC(257) Survivor regions: 1->1(20)
[2025-09-23T16:10:35.549+0800][info][gc,heap     ] GC(257) Old regions: 147->147
[2025-09-23T16:10:35.549+0800][info][gc,heap     ] GC(257) Humongous regions: 9->9
[2025-09-23T16:10:35.549+0800][info][gc,metaspace] GC(257) Metaspace: 31401K(31936K)->31401K(31936K) NonClass: 26881K(27200K)->26881K(27200K) Class: 4520K(4736K)->4520K(4736K)
[2025-09-23T16:10:35.549+0800][info][gc          ] GC(257) Pause Young (Concurrent Start) (G1 Evacuation Pause) 5028M->2484M(5360M) 3.345ms
[2025-09-23T16:10:35.549+0800][info][gc,cpu      ] GC(257) User=0.02s Sys=0.00s Real=0.00s
[2025-09-23T16:10:35.549+0800][info][gc          ] GC(258) Concurrent Mark Cycle
[2025-09-23T16:10:35.549+0800][info][gc,marking  ] GC(258) Concurrent Scan Root Regions
[2025-09-23T16:10:35.550+0800][info][gc,marking  ] GC(258) Concurrent Scan Root Regions 1.076ms
[2025-09-23T16:10:35.550+0800][info][gc,marking  ] GC(258) Concurrent Mark
[2025-09-23T16:10:35.550+0800][info][gc,marking  ] GC(258) Concurrent Mark From Roots
[2025-09-23T16:10:35.550+0800][info][gc,task     ] GC(258) Using 2 workers of 2 for marking
[2025-09-23T16:10:36.602+0800][info][gc,marking  ] GC(258) Concurrent Mark From Roots 1052.309ms
[2025-09-23T16:10:36.602+0800][info][gc,marking  ] GC(258) Concurrent Preclean
[2025-09-23T16:10:36.602+0800][info][gc,marking  ] GC(258) Concurrent Preclean 0.088ms
[2025-09-23T16:10:36.603+0800][info][gc,start    ] GC(258) Pause Remark
[2025-09-23T16:10:36.603+0800][info][gc          ] GC(258) Pause Remark 2954M->2954M(5360M) 0.912ms
[2025-09-23T16:10:36.604+0800][info][gc,cpu      ] GC(258) User=0.01s Sys=0.00s Real=0.01s
[2025-09-23T16:10:36.604+0800][info][gc,marking  ] GC(258) Concurrent Mark 1053.555ms
[2025-09-23T16:10:36.604+0800][info][gc,marking  ] GC(258) Concurrent Rebuild Remembered Sets and Scrub Regions
[2025-09-23T16:10:36.876+0800][info][gc,marking  ] GC(258) Concurrent Rebuild Remembered Sets and Scrub Regions 272.485ms
[2025-09-23T16:10:36.876+0800][info][gc,start    ] GC(258) Pause Cleanup
[2025-09-23T16:10:36.876+0800][info][gc          ] GC(258) Pause Cleanup 3060M->3060M(5360M) 0.102ms
[2025-09-23T16:10:36.876+0800][info][gc,cpu      ] GC(258) User=0.00s Sys=0.00s Real=0.00s
[2025-09-23T16:10:36.876+0800][info][gc,marking  ] GC(258) Concurrent Clear Claimed Marks
[2025-09-23T16:10:36.876+0800][info][gc,marking  ] GC(258) Concurrent Clear Claimed Marks 0.045ms
[2025-09-23T16:10:36.876+0800][info][gc,marking  ] GC(258) Concurrent Cleanup for Next Mark
[2025-09-23T16:10:36.882+0800][info][gc,marking  ] GC(258) Concurrent Cleanup for Next Mark 5.752ms
[2025-09-23T16:10:36.882+0800][info][gc          ] GC(258) Concurrent Mark Cycle 1333.397ms
[2025-09-23T16:10:44.202+0800][info][gc,start    ] GC(259) Pause Young (Normal) (G1 Evacuation Pause)
[2025-09-23T16:10:44.202+0800][info][gc,task     ] GC(259) Using 8 workers of 8 for evacuation
[2025-09-23T16:10:44.206+0800][info][gc,phases   ] GC(259)   Pre Evacuate Collection Set: 0.1ms
[2025-09-23T16:10:44.206+0800][info][gc,phases   ] GC(259)   Merge Heap Roots: 0.1ms
[2025-09-23T16:10:44.206+0800][info][gc,phases   ] GC(259)   Evacuate Collection Set: 2.9ms
[2025-09-23T16:10:44.206+0800][info][gc,phases   ] GC(259)   Post Evacuate Collection Set: 0.4ms
[2025-09-23T16:10:44.206+0800][info][gc,phases   ] GC(259)   Other: 0.0ms
[2025-09-23T16:10:44.206+0800][info][gc,heap     ] GC(259) Eden regions: 159->0(159)
[2025-09-23T16:10:44.206+0800][info][gc,heap     ] GC(259) Survivor regions: 1->1(20)
[2025-09-23T16:10:44.206+0800][info][gc,heap     ] GC(259) Old regions: 147->147
[2025-09-23T16:10:44.206+0800][info][gc,heap     ] GC(259) Humongous regions: 9->9
[2025-09-23T16:10:44.206+0800][info][gc,metaspace] GC(259) Metaspace: 32526K(33216K)->32526K(33216K) NonClass: 27826K(28224K)->27826K(28224K) Class: 4700K(4992K)->4700K(4992K)
[2025-09-23T16:10:44.206+0800][info][gc          ] GC(259) Pause Young (Normal) (G1 Evacuation Pause) 5028M->2484M(5360M) 3.712ms
[2025-09-23T16:10:44.206+0800][info][gc,cpu      ] GC(259) User=0.02s Sys=0.00s Real=0.01s
[2025-09-23T16:10:50.318+0800][info][gc,start    ] GC(260) Pause Young (Concurrent Start) (G1 Evacuation Pause)
[2025-09-23T16:10:50.318+0800][info][gc,task     ] GC(260) Using 8 workers of 8 for evacuation
[2025-09-23T16:10:50.322+0800][info][gc,phases   ] GC(260)   Pre Evacuate Collection Set: 0.1ms
[2025-09-23T16:10:50.322+0800][info][gc,phases   ] GC(260)   Merge Heap Roots: 0.1ms
[2025-09-23T16:10:50.322+0800][info][gc,phases   ] GC(260)   Evacuate Collection Set: 3.3ms
[2025-09-23T16:10:50.322+0800][info][gc,phases   ] GC(260)   Post Evacuate Collection Set: 0.3ms
[2025-09-23T16:10:50.322+0800][info][gc,phases   ] GC(260)   Other: 0.0ms
[2025-09-23T16:10:50.322+0800][info][gc,heap     ] GC(260) Eden regions: 159->0(159)
[2025-09-23T16:10:50.322+0800][info][gc,heap     ] GC(260) Survivor regions: 1->1(20)
[2025-09-23T16:10:50.322+0800][info][gc,heap     ] GC(260) Old regions: 147->147
[2025-09-23T16:10:50.322+0800][info][gc,heap     ] GC(260) Humongous regions: 9->9
[2025-09-23T16:10:50.322+0800][info][gc,metaspace] GC(260) Metaspace: 32526K(33216K)->32526K(33216K) NonClass: 27826K(28224K)->27826K(28224K) Class: 4700K(4992K)->4700K(4992K)
[2025-09-23T16:10:50.322+0800][info][gc          ] GC(260) Pause Young (Concurrent Start) (G1 Evacuation Pause) 5028M->2484M(5360M) 4.070ms
[2025-09-23T16:10:50.322+0800][info][gc,cpu      ] GC(260) User=0.02s Sys=0.00s Real=0.00s
[2025-09-23T16:10:50.322+0800][info][gc          ] GC(261) Concurrent Mark Cycle
[2025-09-23T16:10:50.322+0800][info][gc,marking  ] GC(261) Concurrent Scan Root Regions
[2025-09-23T16:10:50.323+0800][info][gc,marking  ] GC(261) Concurrent Scan Root Regions 1.332ms
[2025-09-23T16:10:50.323+0800][info][gc,marking  ] GC(261) Concurrent Mark
[2025-09-23T16:10:50.323+0800][info][gc,marking  ] GC(261) Concurrent Mark From Roots
[2025-09-23T16:10:50.323+0800][info][gc,task     ] GC(261) Using 2 workers of 2 for marking
[2025-09-23T16:10:51.420+0800][info][gc,marking  ] GC(261) Concurrent Mark From Roots 1096.778ms
[2025-09-23T16:10:51.420+0800][info][gc,marking  ] GC(261) Concurrent Preclean
[2025-09-23T16:10:51.420+0800][info][gc,marking  ] GC(261) Concurrent Preclean 0.083ms
[2025-09-23T16:10:51.420+0800][info][gc,start    ] GC(261) Pause Remark
[2025-09-23T16:10:51.421+0800][info][gc          ] GC(261) Pause Remark 2916M->2916M(5360M) 1.244ms
[2025-09-23T16:10:51.421+0800][info][gc,cpu      ] GC(261) User=0.00s Sys=0.00s Real=0.00s
[2025-09-23T16:10:51.421+0800][info][gc,marking  ] GC(261) Concurrent Mark 1098.236ms
[2025-09-23T16:10:51.422+0800][info][gc,marking  ] GC(261) Concurrent Rebuild Remembered Sets and Scrub Regions
[2025-09-23T16:10:51.691+0800][info][gc,marking  ] GC(261) Concurrent Rebuild Remembered Sets and Scrub Regions 269.907ms
[2025-09-23T16:10:51.692+0800][info][gc,start    ] GC(261) Pause Cleanup
[2025-09-23T16:10:51.692+0800][info][gc          ] GC(261) Pause Cleanup 3019M->3019M(5360M) 0.097ms
[2025-09-23T16:10:51.692+0800][info][gc,cpu      ] GC(261) User=0.00s Sys=0.00s Real=0.00s
[2025-09-23T16:10:51.692+0800][info][gc,marking  ] GC(261) Concurrent Clear Claimed Marks
[2025-09-23T16:10:51.692+0800][info][gc,marking  ] GC(261) Concurrent Clear Claimed Marks 0.080ms
[2025-09-23T16:10:51.692+0800][info][gc,marking  ] GC(261) Concurrent Cleanup for Next Mark
[2025-09-23T16:10:51.696+0800][info][gc,marking  ] GC(261) Concurrent Cleanup for Next Mark 4.335ms
[2025-09-23T16:10:51.696+0800][info][gc          ] GC(261) Concurrent Mark Cycle 1374.318ms
[2025-09-23T16:10:56.673+0800][info][gc,start    ] GC(262) Pause Young (Normal) (G1 Evacuation Pause)
[2025-09-23T16:10:56.673+0800][info][gc,task     ] GC(262) Using 8 workers of 8 for evacuation
[2025-09-23T16:10:56.676+0800][info][gc,phases   ] GC(262)   Pre Evacuate Collection Set: 0.1ms
[2025-09-23T16:10:56.676+0800][info][gc,phases   ] GC(262)   Merge Heap Roots: 0.1ms
[2025-09-23T16:10:56.676+0800][info][gc,phases   ] GC(262)   Evacuate Collection Set: 2.3ms
[2025-09-23T16:10:56.676+0800][info][gc,phases   ] GC(262)   Post Evacuate Collection Set: 0.4ms
[2025-09-23T16:10:56.676+0800][info][gc,phases   ] GC(262)   Other: 0.0ms
[2025-09-23T16:10:56.676+0800][info][gc,heap     ] GC(262) Eden regions: 159->0(159)
[2025-09-23T16:10:56.676+0800][info][gc,heap     ] GC(262) Survivor regions: 1->1(20)
[2025-09-23T16:10:56.676+0800][info][gc,heap     ] GC(262) Old regions: 147->147
[2025-09-23T16:10:56.676+0800][info][gc,heap     ] GC(262) Humongous regions: 9->9
[2025-09-23T16:10:56.676+0800][info][gc,metaspace] GC(262) Metaspace: 32526K(33216K)->32526K(33216K) NonClass: 27826K(28224K)->27826K(28224K) Class: 4700K(4992K)->4700K(4992K)
[2025-09-23T16:10:56.676+0800][info][gc          ] GC(262) Pause Young (Normal) (G1 Evacuation Pause) 5028M->2484M(5360M) 2.998ms
[2025-09-23T16:10:56.676+0800][info][gc,cpu      ] GC(262) User=0.01s Sys=0.01s Real=0.01s
[2025-09-23T16:11:03.011+0800][info][gc,start    ] GC(263) Pause Young (Concurrent Start) (G1 Evacuation Pause)
[2025-09-23T16:11:03.011+0800][info][gc,task     ] GC(263) Using 8 workers of 8 for evacuation
[2025-09-23T16:11:03.014+0800][info][gc,phases   ] GC(263)   Pre Evacuate Collection Set: 0.1ms
[2025-09-23T16:11:03.014+0800][info][gc,phases   ] GC(263)   Merge Heap Roots: 0.1ms
[2025-09-23T16:11:03.014+0800][info][gc,phases   ] GC(263)   Evacuate Collection Set: 2.3ms
[2025-09-23T16:11:03.014+0800][info][gc,phases   ] GC(263)   Post Evacuate Collection Set: 0.4ms
[2025-09-23T16:11:03.014+0800][info][gc,phases   ] GC(263)   Other: 0.0ms
[2025-09-23T16:11:03.014+0800][info][gc,heap     ] GC(263) Eden regions: 159->0(159)
[2025-09-23T16:11:03.014+0800][info][gc,heap     ] GC(263) Survivor regions: 1->1(20)
[2025-09-23T16:11:03.014+0800][info][gc,heap     ] GC(263) Old regions: 147->147
[2025-09-23T16:11:03.014+0800][info][gc,heap     ] GC(263) Humongous regions: 9->9
[2025-09-23T16:11:03.014+0800][info][gc,metaspace] GC(263) Metaspace: 32526K(33216K)->32526K(33216K) NonClass: 27826K(28224K)->27826K(28224K) Class: 4700K(4992K)->4700K(4992K)
[2025-09-23T16:11:03.014+0800][info][gc          ] GC(263) Pause Young (Concurrent Start) (G1 Evacuation Pause) 5028M->2484M(5360M) 3.132ms
[2025-09-23T16:11:03.014+0800][info][gc,cpu      ] GC(263) User=0.02s Sys=0.00s Real=0.00s
[2025-09-23T16:11:03.014+0800][info][gc          ] GC(264) Concurrent Mark Cycle
[2025-09-23T16:11:03.014+0800][info][gc,marking  ] GC(264) Concurrent Scan Root Regions
[2025-09-23T16:11:03.015+0800][info][gc,marking  ] GC(264) Concurrent Scan Root Regions 1.295ms
[2025-09-23T16:11:03.016+0800][info][gc,marking  ] GC(264) Concurrent Mark
[2025-09-23T16:11:03.016+0800][info][gc,marking  ] GC(264) Concurrent Mark From Roots
[2025-09-23T16:11:03.016+0800][info][gc,task     ] GC(264) Using 2 workers of 2 for marking
[2025-09-23T16:11:04.078+0800][info][gc,marking  ] GC(264) Concurrent Mark From Roots 1062.710ms
[2025-09-23T16:11:04.078+0800][info][gc,marking  ] GC(264) Concurrent Preclean
[2025-09-23T16:11:04.078+0800][info][gc,marking  ] GC(264) Concurrent Preclean 0.091ms
[2025-09-23T16:11:04.078+0800][info][gc,start    ] GC(264) Pause Remark
[2025-09-23T16:11:04.080+0800][info][gc          ] GC(264) Pause Remark 2913M->2913M(5360M) 1.183ms
[2025-09-23T16:11:04.080+0800][info][gc,cpu      ] GC(264) User=0.00s Sys=0.00s Real=0.00s
[2025-09-23T16:11:04.080+0800][info][gc,marking  ] GC(264) Concurrent Mark 1064.182ms
[2025-09-23T16:11:04.080+0800][info][gc,marking  ] GC(264) Concurrent Rebuild Remembered Sets and Scrub Regions
[2025-09-23T16:11:04.367+0800][info][gc,marking  ] GC(264) Concurrent Rebuild Remembered Sets and Scrub Regions 287.608ms
[2025-09-23T16:11:04.367+0800][info][gc,start    ] GC(264) Pause Cleanup
[2025-09-23T16:11:04.368+0800][info][gc          ] GC(264) Pause Cleanup 3050M->3050M(5360M) 0.103ms
[2025-09-23T16:11:04.368+0800][info][gc,cpu      ] GC(264) User=0.00s Sys=0.00s Real=0.00s
[2025-09-23T16:11:04.368+0800][info][gc,marking  ] GC(264) Concurrent Clear Claimed Marks
[2025-09-23T16:11:04.368+0800][info][gc,marking  ] GC(264) Concurrent Clear Claimed Marks 0.065ms
[2025-09-23T16:11:04.368+0800][info][gc,marking  ] GC(264) Concurrent Cleanup for Next Mark
[2025-09-23T16:11:04.373+0800][info][gc,marking  ] GC(264) Concurrent Cleanup for Next Mark 5.192ms
[2025-09-23T16:11:04.373+0800][info][gc          ] GC(264) Concurrent Mark Cycle 1358.733ms
[2025-09-23T16:11:09.465+0800][info][gc,start    ] GC(265) Pause Young (Normal) (G1 Evacuation Pause)
[2025-09-23T16:11:09.465+0800][info][gc,task     ] GC(265) Using 8 workers of 8 for evacuation
[2025-09-23T16:11:09.468+0800][info][gc,phases   ] GC(265)   Pre Evacuate Collection Set: 0.1ms
[2025-09-23T16:11:09.468+0800][info][gc,phases   ] GC(265)   Merge Heap Roots: 0.1ms
[2025-09-23T16:11:09.468+0800][info][gc,phases   ] GC(265)   Evacuate Collection Set: 2.0ms
[2025-09-23T16:11:09.468+0800][info][gc,phases   ] GC(265)   Post Evacuate Collection Set: 0.4ms
[2025-09-23T16:11:09.468+0800][info][gc,phases   ] GC(265)   Other: 0.0ms
[2025-09-23T16:11:09.468+0800][info][gc,heap     ] GC(265) Eden regions: 159->0(159)
[2025-09-23T16:11:09.468+0800][info][gc,heap     ] GC(265) Survivor regions: 1->1(20)
[2025-09-23T16:11:09.468+0800][info][gc,heap     ] GC(265) Old regions: 147->147
[2025-09-23T16:11:09.468+0800][info][gc,heap     ] GC(265) Humongous regions: 9->9
[2025-09-23T16:11:09.468+0800][info][gc,metaspace] GC(265) Metaspace: 32526K(33216K)->32526K(33216K) NonClass: 27826K(28224K)->27826K(28224K) Class: 4700K(4992K)->4700K(4992K)
[2025-09-23T16:11:09.468+0800][info][gc          ] GC(265) Pause Young (Normal) (G1 Evacuation Pause) 5028M->2484M(5360M) 2.716ms
[2025-09-23T16:11:09.468+0800][info][gc,cpu      ] GC(265) User=0.02s Sys=0.00s Real=0.00s
[2025-09-23T16:11:15.760+0800][info][gc,start    ] GC(266) Pause Young (Concurrent Start) (G1 Evacuation Pause)
[2025-09-23T16:11:15.760+0800][info][gc,task     ] GC(266) Using 8 workers of 8 for evacuation
[2025-09-23T16:11:15.763+0800][info][gc,phases   ] GC(266)   Pre Evacuate Collection Set: 0.1ms
[2025-09-23T16:11:15.763+0800][info][gc,phases   ] GC(266)   Merge Heap Roots: 0.1ms
[2025-09-23T16:11:15.763+0800][info][gc,phases   ] GC(266)   Evacuate Collection Set: 2.0ms
[2025-09-23T16:11:15.763+0800][info][gc,phases   ] GC(266)   Post Evacuate Collection Set: 0.4ms
[2025-09-23T16:11:15.763+0800][info][gc,phases   ] GC(266)   Other: 0.0ms
[2025-09-23T16:11:15.763+0800][info][gc,heap     ] GC(266) Eden regions: 159->0(159)
[2025-09-23T16:11:15.763+0800][info][gc,heap     ] GC(266) Survivor regions: 1->1(20)
[2025-09-23T16:11:15.763+0800][info][gc,heap     ] GC(266) Old regions: 147->147
[2025-09-23T16:11:15.763+0800][info][gc,heap     ] GC(266) Humongous regions: 9->9
[2025-09-23T16:11:15.763+0800][info][gc,metaspace] GC(266) Metaspace: 32526K(33216K)->32526K(33216K) NonClass: 27826K(28224K)->27826K(28224K) Class: 4700K(4992K)->4700K(4992K)
[2025-09-23T16:11:15.763+0800][info][gc          ] GC(266) Pause Young (Concurrent Start) (G1 Evacuation Pause) 5028M->2484M(5360M) 2.786ms
[2025-09-23T16:11:15.763+0800][info][gc,cpu      ] GC(266) User=0.02s Sys=0.00s Real=0.01s
[2025-09-23T16:11:15.763+0800][info][gc          ] GC(267) Concurrent Mark Cycle
[2025-09-23T16:11:15.763+0800][info][gc,marking  ] GC(267) Concurrent Scan Root Regions
[2025-09-23T16:11:15.764+0800][info][gc,marking  ] GC(267) Concurrent Scan Root Regions 1.224ms
[2025-09-23T16:11:15.764+0800][info][gc,marking  ] GC(267) Concurrent Mark
[2025-09-23T16:11:15.764+0800][info][gc,marking  ] GC(267) Concurrent Mark From Roots
[2025-09-23T16:11:15.764+0800][info][gc,task     ] GC(267) Using 2 workers of 2 for marking
[2025-09-23T16:11:16.806+0800][info][gc,marking  ] GC(267) Concurrent Mark From Roots 1042.007ms
[2025-09-23T16:11:16.806+0800][info][gc,marking  ] GC(267) Concurrent Preclean
[2025-09-23T16:11:16.806+0800][info][gc,marking  ] GC(267) Concurrent Preclean 0.086ms
[2025-09-23T16:11:16.807+0800][info][gc,start    ] GC(267) Pause Remark
[2025-09-23T16:11:16.808+0800][info][gc          ] GC(267) Pause Remark 2868M->2868M(5360M) 1.231ms
[2025-09-23T16:11:16.808+0800][info][gc,cpu      ] GC(267) User=0.01s Sys=0.00s Real=0.00s
[2025-09-23T16:11:16.808+0800][info][gc,marking  ] GC(267) Concurrent Mark 1043.536ms
[2025-09-23T16:11:16.808+0800][info][gc,marking  ] GC(267) Concurrent Rebuild Remembered Sets and Scrub Regions
[2025-09-23T16:11:17.069+0800][info][gc,marking  ] GC(267) Concurrent Rebuild Remembered Sets and Scrub Regions 260.954ms
[2025-09-23T16:11:17.069+0800][info][gc,start    ] GC(267) Pause Cleanup
[2025-09-23T16:11:17.069+0800][info][gc          ] GC(267) Pause Cleanup 2948M->2948M(5360M) 0.079ms
[2025-09-23T16:11:17.069+0800][info][gc,cpu      ] GC(267) User=0.00s Sys=0.00s Real=0.00s
[2025-09-23T16:11:17.069+0800][info][gc,marking  ] GC(267) Concurrent Clear Claimed Marks
[2025-09-23T16:11:17.069+0800][info][gc,marking  ] GC(267) Concurrent Clear Claimed Marks 0.059ms
[2025-09-23T16:11:17.069+0800][info][gc,marking  ] GC(267) Concurrent Cleanup for Next Mark
[2025-09-23T16:11:17.075+0800][info][gc,marking  ] GC(267) Concurrent Cleanup for Next Mark 5.435ms
[2025-09-23T16:11:17.075+0800][info][gc          ] GC(267) Concurrent Mark Cycle 1311.564ms
[2025-09-23T16:11:22.214+0800][info][gc,start    ] GC(268) Pause Young (Normal) (G1 Evacuation Pause)
[2025-09-23T16:11:22.214+0800][info][gc,task     ] GC(268) Using 8 workers of 8 for evacuation
[2025-09-23T16:11:22.216+0800][info][gc,phases   ] GC(268)   Pre Evacuate Collection Set: 0.1ms
[2025-09-23T16:11:22.216+0800][info][gc,phases   ] GC(268)   Merge Heap Roots: 0.1ms
[2025-09-23T16:11:22.216+0800][info][gc,phases   ] GC(268)   Evacuate Collection Set: 1.8ms
[2025-09-23T16:11:22.216+0800][info][gc,phases   ] GC(268)   Post Evacuate Collection Set: 0.3ms
[2025-09-23T16:11:22.216+0800][info][gc,phases   ] GC(268)   Other: 0.0ms
[2025-09-23T16:11:22.216+0800][info][gc,heap     ] GC(268) Eden regions: 159->0(159)
[2025-09-23T16:11:22.216+0800][info][gc,heap     ] GC(268) Survivor regions: 1->1(20)
[2025-09-23T16:11:22.216+0800][info][gc,heap     ] GC(268) Old regions: 147->147
[2025-09-23T16:11:22.216+0800][info][gc,heap     ] GC(268) Humongous regions: 9->9
[2025-09-23T16:11:22.216+0800][info][gc,metaspace] GC(268) Metaspace: 32526K(33216K)->32526K(33216K) NonClass: 27826K(28224K)->27826K(28224K) Class: 4700K(4992K)->4700K(4992K)
[2025-09-23T16:11:22.216+0800][info][gc          ] GC(268) Pause Young (Normal) (G1 Evacuation Pause) 5028M->2484M(5360M) 2.503ms
[2025-09-23T16:11:22.216+0800][info][gc,cpu      ] GC(268) User=0.01s Sys=0.00s Real=0.01s
[2025-09-23T16:11:28.445+0800][info][gc,start    ] GC(269) Pause Young (Concurrent Start) (G1 Evacuation Pause)
[2025-09-23T16:11:28.445+0800][info][gc,task     ] GC(269) Using 8 workers of 8 for evacuation
[2025-09-23T16:11:28.447+0800][info][gc,phases   ] GC(269)   Pre Evacuate Collection Set: 0.1ms
[2025-09-23T16:11:28.447+0800][info][gc,phases   ] GC(269)   Merge Heap Roots: 0.1ms
[2025-09-23T16:11:28.447+0800][info][gc,phases   ] GC(269)   Evacuate Collection Set: 1.5ms
[2025-09-23T16:11:28.447+0800][info][gc,phases   ] GC(269)   Post Evacuate Collection Set: 0.4ms
[2025-09-23T16:11:28.447+0800][info][gc,phases   ] GC(269)   Other: 0.0ms
[2025-09-23T16:11:28.447+0800][info][gc,heap     ] GC(269) Eden regions: 159->0(159)
[2025-09-23T16:11:28.447+0800][info][gc,heap     ] GC(269) Survivor regions: 1->1(20)
[2025-09-23T16:11:28.447+0800][info][gc,heap     ] GC(269) Old regions: 147->147
[2025-09-23T16:11:28.447+0800][info][gc,heap     ] GC(269) Humongous regions: 9->9
[2025-09-23T16:11:28.447+0800][info][gc,metaspace] GC(269) Metaspace: 32526K(33216K)->32526K(33216K) NonClass: 27826K(28224K)->27826K(28224K) Class: 4700K(4992K)->4700K(4992K)
[2025-09-23T16:11:28.447+0800][info][gc          ] GC(269) Pause Young (Concurrent Start) (G1 Evacuation Pause) 5028M->2484M(5360M) 2.215ms
[2025-09-23T16:11:28.447+0800][info][gc,cpu      ] GC(269) User=0.01s Sys=0.00s Real=0.00s
[2025-09-23T16:11:28.447+0800][info][gc          ] GC(270) Concurrent Mark Cycle
[2025-09-23T16:11:28.447+0800][info][gc,marking  ] GC(270) Concurrent Scan Root Regions
[2025-09-23T16:11:28.449+0800][info][gc,marking  ] GC(270) Concurrent Scan Root Regions 1.164ms
[2025-09-23T16:11:28.449+0800][info][gc,marking  ] GC(270) Concurrent Mark
[2025-09-23T16:11:28.449+0800][info][gc,marking  ] GC(270) Concurrent Mark From Roots
[2025-09-23T16:11:28.449+0800][info][gc,task     ] GC(270) Using 2 workers of 2 for marking
[2025-09-23T16:11:29.414+0800][info][gc,marking  ] GC(270) Concurrent Mark From Roots 965.738ms
[2025-09-23T16:11:29.414+0800][info][gc,marking  ] GC(270) Concurrent Preclean
[2025-09-23T16:11:29.415+0800][info][gc,marking  ] GC(270) Concurrent Preclean 0.083ms
[2025-09-23T16:11:29.415+0800][info][gc,start    ] GC(270) Pause Remark
[2025-09-23T16:11:29.416+0800][info][gc          ] GC(270) Pause Remark 2769M->2769M(5360M) 1.262ms
[2025-09-23T16:11:29.416+0800][info][gc,cpu      ] GC(270) User=0.01s Sys=0.00s Real=0.01s
[2025-09-23T16:11:29.416+0800][info][gc,marking  ] GC(270) Concurrent Mark 967.219ms
[2025-09-23T16:11:29.416+0800][info][gc,marking  ] GC(270) Concurrent Rebuild Remembered Sets and Scrub Regions
[2025-09-23T16:11:29.699+0800][info][gc,marking  ] GC(270) Concurrent Rebuild Remembered Sets and Scrub Regions 282.908ms
[2025-09-23T16:11:29.699+0800][info][gc,start    ] GC(270) Pause Cleanup
[2025-09-23T16:11:29.699+0800][info][gc          ] GC(270) Pause Cleanup 2890M->2890M(5360M) 0.094ms
[2025-09-23T16:11:29.699+0800][info][gc,cpu      ] GC(270) User=0.00s Sys=0.00s Real=0.00s
[2025-09-23T16:11:29.699+0800][info][gc,marking  ] GC(270) Concurrent Clear Claimed Marks
[2025-09-23T16:11:29.699+0800][info][gc,marking  ] GC(270) Concurrent Clear Claimed Marks 0.068ms
[2025-09-23T16:11:29.699+0800][info][gc,marking  ] GC(270) Concurrent Cleanup for Next Mark
[2025-09-23T16:11:29.703+0800][info][gc,marking  ] GC(270) Concurrent Cleanup for Next Mark 4.295ms
[2025-09-23T16:11:29.704+0800][info][gc          ] GC(270) Concurrent Mark Cycle 1256.071ms
[2025-09-23T16:11:34.814+0800][info][gc,start    ] GC(271) Pause Young (Normal) (G1 Evacuation Pause)
[2025-09-23T16:11:34.814+0800][info][gc,task     ] GC(271) Using 8 workers of 8 for evacuation
[2025-09-23T16:11:34.816+0800][info][gc,phases   ] GC(271)   Pre Evacuate Collection Set: 0.1ms
[2025-09-23T16:11:34.816+0800][info][gc,phases   ] GC(271)   Merge Heap Roots: 0.1ms
[2025-09-23T16:11:34.816+0800][info][gc,phases   ] GC(271)   Evacuate Collection Set: 1.5ms
[2025-09-23T16:11:34.816+0800][info][gc,phases   ] GC(271)   Post Evacuate Collection Set: 0.3ms
[2025-09-23T16:11:34.816+0800][info][gc,phases   ] GC(271)   Other: 0.0ms
[2025-09-23T16:11:34.816+0800][info][gc,heap     ] GC(271) Eden regions: 159->0(159)
[2025-09-23T16:11:34.816+0800][info][gc,heap     ] GC(271) Survivor regions: 1->1(20)
[2025-09-23T16:11:34.816+0800][info][gc,heap     ] GC(271) Old regions: 147->147
[2025-09-23T16:11:34.816+0800][info][gc,heap     ] GC(271) Humongous regions: 9->9
[2025-09-23T16:11:34.816+0800][info][gc,metaspace] GC(271) Metaspace: 32526K(33216K)->32526K(33216K) NonClass: 27826K(28224K)->27826K(28224K) Class: 4700K(4992K)->4700K(4992K)
[2025-09-23T16:11:34.816+0800][info][gc          ] GC(271) Pause Young (Normal) (G1 Evacuation Pause) 5028M->2484M(5360M) 2.198ms
[2025-09-23T16:11:34.816+0800][info][gc,cpu      ] GC(271) User=0.02s Sys=0.00s Real=0.01s
[2025-09-23T16:11:41.546+0800][info][gc,start    ] GC(272) Pause Young (Concurrent Start) (G1 Evacuation Pause)
[2025-09-23T16:11:41.546+0800][info][gc,task     ] GC(272) Using 8 workers of 8 for evacuation
[2025-09-23T16:11:41.548+0800][info][gc,phases   ] GC(272)   Pre Evacuate Collection Set: 0.1ms
[2025-09-23T16:11:41.548+0800][info][gc,phases   ] GC(272)   Merge Heap Roots: 0.1ms
[2025-09-23T16:11:41.548+0800][info][gc,phases   ] GC(272)   Evacuate Collection Set: 1.2ms
[2025-09-23T16:11:41.548+0800][info][gc,phases   ] GC(272)   Post Evacuate Collection Set: 0.4ms
[2025-09-23T16:11:41.548+0800][info][gc,phases   ] GC(272)   Other: 0.0ms
[2025-09-23T16:11:41.548+0800][info][gc,heap     ] GC(272) Eden regions: 159->0(159)
[2025-09-23T16:11:41.548+0800][info][gc,heap     ] GC(272) Survivor regions: 1->1(20)
[2025-09-23T16:11:41.548+0800][info][gc,heap     ] GC(272) Old regions: 147->147
[2025-09-23T16:11:41.548+0800][info][gc,heap     ] GC(272) Humongous regions: 9->9
[2025-09-23T16:11:41.548+0800][info][gc,metaspace] GC(272) Metaspace: 32526K(33216K)->32526K(33216K) NonClass: 27826K(28224K)->27826K(28224K) Class: 4700K(4992K)->4700K(4992K)
[2025-09-23T16:11:41.548+0800][info][gc          ] GC(272) Pause Young (Concurrent Start) (G1 Evacuation Pause) 5028M->2484M(5360M) 1.996ms
[2025-09-23T16:11:41.548+0800][info][gc,cpu      ] GC(272) User=0.01s Sys=0.00s Real=0.00s
[2025-09-23T16:11:41.548+0800][info][gc          ] GC(273) Concurrent Mark Cycle
[2025-09-23T16:11:41.548+0800][info][gc,marking  ] GC(273) Concurrent Scan Root Regions
[2025-09-23T16:11:41.549+0800][info][gc,marking  ] GC(273) Concurrent Scan Root Regions 1.143ms
[2025-09-23T16:11:41.549+0800][info][gc,marking  ] GC(273) Concurrent Mark
[2025-09-23T16:11:41.549+0800][info][gc,marking  ] GC(273) Concurrent Mark From Roots
[2025-09-23T16:11:41.549+0800][info][gc,task     ] GC(273) Using 2 workers of 2 for marking
[2025-09-23T16:11:42.706+0800][info][gc,marking  ] GC(273) Concurrent Mark From Roots 1157.128ms
[2025-09-23T16:11:42.706+0800][info][gc,marking  ] GC(273) Concurrent Preclean
[2025-09-23T16:11:42.706+0800][info][gc,marking  ] GC(273) Concurrent Preclean 0.082ms
[2025-09-23T16:11:42.706+0800][info][gc,start    ] GC(273) Pause Remark
[2025-09-23T16:11:42.709+0800][info][gc          ] GC(273) Pause Remark 3050M->3050M(5360M) 2.246ms
[2025-09-23T16:11:42.709+0800][info][gc,cpu      ] GC(273) User=0.01s Sys=0.00s Real=0.00s
[2025-09-23T16:11:42.709+0800][info][gc,marking  ] GC(273) Concurrent Mark 1159.596ms
[2025-09-23T16:11:42.709+0800][info][gc,marking  ] GC(273) Concurrent Rebuild Remembered Sets and Scrub Regions
[2025-09-23T16:11:42.962+0800][info][gc,marking  ] GC(273) Concurrent Rebuild Remembered Sets and Scrub Regions 253.602ms
[2025-09-23T16:11:42.962+0800][info][gc,start    ] GC(273) Pause Cleanup
[2025-09-23T16:11:42.962+0800][info][gc          ] GC(273) Pause Cleanup 3121M->3121M(5360M) 0.089ms
[2025-09-23T16:11:42.962+0800][info][gc,cpu      ] GC(273) User=0.00s Sys=0.00s Real=0.00s
[2025-09-23T16:11:42.962+0800][info][gc,marking  ] GC(273) Concurrent Clear Claimed Marks
[2025-09-23T16:11:42.962+0800][info][gc,marking  ] GC(273) Concurrent Clear Claimed Marks 0.057ms
[2025-09-23T16:11:42.962+0800][info][gc,marking  ] GC(273) Concurrent Cleanup for Next Mark
[2025-09-23T16:11:42.966+0800][info][gc,marking  ] GC(273) Concurrent Cleanup for Next Mark 3.983ms
[2025-09-23T16:11:42.966+0800][info][gc          ] GC(273) Concurrent Mark Cycle 1418.687ms
[2025-09-23T16:11:47.943+0800][info][gc,start    ] GC(274) Pause Young (Normal) (G1 Evacuation Pause)
[2025-09-23T16:11:47.943+0800][info][gc,task     ] GC(274) Using 8 workers of 8 for evacuation
[2025-09-23T16:11:47.945+0800][info][gc,phases   ] GC(274)   Pre Evacuate Collection Set: 0.1ms
[2025-09-23T16:11:47.945+0800][info][gc,phases   ] GC(274)   Merge Heap Roots: 0.1ms
[2025-09-23T16:11:47.945+0800][info][gc,phases   ] GC(274)   Evacuate Collection Set: 1.1ms
[2025-09-23T16:11:47.945+0800][info][gc,phases   ] GC(274)   Post Evacuate Collection Set: 0.3ms
[2025-09-23T16:11:47.945+0800][info][gc,phases   ] GC(274)   Other: 0.0ms
[2025-09-23T16:11:47.945+0800][info][gc,heap     ] GC(274) Eden regions: 159->0(159)
[2025-09-23T16:11:47.945+0800][info][gc,heap     ] GC(274) Survivor regions: 1->1(20)
[2025-09-23T16:11:47.945+0800][info][gc,heap     ] GC(274) Old regions: 147->147
[2025-09-23T16:11:47.945+0800][info][gc,heap     ] GC(274) Humongous regions: 9->9
[2025-09-23T16:11:47.945+0800][info][gc,metaspace] GC(274) Metaspace: 32526K(33216K)->32526K(33216K) NonClass: 27826K(28224K)->27826K(28224K) Class: 4700K(4992K)->4700K(4992K)
[2025-09-23T16:11:47.945+0800][info][gc          ] GC(274) Pause Young (Normal) (G1 Evacuation Pause) 5028M->2484M(5360M) 1.833ms
[2025-09-23T16:11:47.945+0800][info][gc,cpu      ] GC(274) User=0.01s Sys=0.00s Real=0.00s
[2025-09-23T16:11:54.484+0800][info][gc,start    ] GC(275) Pause Young (Concurrent Start) (G1 Evacuation Pause)
[2025-09-23T16:11:54.484+0800][info][gc,task     ] GC(275) Using 8 workers of 8 for evacuation
[2025-09-23T16:11:54.485+0800][info][gc,phases   ] GC(275)   Pre Evacuate Collection Set: 0.1ms
[2025-09-23T16:11:54.485+0800][info][gc,phases   ] GC(275)   Merge Heap Roots: 0.1ms
[2025-09-23T16:11:54.485+0800][info][gc,phases   ] GC(275)   Evacuate Collection Set: 1.0ms
[2025-09-23T16:11:54.486+0800][info][gc,phases   ] GC(275)   Post Evacuate Collection Set: 0.3ms
[2025-09-23T16:11:54.486+0800][info][gc,phases   ] GC(275)   Other: 0.0ms
[2025-09-23T16:11:54.486+0800][info][gc,heap     ] GC(275) Eden regions: 159->0(159)
[2025-09-23T16:11:54.486+0800][info][gc,heap     ] GC(275) Survivor regions: 1->1(20)
[2025-09-23T16:11:54.486+0800][info][gc,heap     ] GC(275) Old regions: 147->147
[2025-09-23T16:11:54.486+0800][info][gc,heap     ] GC(275) Humongous regions: 9->9
[2025-09-23T16:11:54.486+0800][info][gc,metaspace] GC(275) Metaspace: 32526K(33216K)->32526K(33216K) NonClass: 27826K(28224K)->27826K(28224K) Class: 4700K(4992K)->4700K(4992K)
[2025-09-23T16:11:54.486+0800][info][gc          ] GC(275) Pause Young (Concurrent Start) (G1 Evacuation Pause) 5028M->2484M(5360M) 1.730ms
[2025-09-23T16:11:54.486+0800][info][gc,cpu      ] GC(275) User=0.01s Sys=0.00s Real=0.00s
[2025-09-23T16:11:54.486+0800][info][gc          ] GC(276) Concurrent Mark Cycle
[2025-09-23T16:11:54.486+0800][info][gc,marking  ] GC(276) Concurrent Scan Root Regions
[2025-09-23T16:11:54.487+0800][info][gc,marking  ] GC(276) Concurrent Scan Root Regions 1.088ms
[2025-09-23T16:11:54.487+0800][info][gc,marking  ] GC(276) Concurrent Mark
[2025-09-23T16:11:54.487+0800][info][gc,marking  ] GC(276) Concurrent Mark From Roots
[2025-09-23T16:11:54.487+0800][info][gc,task     ] GC(276) Using 2 workers of 2 for marking
[2025-09-23T16:11:55.618+0800][info][gc,marking  ] GC(276) Concurrent Mark From Roots 1131.618ms
[2025-09-23T16:11:55.618+0800][info][gc,marking  ] GC(276) Concurrent Preclean
[2025-09-23T16:11:55.618+0800][info][gc,marking  ] GC(276) Concurrent Preclean 0.083ms
[2025-09-23T16:11:55.619+0800][info][gc,start    ] GC(276) Pause Remark
[2025-09-23T16:11:55.620+0800][info][gc          ] GC(276) Pause Remark 3002M->3002M(5360M) 0.974ms
[2025-09-23T16:11:55.620+0800][info][gc,cpu      ] GC(276) User=0.01s Sys=0.00s Real=0.00s
[2025-09-23T16:11:55.620+0800][info][gc,marking  ] GC(276) Concurrent Mark 1132.871ms
[2025-09-23T16:11:55.620+0800][info][gc,marking  ] GC(276) Concurrent Rebuild Remembered Sets and Scrub Regions
[2025-09-23T16:11:55.874+0800][info][gc,marking  ] GC(276) Concurrent Rebuild Remembered Sets and Scrub Regions 254.737ms
[2025-09-23T16:11:55.874+0800][info][gc,start    ] GC(276) Pause Cleanup
[2025-09-23T16:11:55.875+0800][info][gc          ] GC(276) Pause Cleanup 3067M->3067M(5360M) 0.093ms
[2025-09-23T16:11:55.875+0800][info][gc,cpu      ] GC(276) User=0.00s Sys=0.00s Real=0.00s
[2025-09-23T16:11:55.875+0800][info][gc,marking  ] GC(276) Concurrent Clear Claimed Marks
[2025-09-23T16:11:55.875+0800][info][gc,marking  ] GC(276) Concurrent Clear Claimed Marks 0.069ms
[2025-09-23T16:11:55.875+0800][info][gc,marking  ] GC(276) Concurrent Cleanup for Next Mark
[2025-09-23T16:11:55.879+0800][info][gc,marking  ] GC(276) Concurrent Cleanup for Next Mark 4.091ms
[2025-09-23T16:11:55.879+0800][info][gc          ] GC(276) Concurrent Mark Cycle 1393.260ms
[2025-09-23T16:12:01.378+0800][info][gc,start    ] GC(277) Pause Young (Normal) (G1 Evacuation Pause)
[2025-09-23T16:12:01.378+0800][info][gc,task     ] GC(277) Using 8 workers of 8 for evacuation
[2025-09-23T16:12:01.379+0800][info][gc,phases   ] GC(277)   Pre Evacuate Collection Set: 0.1ms
[2025-09-23T16:12:01.379+0800][info][gc,phases   ] GC(277)   Merge Heap Roots: 0.1ms
[2025-09-23T16:12:01.379+0800][info][gc,phases   ] GC(277)   Evacuate Collection Set: 0.9ms
[2025-09-23T16:12:01.379+0800][info][gc,phases   ] GC(277)   Post Evacuate Collection Set: 0.4ms
[2025-09-23T16:12:01.379+0800][info][gc,phases   ] GC(277)   Other: 0.0ms
[2025-09-23T16:12:01.379+0800][info][gc,heap     ] GC(277) Eden regions: 159->0(159)
[2025-09-23T16:12:01.379+0800][info][gc,heap     ] GC(277) Survivor regions: 1->1(20)
[2025-09-23T16:12:01.379+0800][info][gc,heap     ] GC(277) Old regions: 147->147
[2025-09-23T16:12:01.379+0800][info][gc,heap     ] GC(277) Humongous regions: 9->9
[2025-09-23T16:12:01.379+0800][info][gc,metaspace] GC(277) Metaspace: 32526K(33216K)->32526K(33216K) NonClass: 27826K(28224K)->27826K(28224K) Class: 4700K(4992K)->4700K(4992K)
[2025-09-23T16:12:01.379+0800][info][gc          ] GC(277) Pause Young (Normal) (G1 Evacuation Pause) 5028M->2484M(5360M) 1.602ms
[2025-09-23T16:12:01.379+0800][info][gc,cpu      ] GC(277) User=0.01s Sys=0.01s Real=0.00s
[2025-09-23T16:12:07.370+0800][info][gc,start    ] GC(278) Pause Young (Concurrent Start) (G1 Evacuation Pause)
[2025-09-23T16:12:07.370+0800][info][gc,task     ] GC(278) Using 8 workers of 8 for evacuation
[2025-09-23T16:12:07.371+0800][info][gc,phases   ] GC(278)   Pre Evacuate Collection Set: 0.1ms
[2025-09-23T16:12:07.371+0800][info][gc,phases   ] GC(278)   Merge Heap Roots: 0.1ms
[2025-09-23T16:12:07.371+0800][info][gc,phases   ] GC(278)   Evacuate Collection Set: 0.8ms
[2025-09-23T16:12:07.371+0800][info][gc,phases   ] GC(278)   Post Evacuate Collection Set: 0.4ms
[2025-09-23T16:12:07.371+0800][info][gc,phases   ] GC(278)   Other: 0.1ms
[2025-09-23T16:12:07.371+0800][info][gc,heap     ] GC(278) Eden regions: 159->0(159)
[2025-09-23T16:12:07.371+0800][info][gc,heap     ] GC(278) Survivor regions: 1->1(20)
[2025-09-23T16:12:07.371+0800][info][gc,heap     ] GC(278) Old regions: 147->147
[2025-09-23T16:12:07.371+0800][info][gc,heap     ] GC(278) Humongous regions: 9->9
[2025-09-23T16:12:07.371+0800][info][gc,metaspace] GC(278) Metaspace: 32526K(33216K)->32526K(33216K) NonClass: 27826K(28224K)->27826K(28224K) Class: 4700K(4992K)->4700K(4992K)
[2025-09-23T16:12:07.371+0800][info][gc          ] GC(278) Pause Young (Concurrent Start) (G1 Evacuation Pause) 5028M->2484M(5360M) 1.551ms
[2025-09-23T16:12:07.371+0800][info][gc,cpu      ] GC(278) User=0.00s Sys=0.01s Real=0.00s
[2025-09-23T16:12:07.371+0800][info][gc          ] GC(279) Concurrent Mark Cycle
[2025-09-23T16:12:07.371+0800][info][gc,marking  ] GC(279) Concurrent Scan Root Regions
[2025-09-23T16:12:07.372+0800][info][gc,marking  ] GC(279) Concurrent Scan Root Regions 0.687ms
[2025-09-23T16:12:07.372+0800][info][gc,marking  ] GC(279) Concurrent Mark
[2025-09-23T16:12:07.372+0800][info][gc,marking  ] GC(279) Concurrent Mark From Roots
[2025-09-23T16:12:07.372+0800][info][gc,task     ] GC(279) Using 2 workers of 2 for marking
[2025-09-23T16:12:08.387+0800][info][gc,marking  ] GC(279) Concurrent Mark From Roots 1014.769ms
[2025-09-23T16:12:08.387+0800][info][gc,marking  ] GC(279) Concurrent Preclean
[2025-09-23T16:12:08.387+0800][info][gc,marking  ] GC(279) Concurrent Preclean 0.080ms
[2025-09-23T16:12:08.387+0800][info][gc,start    ] GC(279) Pause Remark
[2025-09-23T16:12:08.388+0800][info][gc          ] GC(279) Pause Remark 2772M->2772M(5360M) 0.948ms
[2025-09-23T16:12:08.388+0800][info][gc,cpu      ] GC(279) User=0.00s Sys=0.00s Real=0.00s
[2025-09-23T16:12:08.388+0800][info][gc,marking  ] GC(279) Concurrent Mark 1015.940ms
[2025-09-23T16:12:08.388+0800][info][gc,marking  ] GC(279) Concurrent Rebuild Remembered Sets and Scrub Regions
[2025-09-23T16:12:08.643+0800][info][gc,marking  ] GC(279) Concurrent Rebuild Remembered Sets and Scrub Regions 255.210ms
[2025-09-23T16:12:08.643+0800][info][gc,start    ] GC(279) Pause Cleanup
[2025-09-23T16:12:08.643+0800][info][gc          ] GC(279) Pause Cleanup 2833M->2833M(5360M) 0.095ms
[2025-09-23T16:12:08.643+0800][info][gc,cpu      ] GC(279) User=0.00s Sys=0.00s Real=0.00s
[2025-09-23T16:12:08.643+0800][info][gc,marking  ] GC(279) Concurrent Clear Claimed Marks
[2025-09-23T16:12:08.643+0800][info][gc,marking  ] GC(279) Concurrent Clear Claimed Marks 0.066ms
[2025-09-23T16:12:08.643+0800][info][gc,marking  ] GC(279) Concurrent Cleanup for Next Mark
[2025-09-23T16:12:08.648+0800][info][gc,marking  ] GC(279) Concurrent Cleanup for Next Mark 4.139ms
[2025-09-23T16:12:08.648+0800][info][gc          ] GC(279) Concurrent Mark Cycle 1276.328ms
[2025-09-23T16:12:14.503+0800][info][gc,start    ] GC(280) Pause Young (Normal) (G1 Evacuation Pause)
[2025-09-23T16:12:14.503+0800][info][gc,task     ] GC(280) Using 8 workers of 8 for evacuation
[2025-09-23T16:12:14.504+0800][info][gc,phases   ] GC(280)   Pre Evacuate Collection Set: 0.1ms
[2025-09-23T16:12:14.504+0800][info][gc,phases   ] GC(280)   Merge Heap Roots: 0.1ms
[2025-09-23T16:12:14.504+0800][info][gc,phases   ] GC(280)   Evacuate Collection Set: 0.7ms
[2025-09-23T16:12:14.504+0800][info][gc,phases   ] GC(280)   Post Evacuate Collection Set: 0.4ms
[2025-09-23T16:12:14.504+0800][info][gc,phases   ] GC(280)   Other: 0.0ms
[2025-09-23T16:12:14.504+0800][info][gc,heap     ] GC(280) Eden regions: 159->0(159)
[2025-09-23T16:12:14.504+0800][info][gc,heap     ] GC(280) Survivor regions: 1->1(20)
[2025-09-23T16:12:14.504+0800][info][gc,heap     ] GC(280) Old regions: 147->147
[2025-09-23T16:12:14.504+0800][info][gc,heap     ] GC(280) Humongous regions: 9->9
[2025-09-23T16:12:14.504+0800][info][gc,metaspace] GC(280) Metaspace: 32526K(33216K)->32526K(33216K) NonClass: 27826K(28224K)->27826K(28224K) Class: 4700K(4992K)->4700K(4992K)
[2025-09-23T16:12:14.504+0800][info][gc          ] GC(280) Pause Young (Normal) (G1 Evacuation Pause) 5028M->2484M(5360M) 1.406ms
[2025-09-23T16:12:14.504+0800][info][gc,cpu      ] GC(280) User=0.01s Sys=0.00s Real=0.00s
[2025-09-23T16:12:20.588+0800][info][gc,start    ] GC(281) Pause Young (Concurrent Start) (G1 Evacuation Pause)
[2025-09-23T16:12:20.589+0800][info][gc,task     ] GC(281) Using 8 workers of 8 for evacuation
[2025-09-23T16:12:20.590+0800][info][gc,phases   ] GC(281)   Pre Evacuate Collection Set: 0.1ms
[2025-09-23T16:12:20.590+0800][info][gc,phases   ] GC(281)   Merge Heap Roots: 0.1ms
[2025-09-23T16:12:20.590+0800][info][gc,phases   ] GC(281)   Evacuate Collection Set: 0.7ms
[2025-09-23T16:12:20.590+0800][info][gc,phases   ] GC(281)   Post Evacuate Collection Set: 0.3ms
[2025-09-23T16:12:20.590+0800][info][gc,phases   ] GC(281)   Other: 0.0ms
[2025-09-23T16:12:20.590+0800][info][gc,heap     ] GC(281) Eden regions: 159->0(159)
[2025-09-23T16:12:20.590+0800][info][gc,heap     ] GC(281) Survivor regions: 1->1(20)
[2025-09-23T16:12:20.590+0800][info][gc,heap     ] GC(281) Old regions: 147->147
[2025-09-23T16:12:20.590+0800][info][gc,heap     ] GC(281) Humongous regions: 9->9
[2025-09-23T16:12:20.590+0800][info][gc,metaspace] GC(281) Metaspace: 32526K(33216K)->32526K(33216K) NonClass: 27826K(28224K)->27826K(28224K) Class: 4700K(4992K)->4700K(4992K)
[2025-09-23T16:12:20.590+0800][info][gc          ] GC(281) Pause Young (Concurrent Start) (G1 Evacuation Pause) 5028M->2484M(5360M) 1.396ms
[2025-09-23T16:12:20.590+0800][info][gc,cpu      ] GC(281) User=0.01s Sys=0.00s Real=0.00s
[2025-09-23T16:12:20.590+0800][info][gc          ] GC(282) Concurrent Mark Cycle
[2025-09-23T16:12:20.590+0800][info][gc,marking  ] GC(282) Concurrent Scan Root Regions
[2025-09-23T16:12:20.591+0800][info][gc,marking  ] GC(282) Concurrent Scan Root Regions 0.930ms
[2025-09-23T16:12:20.591+0800][info][gc,marking  ] GC(282) Concurrent Mark
[2025-09-23T16:12:20.591+0800][info][gc,marking  ] GC(282) Concurrent Mark From Roots
[2025-09-23T16:12:20.591+0800][info][gc,task     ] GC(282) Using 2 workers of 2 for marking
[2025-09-23T16:12:21.756+0800][info][gc,marking  ] GC(282) Concurrent Mark From Roots 1164.993ms
[2025-09-23T16:12:21.756+0800][info][gc,marking  ] GC(282) Concurrent Preclean
[2025-09-23T16:12:21.756+0800][info][gc,marking  ] GC(282) Concurrent Preclean 0.086ms
[2025-09-23T16:12:21.756+0800][info][gc,start    ] GC(282) Pause Remark
[2025-09-23T16:12:21.757+0800][info][gc          ] GC(282) Pause Remark 3051M->3051M(5360M) 0.952ms
[2025-09-23T16:12:21.757+0800][info][gc,cpu      ] GC(282) User=0.00s Sys=0.00s Real=0.00s
[2025-09-23T16:12:21.757+0800][info][gc,marking  ] GC(282) Concurrent Mark 1166.242ms
[2025-09-23T16:12:21.757+0800][info][gc,marking  ] GC(282) Concurrent Rebuild Remembered Sets and Scrub Regions
[2025-09-23T16:12:22.012+0800][info][gc,marking  ] GC(282) Concurrent Rebuild Remembered Sets and Scrub Regions 254.854ms
[2025-09-23T16:12:22.012+0800][info][gc,start    ] GC(282) Pause Cleanup
[2025-09-23T16:12:22.012+0800][info][gc          ] GC(282) Pause Cleanup 3108M->3108M(5360M) 0.107ms
[2025-09-23T16:12:22.012+0800][info][gc,cpu      ] GC(282) User=0.00s Sys=0.00s Real=0.00s
[2025-09-23T16:12:22.012+0800][info][gc,marking  ] GC(282) Concurrent Clear Claimed Marks
[2025-09-23T16:12:22.012+0800][info][gc,marking  ] GC(282) Concurrent Clear Claimed Marks 0.065ms
[2025-09-23T16:12:22.012+0800][info][gc,marking  ] GC(282) Concurrent Cleanup for Next Mark
[2025-09-23T16:12:22.017+0800][info][gc,marking  ] GC(282) Concurrent Cleanup for Next Mark 4.275ms
[2025-09-23T16:12:22.017+0800][info][gc          ] GC(282) Concurrent Mark Cycle 1426.687ms
[2025-09-23T16:12:26.684+0800][info][gc,start    ] GC(283) Pause Young (Normal) (G1 Evacuation Pause)
[2025-09-23T16:12:26.684+0800][info][gc,task     ] GC(283) Using 8 workers of 8 for evacuation
[2025-09-23T16:12:26.685+0800][info][gc,phases   ] GC(283)   Pre Evacuate Collection Set: 0.1ms
[2025-09-23T16:12:26.685+0800][info][gc,phases   ] GC(283)   Merge Heap Roots: 0.1ms
[2025-09-23T16:12:26.685+0800][info][gc,phases   ] GC(283)   Evacuate Collection Set: 0.3ms
[2025-09-23T16:12:26.685+0800][info][gc,phases   ] GC(283)   Post Evacuate Collection Set: 0.3ms
[2025-09-23T16:12:26.685+0800][info][gc,phases   ] GC(283)   Other: 0.0ms
[2025-09-23T16:12:26.685+0800][info][gc,heap     ] GC(283) Eden regions: 159->0(159)
[2025-09-23T16:12:26.685+0800][info][gc,heap     ] GC(283) Survivor regions: 1->1(20)
[2025-09-23T16:12:26.685+0800][info][gc,heap     ] GC(283) Old regions: 147->147
[2025-09-23T16:12:26.685+0800][info][gc,heap     ] GC(283) Humongous regions: 9->9
[2025-09-23T16:12:26.685+0800][info][gc,metaspace] GC(283) Metaspace: 32526K(33216K)->32526K(33216K) NonClass: 27826K(28224K)->27826K(28224K) Class: 4700K(4992K)->4700K(4992K)
[2025-09-23T16:12:26.685+0800][info][gc          ] GC(283) Pause Young (Normal) (G1 Evacuation Pause) 5028M->2484M(5360M) 0.956ms
[2025-09-23T16:12:26.685+0800][info][gc,cpu      ] GC(283) User=0.00s Sys=0.00s Real=0.00s
[2025-09-23T16:12:33.789+0800][info][gc,start    ] GC(284) Pause Young (Concurrent Start) (G1 Evacuation Pause)
[2025-09-23T16:12:33.789+0800][info][gc,task     ] GC(284) Using 8 workers of 8 for evacuation
[2025-09-23T16:12:33.790+0800][info][gc,phases   ] GC(284)   Pre Evacuate Collection Set: 0.1ms
[2025-09-23T16:12:33.790+0800][info][gc,phases   ] GC(284)   Merge Heap Roots: 0.1ms
[2025-09-23T16:12:33.790+0800][info][gc,phases   ] GC(284)   Evacuate Collection Set: 0.4ms
[2025-09-23T16:12:33.790+0800][info][gc,phases   ] GC(284)   Post Evacuate Collection Set: 0.3ms
[2025-09-23T16:12:33.790+0800][info][gc,phases   ] GC(284)   Other: 0.1ms
[2025-09-23T16:12:33.790+0800][info][gc,heap     ] GC(284) Eden regions: 159->0(159)
[2025-09-23T16:12:33.790+0800][info][gc,heap     ] GC(284) Survivor regions: 1->1(20)
[2025-09-23T16:12:33.790+0800][info][gc,heap     ] GC(284) Old regions: 147->147
[2025-09-23T16:12:33.790+0800][info][gc,heap     ] GC(284) Humongous regions: 9->9
[2025-09-23T16:12:33.790+0800][info][gc,metaspace] GC(284) Metaspace: 32526K(33216K)->32526K(33216K) NonClass: 27826K(28224K)->27826K(28224K) Class: 4700K(4992K)->4700K(4992K)
[2025-09-23T16:12:33.790+0800][info][gc          ] GC(284) Pause Young (Concurrent Start) (G1 Evacuation Pause) 5028M->2484M(5360M) 1.078ms
[2025-09-23T16:12:33.790+0800][info][gc,cpu      ] GC(284) User=0.00s Sys=0.00s Real=0.00s
[2025-09-23T16:12:33.790+0800][info][gc          ] GC(285) Concurrent Mark Cycle
[2025-09-23T16:12:33.790+0800][info][gc,marking  ] GC(285) Concurrent Scan Root Regions
[2025-09-23T16:12:33.791+0800][info][gc,marking  ] GC(285) Concurrent Scan Root Regions 0.467ms
[2025-09-23T16:12:33.791+0800][info][gc,marking  ] GC(285) Concurrent Mark
[2025-09-23T16:12:33.791+0800][info][gc,marking  ] GC(285) Concurrent Mark From Roots
[2025-09-23T16:12:33.791+0800][info][gc,task     ] GC(285) Using 2 workers of 2 for marking
[2025-09-23T16:12:34.986+0800][info][gc,marking  ] GC(285) Concurrent Mark From Roots 1195.551ms
[2025-09-23T16:12:34.986+0800][info][gc,marking  ] GC(285) Concurrent Preclean
[2025-09-23T16:12:34.987+0800][info][gc,marking  ] GC(285) Concurrent Preclean 0.096ms
[2025-09-23T16:12:34.987+0800][info][gc,start    ] GC(285) Pause Remark
[2025-09-23T16:12:34.989+0800][info][gc          ] GC(285) Pause Remark 3089M->3089M(5360M) 2.716ms
[2025-09-23T16:12:34.989+0800][info][gc,cpu      ] GC(285) User=0.02s Sys=0.00s Real=0.00s
[2025-09-23T16:12:34.989+0800][info][gc,marking  ] GC(285) Concurrent Mark 1198.596ms
[2025-09-23T16:12:34.989+0800][info][gc,marking  ] GC(285) Concurrent Rebuild Remembered Sets and Scrub Regions
[2025-09-23T16:12:35.283+0800][info][gc,marking  ] GC(285) Concurrent Rebuild Remembered Sets and Scrub Regions 293.911ms
[2025-09-23T16:12:35.284+0800][info][gc,start    ] GC(285) Pause Cleanup
[2025-09-23T16:12:35.284+0800][info][gc          ] GC(285) Pause Cleanup 3236M->3236M(5360M) 0.097ms
[2025-09-23T16:12:35.284+0800][info][gc,cpu      ] GC(285) User=0.00s Sys=0.00s Real=0.00s
[2025-09-23T16:12:35.284+0800][info][gc,marking  ] GC(285) Concurrent Clear Claimed Marks
[2025-09-23T16:12:35.284+0800][info][gc,marking  ] GC(285) Concurrent Clear Claimed Marks 0.060ms
[2025-09-23T16:12:35.284+0800][info][gc,marking  ] GC(285) Concurrent Cleanup for Next Mark
[2025-09-23T16:12:35.288+0800][info][gc,marking  ] GC(285) Concurrent Cleanup for Next Mark 4.174ms
[2025-09-23T16:12:35.288+0800][info][gc          ] GC(285) Concurrent Mark Cycle 1497.610ms
[2025-09-23T16:12:39.944+0800][info][gc,start    ] GC(286) Pause Young (Normal) (G1 Evacuation Pause)
[2025-09-23T16:12:39.944+0800][info][gc,task     ] GC(286) Using 8 workers of 8 for evacuation
[2025-09-23T16:12:39.945+0800][info][gc,phases   ] GC(286)   Pre Evacuate Collection Set: 0.1ms
[2025-09-23T16:12:39.945+0800][info][gc,phases   ] GC(286)   Merge Heap Roots: 0.1ms
[2025-09-23T16:12:39.945+0800][info][gc,phases   ] GC(286)   Evacuate Collection Set: 0.3ms
[2025-09-23T16:12:39.945+0800][info][gc,phases   ] GC(286)   Post Evacuate Collection Set: 0.3ms
[2025-09-23T16:12:39.945+0800][info][gc,phases   ] GC(286)   Other: 0.0ms
[2025-09-23T16:12:39.945+0800][info][gc,heap     ] GC(286) Eden regions: 159->0(159)
[2025-09-23T16:12:39.945+0800][info][gc,heap     ] GC(286) Survivor regions: 1->1(20)
[2025-09-23T16:12:39.945+0800][info][gc,heap     ] GC(286) Old regions: 147->147
[2025-09-23T16:12:39.945+0800][info][gc,heap     ] GC(286) Humongous regions: 9->9
[2025-09-23T16:12:39.945+0800][info][gc,metaspace] GC(286) Metaspace: 32389K(33216K)->32389K(33216K) NonClass: 27728K(28224K)->27728K(28224K) Class: 4660K(4992K)->4660K(4992K)
[2025-09-23T16:12:39.945+0800][info][gc          ] GC(286) Pause Young (Normal) (G1 Evacuation Pause) 5028M->2484M(5360M) 0.904ms
[2025-09-23T16:12:39.945+0800][info][gc,cpu      ] GC(286) User=0.00s Sys=0.00s Real=0.00s
[2025-09-23T16:12:46.064+0800][info][gc,start    ] GC(287) Pause Young (Concurrent Start) (G1 Evacuation Pause)
[2025-09-23T16:12:46.064+0800][info][gc,task     ] GC(287) Using 8 workers of 8 for evacuation
[2025-09-23T16:12:46.065+0800][info][gc,phases   ] GC(287)   Pre Evacuate Collection Set: 0.1ms
[2025-09-23T16:12:46.065+0800][info][gc,phases   ] GC(287)   Merge Heap Roots: 0.1ms
[2025-09-23T16:12:46.065+0800][info][gc,phases   ] GC(287)   Evacuate Collection Set: 0.4ms
[2025-09-23T16:12:46.065+0800][info][gc,phases   ] GC(287)   Post Evacuate Collection Set: 0.3ms
[2025-09-23T16:12:46.065+0800][info][gc,phases   ] GC(287)   Other: 0.0ms
[2025-09-23T16:12:46.065+0800][info][gc,heap     ] GC(287) Eden regions: 159->0(159)
[2025-09-23T16:12:46.065+0800][info][gc,heap     ] GC(287) Survivor regions: 1->1(20)
[2025-09-23T16:12:46.065+0800][info][gc,heap     ] GC(287) Old regions: 147->147
[2025-09-23T16:12:46.065+0800][info][gc,heap     ] GC(287) Humongous regions: 9->9
[2025-09-23T16:12:46.065+0800][info][gc,metaspace] GC(287) Metaspace: 32389K(33216K)->32389K(33216K) NonClass: 27728K(28224K)->27728K(28224K) Class: 4660K(4992K)->4660K(4992K)
[2025-09-23T16:12:46.065+0800][info][gc          ] GC(287) Pause Young (Concurrent Start) (G1 Evacuation Pause) 5028M->2484M(5360M) 1.059ms
[2025-09-23T16:12:46.065+0800][info][gc,cpu      ] GC(287) User=0.01s Sys=0.00s Real=0.00s
[2025-09-23T16:12:46.065+0800][info][gc          ] GC(288) Concurrent Mark Cycle
[2025-09-23T16:12:46.065+0800][info][gc,marking  ] GC(288) Concurrent Scan Root Regions
[2025-09-23T16:12:46.066+0800][info][gc,marking  ] GC(288) Concurrent Scan Root Regions 0.658ms
[2025-09-23T16:12:46.066+0800][info][gc,marking  ] GC(288) Concurrent Mark
[2025-09-23T16:12:46.066+0800][info][gc,marking  ] GC(288) Concurrent Mark From Roots
[2025-09-23T16:12:46.066+0800][info][gc,task     ] GC(288) Using 2 workers of 2 for marking
[2025-09-23T16:12:47.026+0800][info][gc,marking  ] GC(288) Concurrent Mark From Roots 959.852ms
[2025-09-23T16:12:47.026+0800][info][gc,marking  ] GC(288) Concurrent Preclean
[2025-09-23T16:12:47.026+0800][info][gc,marking  ] GC(288) Concurrent Preclean 0.090ms
[2025-09-23T16:12:47.026+0800][info][gc,start    ] GC(288) Pause Remark
[2025-09-23T16:12:47.027+0800][info][gc          ] GC(288) Pause Remark 2753M->2753M(5360M) 0.961ms
[2025-09-23T16:12:47.027+0800][info][gc,cpu      ] GC(288) User=0.00s Sys=0.00s Real=0.00s
[2025-09-23T16:12:47.027+0800][info][gc,marking  ] GC(288) Concurrent Mark 961.098ms
[2025-09-23T16:12:47.027+0800][info][gc,marking  ] GC(288) Concurrent Rebuild Remembered Sets and Scrub Regions
[2025-09-23T16:12:47.282+0800][info][gc,marking  ] GC(288) Concurrent Rebuild Remembered Sets and Scrub Regions 255.212ms
[2025-09-23T16:12:47.283+0800][info][gc,start    ] GC(288) Pause Cleanup
[2025-09-23T16:12:47.283+0800][info][gc          ] GC(288) Pause Cleanup 2820M->2820M(5360M) 0.091ms
[2025-09-23T16:12:47.283+0800][info][gc,cpu      ] GC(288) User=0.00s Sys=0.00s Real=0.00s
[2025-09-23T16:12:47.283+0800][info][gc,marking  ] GC(288) Concurrent Clear Claimed Marks
[2025-09-23T16:12:47.283+0800][info][gc,marking  ] GC(288) Concurrent Clear Claimed Marks 0.053ms
[2025-09-23T16:12:47.283+0800][info][gc,marking  ] GC(288) Concurrent Cleanup for Next Mark
[2025-09-23T16:12:47.287+0800][info][gc,marking  ] GC(288) Concurrent Cleanup for Next Mark 4.310ms
[2025-09-23T16:12:47.287+0800][info][gc          ] GC(288) Concurrent Mark Cycle 1221.750ms
[2025-09-23T16:12:53.045+0800][info][gc,start    ] GC(289) Pause Young (Normal) (G1 Evacuation Pause)
[2025-09-23T16:12:53.045+0800][info][gc,task     ] GC(289) Using 8 workers of 8 for evacuation
[2025-09-23T16:12:53.045+0800][info][gc,phases   ] GC(289)   Pre Evacuate Collection Set: 0.1ms
[2025-09-23T16:12:53.045+0800][info][gc,phases   ] GC(289)   Merge Heap Roots: 0.1ms
[2025-09-23T16:12:53.045+0800][info][gc,phases   ] GC(289)   Evacuate Collection Set: 0.3ms
[2025-09-23T16:12:53.045+0800][info][gc,phases   ] GC(289)   Post Evacuate Collection Set: 0.3ms
[2025-09-23T16:12:53.045+0800][info][gc,phases   ] GC(289)   Other: 0.0ms
[2025-09-23T16:12:53.045+0800][info][gc,heap     ] GC(289) Eden regions: 159->0(159)
[2025-09-23T16:12:53.045+0800][info][gc,heap     ] GC(289) Survivor regions: 1->1(20)
[2025-09-23T16:12:53.045+0800][info][gc,heap     ] GC(289) Old regions: 147->147
[2025-09-23T16:12:53.045+0800][info][gc,heap     ] GC(289) Humongous regions: 9->9
[2025-09-23T16:12:53.045+0800][info][gc,metaspace] GC(289) Metaspace: 32389K(33216K)->32389K(33216K) NonClass: 27728K(28224K)->27728K(28224K) Class: 4660K(4992K)->4660K(4992K)
[2025-09-23T16:12:53.045+0800][info][gc          ] GC(289) Pause Young (Normal) (G1 Evacuation Pause) 5028M->2484M(5360M) 0.908ms
[2025-09-23T16:12:53.045+0800][info][gc,cpu      ] GC(289) User=0.00s Sys=0.00s Real=0.00s
[2025-09-23T16:12:59.777+0800][info][gc,start    ] GC(290) Pause Young (Concurrent Start) (G1 Evacuation Pause)
[2025-09-23T16:12:59.777+0800][info][gc,task     ] GC(290) Using 8 workers of 8 for evacuation
[2025-09-23T16:12:59.778+0800][info][gc,phases   ] GC(290)   Pre Evacuate Collection Set: 0.1ms
[2025-09-23T16:12:59.778+0800][info][gc,phases   ] GC(290)   Merge Heap Roots: 0.1ms
[2025-09-23T16:12:59.778+0800][info][gc,phases   ] GC(290)   Evacuate Collection Set: 0.4ms
[2025-09-23T16:12:59.778+0800][info][gc,phases   ] GC(290)   Post Evacuate Collection Set: 0.3ms
[2025-09-23T16:12:59.778+0800][info][gc,phases   ] GC(290)   Other: 0.0ms
[2025-09-23T16:12:59.778+0800][info][gc,heap     ] GC(290) Eden regions: 159->0(159)
[2025-09-23T16:12:59.778+0800][info][gc,heap     ] GC(290) Survivor regions: 1->1(20)
[2025-09-23T16:12:59.778+0800][info][gc,heap     ] GC(290) Old regions: 147->147
[2025-09-23T16:12:59.778+0800][info][gc,heap     ] GC(290) Humongous regions: 9->9
[2025-09-23T16:12:59.778+0800][info][gc,metaspace] GC(290) Metaspace: 32389K(33216K)->32389K(33216K) NonClass: 27728K(28224K)->27728K(28224K) Class: 4660K(4992K)->4660K(4992K)
[2025-09-23T16:12:59.778+0800][info][gc          ] GC(290) Pause Young (Concurrent Start) (G1 Evacuation Pause) 5028M->2484M(5360M) 1.003ms
[2025-09-23T16:12:59.778+0800][info][gc,cpu      ] GC(290) User=0.00s Sys=0.00s Real=0.00s
[2025-09-23T16:12:59.778+0800][info][gc          ] GC(291) Concurrent Mark Cycle
[2025-09-23T16:12:59.778+0800][info][gc,marking  ] GC(291) Concurrent Scan Root Regions
[2025-09-23T16:12:59.778+0800][info][gc,marking  ] GC(291) Concurrent Scan Root Regions 0.599ms
[2025-09-23T16:12:59.778+0800][info][gc,marking  ] GC(291) Concurrent Mark
[2025-09-23T16:12:59.778+0800][info][gc,marking  ] GC(291) Concurrent Mark From Roots
[2025-09-23T16:12:59.778+0800][info][gc,task     ] GC(291) Using 2 workers of 2 for marking
[2025-09-23T16:13:00.797+0800][info][gc,marking  ] GC(291) Concurrent Mark From Roots 1018.528ms
[2025-09-23T16:13:00.797+0800][info][gc,marking  ] GC(291) Concurrent Preclean
[2025-09-23T16:13:00.797+0800][info][gc,marking  ] GC(291) Concurrent Preclean 0.110ms
[2025-09-23T16:13:00.797+0800][info][gc,start    ] GC(291) Pause Remark
[2025-09-23T16:13:00.798+0800][info][gc          ] GC(291) Pause Remark 2852M->2852M(5360M) 0.905ms
[2025-09-23T16:13:00.798+0800][info][gc,cpu      ] GC(291) User=0.00s Sys=0.00s Real=0.00s
[2025-09-23T16:13:00.798+0800][info][gc,marking  ] GC(291) Concurrent Mark 1019.775ms
[2025-09-23T16:13:00.798+0800][info][gc,marking  ] GC(291) Concurrent Rebuild Remembered Sets and Scrub Regions
[2025-09-23T16:13:01.089+0800][info][gc,marking  ] GC(291) Concurrent Rebuild Remembered Sets and Scrub Regions 290.858ms
[2025-09-23T16:13:01.089+0800][info][gc,start    ] GC(291) Pause Cleanup
[2025-09-23T16:13:01.089+0800][info][gc          ] GC(291) Pause Cleanup 2996M->2996M(5360M) 0.083ms
[2025-09-23T16:13:01.089+0800][info][gc,cpu      ] GC(291) User=0.00s Sys=0.00s Real=0.00s
[2025-09-23T16:13:01.089+0800][info][gc,marking  ] GC(291) Concurrent Clear Claimed Marks
[2025-09-23T16:13:01.089+0800][info][gc,marking  ] GC(291) Concurrent Clear Claimed Marks 0.065ms
[2025-09-23T16:13:01.089+0800][info][gc,marking  ] GC(291) Concurrent Cleanup for Next Mark
[2025-09-23T16:13:01.095+0800][info][gc,marking  ] GC(291) Concurrent Cleanup for Next Mark 5.281ms
[2025-09-23T16:13:01.095+0800][info][gc          ] GC(291) Concurrent Mark Cycle 1316.946ms
[2025-09-23T16:13:06.334+0800][info][gc,start    ] GC(292) Pause Young (Normal) (G1 Evacuation Pause)
[2025-09-23T16:13:06.334+0800][info][gc,task     ] GC(292) Using 8 workers of 8 for evacuation
[2025-09-23T16:13:06.335+0800][info][gc,phases   ] GC(292)   Pre Evacuate Collection Set: 0.1ms
[2025-09-23T16:13:06.335+0800][info][gc,phases   ] GC(292)   Merge Heap Roots: 0.1ms
[2025-09-23T16:13:06.335+0800][info][gc,phases   ] GC(292)   Evacuate Collection Set: 0.3ms
[2025-09-23T16:13:06.335+0800][info][gc,phases   ] GC(292)   Post Evacuate Collection Set: 0.3ms
[2025-09-23T16:13:06.335+0800][info][gc,phases   ] GC(292)   Other: 0.0ms
[2025-09-23T16:13:06.335+0800][info][gc,heap     ] GC(292) Eden regions: 159->0(159)
[2025-09-23T16:13:06.335+0800][info][gc,heap     ] GC(292) Survivor regions: 1->1(20)
[2025-09-23T16:13:06.335+0800][info][gc,heap     ] GC(292) Old regions: 147->147
[2025-09-23T16:13:06.335+0800][info][gc,heap     ] GC(292) Humongous regions: 9->9
[2025-09-23T16:13:06.335+0800][info][gc,metaspace] GC(292) Metaspace: 32389K(33216K)->32389K(33216K) NonClass: 27728K(28224K)->27728K(28224K) Class: 4660K(4992K)->4660K(4992K)
[2025-09-23T16:13:06.335+0800][info][gc          ] GC(292) Pause Young (Normal) (G1 Evacuation Pause) 5028M->2484M(5360M) 0.885ms
[2025-09-23T16:13:06.335+0800][info][gc,cpu      ] GC(292) User=0.00s Sys=0.00s Real=0.00s
[2025-09-23T16:13:12.623+0800][info][gc,start    ] GC(293) Pause Young (Concurrent Start) (G1 Evacuation Pause)
[2025-09-23T16:13:12.623+0800][info][gc,task     ] GC(293) Using 8 workers of 8 for evacuation
[2025-09-23T16:13:12.624+0800][info][gc,phases   ] GC(293)   Pre Evacuate Collection Set: 0.1ms
[2025-09-23T16:13:12.624+0800][info][gc,phases   ] GC(293)   Merge Heap Roots: 0.1ms
[2025-09-23T16:13:12.624+0800][info][gc,phases   ] GC(293)   Evacuate Collection Set: 0.4ms
[2025-09-23T16:13:12.624+0800][info][gc,phases   ] GC(293)   Post Evacuate Collection Set: 0.3ms
[2025-09-23T16:13:12.624+0800][info][gc,phases   ] GC(293)   Other: 0.1ms
[2025-09-23T16:13:12.624+0800][info][gc,heap     ] GC(293) Eden regions: 159->0(159)
[2025-09-23T16:13:12.624+0800][info][gc,heap     ] GC(293) Survivor regions: 1->1(20)
[2025-09-23T16:13:12.624+0800][info][gc,heap     ] GC(293) Old regions: 147->147
[2025-09-23T16:13:12.624+0800][info][gc,heap     ] GC(293) Humongous regions: 9->9
[2025-09-23T16:13:12.624+0800][info][gc,metaspace] GC(293) Metaspace: 32389K(33216K)->32389K(33216K) NonClass: 27728K(28224K)->27728K(28224K) Class: 4660K(4992K)->4660K(4992K)
[2025-09-23T16:13:12.624+0800][info][gc          ] GC(293) Pause Young (Concurrent Start) (G1 Evacuation Pause) 5028M->2484M(5360M) 1.071ms
[2025-09-23T16:13:12.624+0800][info][gc,cpu      ] GC(293) User=0.00s Sys=0.00s Real=0.00s
[2025-09-23T16:13:12.624+0800][info][gc          ] GC(294) Concurrent Mark Cycle
[2025-09-23T16:13:12.624+0800][info][gc,marking  ] GC(294) Concurrent Scan Root Regions
[2025-09-23T16:13:12.625+0800][info][gc,marking  ] GC(294) Concurrent Scan Root Regions 0.431ms
[2025-09-23T16:13:12.625+0800][info][gc,marking  ] GC(294) Concurrent Mark
[2025-09-23T16:13:12.625+0800][info][gc,marking  ] GC(294) Concurrent Mark From Roots
[2025-09-23T16:13:12.625+0800][info][gc,task     ] GC(294) Using 2 workers of 2 for marking
[2025-09-23T16:13:13.552+0800][info][gc,marking  ] GC(294) Concurrent Mark From Roots 926.700ms
[2025-09-23T16:13:13.552+0800][info][gc,marking  ] GC(294) Concurrent Preclean
[2025-09-23T16:13:13.552+0800][info][gc,marking  ] GC(294) Concurrent Preclean 0.087ms
[2025-09-23T16:13:13.552+0800][info][gc,start    ] GC(294) Pause Remark
[2025-09-23T16:13:13.553+0800][info][gc          ] GC(294) Pause Remark 2724M->2724M(5360M) 0.949ms
[2025-09-23T16:13:13.553+0800][info][gc,cpu      ] GC(294) User=0.00s Sys=0.00s Real=0.00s
[2025-09-23T16:13:13.553+0800][info][gc,marking  ] GC(294) Concurrent Mark 927.935ms
[2025-09-23T16:13:13.553+0800][info][gc,marking  ] GC(294) Concurrent Rebuild Remembered Sets and Scrub Regions
[2025-09-23T16:13:13.806+0800][info][gc,marking  ] GC(294) Concurrent Rebuild Remembered Sets and Scrub Regions 253.186ms
[2025-09-23T16:13:13.806+0800][info][gc,start    ] GC(294) Pause Cleanup
[2025-09-23T16:13:13.806+0800][info][gc          ] GC(294) Pause Cleanup 2788M->2788M(5360M) 0.096ms
[2025-09-23T16:13:13.806+0800][info][gc,cpu      ] GC(294) User=0.00s Sys=0.00s Real=0.00s
[2025-09-23T16:13:13.806+0800][info][gc,marking  ] GC(294) Concurrent Clear Claimed Marks
[2025-09-23T16:13:13.806+0800][info][gc,marking  ] GC(294) Concurrent Clear Claimed Marks 0.047ms
[2025-09-23T16:13:13.806+0800][info][gc,marking  ] GC(294) Concurrent Cleanup for Next Mark
[2025-09-23T16:13:13.810+0800][info][gc,marking  ] GC(294) Concurrent Cleanup for Next Mark 3.828ms
[2025-09-23T16:13:13.810+0800][info][gc          ] GC(294) Concurrent Mark Cycle 1185.792ms
[2025-09-23T16:13:18.827+0800][info][gc,start    ] GC(295) Pause Young (Normal) (G1 Evacuation Pause)
[2025-09-23T16:13:18.827+0800][info][gc,task     ] GC(295) Using 8 workers of 8 for evacuation
[2025-09-23T16:13:18.828+0800][info][gc,phases   ] GC(295)   Pre Evacuate Collection Set: 0.1ms
[2025-09-23T16:13:18.828+0800][info][gc,phases   ] GC(295)   Merge Heap Roots: 0.1ms
[2025-09-23T16:13:18.828+0800][info][gc,phases   ] GC(295)   Evacuate Collection Set: 0.3ms
[2025-09-23T16:13:18.828+0800][info][gc,phases   ] GC(295)   Post Evacuate Collection Set: 0.3ms
[2025-09-23T16:13:18.828+0800][info][gc,phases   ] GC(295)   Other: 0.1ms
[2025-09-23T16:13:18.828+0800][info][gc,heap     ] GC(295) Eden regions: 159->0(159)
[2025-09-23T16:13:18.828+0800][info][gc,heap     ] GC(295) Survivor regions: 1->1(20)
[2025-09-23T16:13:18.828+0800][info][gc,heap     ] GC(295) Old regions: 147->147
[2025-09-23T16:13:18.828+0800][info][gc,heap     ] GC(295) Humongous regions: 9->9
[2025-09-23T16:13:18.828+0800][info][gc,metaspace] GC(295) Metaspace: 32389K(33216K)->32389K(33216K) NonClass: 27728K(28224K)->27728K(28224K) Class: 4660K(4992K)->4660K(4992K)
[2025-09-23T16:13:18.828+0800][info][gc          ] GC(295) Pause Young (Normal) (G1 Evacuation Pause) 5028M->2484M(5360M) 0.928ms
[2025-09-23T16:13:18.828+0800][info][gc,cpu      ] GC(295) User=0.00s Sys=0.01s Real=0.00s
[2025-09-23T16:13:24.749+0800][info][gc,start    ] GC(296) Pause Young (Concurrent Start) (G1 Evacuation Pause)
[2025-09-23T16:13:24.749+0800][info][gc,task     ] GC(296) Using 8 workers of 8 for evacuation
[2025-09-23T16:13:24.750+0800][info][gc,phases   ] GC(296)   Pre Evacuate Collection Set: 0.1ms
[2025-09-23T16:13:24.750+0800][info][gc,phases   ] GC(296)   Merge Heap Roots: 0.1ms
[2025-09-23T16:13:24.750+0800][info][gc,phases   ] GC(296)   Evacuate Collection Set: 0.4ms
[2025-09-23T16:13:24.750+0800][info][gc,phases   ] GC(296)   Post Evacuate Collection Set: 0.3ms
[2025-09-23T16:13:24.750+0800][info][gc,phases   ] GC(296)   Other: 0.0ms
[2025-09-23T16:13:24.750+0800][info][gc,heap     ] GC(296) Eden regions: 159->0(159)
[2025-09-23T16:13:24.750+0800][info][gc,heap     ] GC(296) Survivor regions: 1->1(20)
[2025-09-23T16:13:24.750+0800][info][gc,heap     ] GC(296) Old regions: 147->147
[2025-09-23T16:13:24.750+0800][info][gc,heap     ] GC(296) Humongous regions: 9->9
[2025-09-23T16:13:24.750+0800][info][gc,metaspace] GC(296) Metaspace: 32389K(33216K)->32389K(33216K) NonClass: 27728K(28224K)->27728K(28224K) Class: 4660K(4992K)->4660K(4992K)
[2025-09-23T16:13:24.750+0800][info][gc          ] GC(296) Pause Young (Concurrent Start) (G1 Evacuation Pause) 5028M->2484M(5360M) 1.081ms
[2025-09-23T16:13:24.750+0800][info][gc,cpu      ] GC(296) User=0.01s Sys=0.00s Real=0.00s
[2025-09-23T16:13:24.750+0800][info][gc          ] GC(297) Concurrent Mark Cycle
[2025-09-23T16:13:24.750+0800][info][gc,marking  ] GC(297) Concurrent Scan Root Regions
[2025-09-23T16:13:24.751+0800][info][gc,marking  ] GC(297) Concurrent Scan Root Regions 0.703ms
[2025-09-23T16:13:24.751+0800][info][gc,marking  ] GC(297) Concurrent Mark
[2025-09-23T16:13:24.751+0800][info][gc,marking  ] GC(297) Concurrent Mark From Roots
[2025-09-23T16:13:24.751+0800][info][gc,task     ] GC(297) Using 2 workers of 2 for marking
[2025-09-23T16:13:25.740+0800][info][gc,marking  ] GC(297) Concurrent Mark From Roots 989.099ms
[2025-09-23T16:13:25.740+0800][info][gc,marking  ] GC(297) Concurrent Preclean
[2025-09-23T16:13:25.740+0800][info][gc,marking  ] GC(297) Concurrent Preclean 0.088ms
[2025-09-23T16:13:25.740+0800][info][gc,start    ] GC(297) Pause Remark
[2025-09-23T16:13:25.741+0800][info][gc          ] GC(297) Pause Remark 2794M->2794M(5360M) 0.951ms
[2025-09-23T16:13:25.741+0800][info][gc,cpu      ] GC(297) User=0.01s Sys=0.00s Real=0.00s
[2025-09-23T16:13:25.741+0800][info][gc,marking  ] GC(297) Concurrent Mark 990.271ms
[2025-09-23T16:13:25.741+0800][info][gc,marking  ] GC(297) Concurrent Rebuild Remembered Sets and Scrub Regions
[2025-09-23T16:13:25.997+0800][info][gc,marking  ] GC(297) Concurrent Rebuild Remembered Sets and Scrub Regions 255.226ms
[2025-09-23T16:13:25.997+0800][info][gc,start    ] GC(297) Pause Cleanup
[2025-09-23T16:13:25.997+0800][info][gc          ] GC(297) Pause Cleanup 2868M->2868M(5360M) 0.097ms
[2025-09-23T16:13:25.997+0800][info][gc,cpu      ] GC(297) User=0.00s Sys=0.00s Real=0.00s
[2025-09-23T16:13:25.997+0800][info][gc,marking  ] GC(297) Concurrent Clear Claimed Marks
[2025-09-23T16:13:25.997+0800][info][gc,marking  ] GC(297) Concurrent Clear Claimed Marks 0.050ms
[2025-09-23T16:13:25.997+0800][info][gc,marking  ] GC(297) Concurrent Cleanup for Next Mark
[2025-09-23T16:13:26.001+0800][info][gc,marking  ] GC(297) Concurrent Cleanup for Next Mark 4.014ms
[2025-09-23T16:13:26.001+0800][info][gc          ] GC(297) Concurrent Mark Cycle 1250.692ms
[2025-09-23T16:13:31.831+0800][info][gc,start    ] GC(298) Pause Young (Normal) (G1 Evacuation Pause)
[2025-09-23T16:13:31.831+0800][info][gc,task     ] GC(298) Using 8 workers of 8 for evacuation
[2025-09-23T16:13:31.832+0800][info][gc,phases   ] GC(298)   Pre Evacuate Collection Set: 0.1ms
[2025-09-23T16:13:31.832+0800][info][gc,phases   ] GC(298)   Merge Heap Roots: 0.1ms
[2025-09-23T16:13:31.832+0800][info][gc,phases   ] GC(298)   Evacuate Collection Set: 0.3ms
[2025-09-23T16:13:31.832+0800][info][gc,phases   ] GC(298)   Post Evacuate Collection Set: 0.3ms
[2025-09-23T16:13:31.832+0800][info][gc,phases   ] GC(298)   Other: 0.0ms
[2025-09-23T16:13:31.832+0800][info][gc,heap     ] GC(298) Eden regions: 159->0(159)
[2025-09-23T16:13:31.832+0800][info][gc,heap     ] GC(298) Survivor regions: 1->1(20)
[2025-09-23T16:13:31.832+0800][info][gc,heap     ] GC(298) Old regions: 147->147
[2025-09-23T16:13:31.832+0800][info][gc,heap     ] GC(298) Humongous regions: 9->9
[2025-09-23T16:13:31.832+0800][info][gc,metaspace] GC(298) Metaspace: 32389K(33216K)->32389K(33216K) NonClass: 27728K(28224K)->27728K(28224K) Class: 4660K(4992K)->4660K(4992K)
[2025-09-23T16:13:31.832+0800][info][gc          ] GC(298) Pause Young (Normal) (G1 Evacuation Pause) 5028M->2484M(5360M) 0.898ms
[2025-09-23T16:13:31.832+0800][info][gc,cpu      ] GC(298) User=0.00s Sys=0.00s Real=0.00s
[2025-09-23T16:18:22.163+0800][info][gc,start    ] GC(299) Pause Young (Concurrent Start) (G1 Evacuation Pause)
[2025-09-23T16:18:22.163+0800][info][gc,task     ] GC(299) Using 8 workers of 8 for evacuation
[2025-09-23T16:18:22.164+0800][info][gc,phases   ] GC(299)   Pre Evacuate Collection Set: 0.1ms
[2025-09-23T16:18:22.164+0800][info][gc,phases   ] GC(299)   Merge Heap Roots: 0.1ms
[2025-09-23T16:18:22.164+0800][info][gc,phases   ] GC(299)   Evacuate Collection Set: 0.4ms
[2025-09-23T16:18:22.164+0800][info][gc,phases   ] GC(299)   Post Evacuate Collection Set: 0.3ms
[2025-09-23T16:18:22.164+0800][info][gc,phases   ] GC(299)   Other: 0.0ms
[2025-09-23T16:18:22.164+0800][info][gc,heap     ] GC(299) Eden regions: 159->0(159)
[2025-09-23T16:18:22.164+0800][info][gc,heap     ] GC(299) Survivor regions: 1->1(20)
[2025-09-23T16:18:22.164+0800][info][gc,heap     ] GC(299) Old regions: 147->147
[2025-09-23T16:18:22.164+0800][info][gc,heap     ] GC(299) Humongous regions: 9->9
[2025-09-23T16:18:22.164+0800][info][gc,metaspace] GC(299) Metaspace: 32389K(33216K)->32389K(33216K) NonClass: 27728K(28224K)->27728K(28224K) Class: 4660K(4992K)->4660K(4992K)
[2025-09-23T16:18:22.164+0800][info][gc          ] GC(299) Pause Young (Concurrent Start) (G1 Evacuation Pause) 5028M->2484M(5360M) 1.083ms
[2025-09-23T16:18:22.164+0800][info][gc,cpu      ] GC(299) User=0.00s Sys=0.00s Real=0.00s
[2025-09-23T16:18:22.164+0800][info][gc          ] GC(300) Concurrent Mark Cycle
[2025-09-23T16:18:22.164+0800][info][gc,marking  ] GC(300) Concurrent Scan Root Regions
[2025-09-23T16:18:22.165+0800][info][gc,marking  ] GC(300) Concurrent Scan Root Regions 0.688ms
[2025-09-23T16:18:22.165+0800][info][gc,marking  ] GC(300) Concurrent Mark
[2025-09-23T16:18:22.165+0800][info][gc,marking  ] GC(300) Concurrent Mark From Roots
[2025-09-23T16:18:22.165+0800][info][gc,task     ] GC(300) Using 2 workers of 2 for marking
[2025-09-23T16:18:23.241+0800][info][gc,marking  ] GC(300) Concurrent Mark From Roots 1075.730ms
[2025-09-23T16:18:23.241+0800][info][gc,marking  ] GC(300) Concurrent Preclean
[2025-09-23T16:18:23.241+0800][info][gc,marking  ] GC(300) Concurrent Preclean 0.124ms
[2025-09-23T16:18:23.241+0800][info][gc,start    ] GC(300) Pause Remark
[2025-09-23T16:18:23.242+0800][info][gc          ] GC(300) Pause Remark 2916M->2916M(5360M) 0.930ms
[2025-09-23T16:18:23.242+0800][info][gc,cpu      ] GC(300) User=0.01s Sys=0.00s Real=0.00s
[2025-09-23T16:18:23.242+0800][info][gc,marking  ] GC(300) Concurrent Mark 1077.018ms
[2025-09-23T16:18:23.242+0800][info][gc,marking  ] GC(300) Concurrent Rebuild Remembered Sets and Scrub Regions
[2025-09-23T16:18:23.523+0800][info][gc,marking  ] GC(300) Concurrent Rebuild Remembered Sets and Scrub Regions 281.311ms
[2025-09-23T16:18:23.523+0800][info][gc,start    ] GC(300) Pause Cleanup
[2025-09-23T16:18:23.523+0800][info][gc          ] GC(300) Pause Cleanup 3025M->3025M(5360M) 0.095ms
[2025-09-23T16:18:23.523+0800][info][gc,cpu      ] GC(300) User=0.00s Sys=0.00s Real=0.00s
[2025-09-23T16:18:23.523+0800][info][gc,marking  ] GC(300) Concurrent Clear Claimed Marks
[2025-09-23T16:18:23.523+0800][info][gc,marking  ] GC(300) Concurrent Clear Claimed Marks 0.061ms
[2025-09-23T16:18:23.523+0800][info][gc,marking  ] GC(300) Concurrent Cleanup for Next Mark
[2025-09-23T16:18:23.530+0800][info][gc,marking  ] GC(300) Concurrent Cleanup for Next Mark 6.715ms
[2025-09-23T16:18:23.530+0800][info][gc          ] GC(300) Concurrent Mark Cycle 1366.173ms
[2025-09-23T16:27:41.873+0800][info][gc,heap,exit] Heap
[2025-09-23T16:27:41.873+0800][info][gc,heap,exit]  garbage-first heap   total 5488640K, used 5073295K [0x0000000200000000, 0x0000000800000000)
[2025-09-23T16:27:41.873+0800][info][gc,heap,exit]   region size 16384K, 156 young (2555904K), 1 survivors (16384K)
[2025-09-23T16:27:41.873+0800][info][gc,heap,exit]  Metaspace       used 32493K, committed 33280K, reserved 1114112K
[2025-09-23T16:27:41.873+0800][info][gc,heap,exit]   class space    used 4688K, committed 4992K, reserved 1048576K
